date,match_id,round_name,team_id,team_name,local_visitante,goles_favor,goles_contra,corners_favor,corners_contra,tarjetas_favor,tarjetas_contra,tiros_favor,tiros_contra,tiros_arco_favor,tiros_arco_contra,tiros_desviados_favor,tiros_desviados_contra,big_chances_favor,big_chances_contra,big_chances_falladas_favor,big_chances_falladas_contra,toques_area_favor,toques_area_contra,faltas_favor,faltas_contra,pases_favor,pases_contra,pases_precisos_favor,pases_precisos_contra,tackles_favor,tackles_contra,intercepciones_favor,intercepciones_contra,recuperaciones_favor,recuperaciones_contra
2026-01-22,m_0MqdAY,1,t_2rD0OF,Aldosivi,LOCAL,0,0,4,4,0.0,4.0,10,9,2,3,5,5,1.0,0.0,1.0,0.0,16,17,6,18,301,244,211,167,17,19,12,5,38,43
2026-01-28,m_2kLUw0,2,t_2rD0OF,Aldosivi,LOCAL,0,0,1,3,0.0,4.0,8,8,3,3,3,4,,,,,10,14,5,16,311,433,199,344,22,19,18,12,51,61
2026-02-02,m_3OMXQ9,3,t_2rD0OF,Aldosivi,VISITANTE,1,3,3,1,2.0,1.0,13,14,1,6,7,7,2.0,3.0,1.0,1.0,24,12,17,13,331,345,241,276,14,14,10,10,42,42
2026-02-07,m_0WCpY7,4,t_2rD0OF,Aldosivi,LOCAL,1,1,4,7,1.0,4.0,10,15,4,4,3,7,1.0,0.0,,,16,14,10,20,500,298,429,213,17,24,7,6,59,62
2026-02-12,m_1H9yMb,5,t_2rD0OF,Aldosivi,VISITANTE,1,0,7,4,3.0,2.0,14,10,6,0,4,8,2.0,0.0,1.0,0.0,15,14,9,17,283,344,188,259,21,16,6,8,46,48
2026-02-23,m_4P2osf,6,t_2rD0OF,Aldosivi,VISITANTE,1,0,1,4,3.0,3.0,20,12,6,3,9,4,2.0,1.0,1.0,1.0,35,16,14,9,336,390,262,290,16,20,15,15,59,49
2026-03-03,m_0KBmAa,8,t_2rD0OF,Aldosivi,VISITANTE,0,2,4,5,1.0,3.0,14,14,0,2,8,8,0.0,3.0,0.0,3.0,22,21,7,14,451,234,355,155,22,19,8,11,39,48
2026-03-12,m_3yk8on,10,t_2rD0OF,Aldosivi,VISITANTE,1,1,5,11,1.0,3.0,7,17,1,5,2,10,1.0,3.0,0.0,2.0,9,24,18,10,245,415,137,291,17,9,17,5,45,42
2026-03-16,m_2vu8vn,11,t_2rD0OF,Aldosivi,LOCAL,0,0,4,4,3.0,2.0,14,12,4,2,7,6,,,,,17,17,12,17,436,280,344,188,16,17,11,11,44,51
2026-03-22,m_49lsqf,12,t_2rD0OF,Aldosivi,VISITANTE,0,2,7,5,3.0,3.0,12,10,2,4,7,4,0.0,2.0,,,26,22,8,8,381,279,297,195,13,10,5,6,44,37
2026-03-31,m_3hUrMw,7,t_2rD0OF,Aldosivi,LOCAL,0,2,2,6,3.0,2.0,11,5,5,4,3,1,1.0,3.0,1.0,1.0,11,16,14,11,228,702,158,618,24,20,17,5,53,50
2026-04-04,m_3pnBbL,13,t_2rD0OF,Aldosivi,LOCAL,0,0,6,10,5.0,2.0,11,13,3,2,7,6,2.0,2.0,2.0,2.0,22,21,16,11,241,472,148,374,13,9,12,7,53,61
2026-04-11,m_4OXsD0,14,t_2rD0OF,Aldosivi,VISITANTE,0,1,2,3,6.0,0.0,9,15,4,1,5,7,2.0,1.0,2.0,0.0,12,15,19,6,191,452,133,398,25,15,5,7,41,40
2026-04-19,m_3XlvKO,15,t_2rD0OF,Aldosivi,LOCAL,1,1,5,1,1.0,4.0,21,8,4,6,8,2,2.0,0.0,1.0,0.0,34,14,10,15,519,220,434,125,17,21,6,11,45,48
2026-04-26,m_3Nkc9o,16,t_2rD0OF,Aldosivi,VISITANTE,3,1,8,1,2.0,3.0,24,5,6,2,10,3,5.0,1.0,3.0,0.0,33,8,12,16,578,246,504,167,13,15,7,4,50,41
2026-05-03,m_3MfCw1,9,t_2rD0OF,Aldosivi,LOCAL,1,1,5,7,0.0,3.0,18,15,4,4,9,7,2.0,0.0,2.0,0.0,32,23,7,9,286,443,189,347,27,24,5,6,53,62
2026-07-24,m_4cBLTF,1,t_2rD0OF,Aldosivi,VISITANTE,1,1,6,2,2.0,3.0,15,8,5,3,5,4,1.0,1.0,1.0,0.0,25,5,9,15,606,238,514,164,14,18,8,14,51,56
2026-07-29,m_03VPBd,2,t_2rD0OF,Aldosivi,VISITANTE,1,0,1,8,1.0,2.0,10,9,4,1,4,3,1.0,1.0,1.0,1.0,11,18,12,17,455,411,370,309,11,20,6,7,51,48
2026-08-02,m_2GNnDW,3,t_2rD0OF,Aldosivi,LOCAL,1,2,3,4,3.0,3.0,18,11,4,4,11,5,2.0,2.0,1.0,0.0,24,11,10,11,369,364,258,275,19,10,7,5,66,61
2026-08-07,m_4HTpja,4,t_2rD0OF,Aldosivi,VISITANTE,1,2,3,10,1.0,0.0,10,24,5,4,5,13,1.0,3.0,1.0,2.0,9,47,13,4,229,583,134,508,24,16,11,9,64,68
2026-08-15,m_0kIwxH,5,t_2rD0OF,Aldosivi,LOCAL,0,0,7,9,2.0,3.0,22,13,4,2,11,5,1.0,1.0,1.0,1.0,18,18,12,9,336,400,231,315,23,20,13,6,56,50
2026-08-21,m_4g29p2,6,t_2rD0OF,Aldosivi,LOCAL,1,3,4,4,3.0,1.0,13,18,4,7,6,7,0.0,3.0,0.0,1.0,16,26,6,9,325,445,234,364,27,20,13,7,53,61
2026-08-30,m_1B4lCI,7,t_2rD0OF,Aldosivi,VISITANTE,2,1,14,2,1.0,4.0,24,7,7,2,11,5,4.0,2.0,3.0,1.0,34,11,7,13,589,207,522,133,15,30,12,14,49,38
2026-09-05,m_3GuLGz,8,t_2rD0OF,Aldosivi,LOCAL,3,1,8,4,4.0,4.0,21,13,9,3,8,6,3.0,3.0,1.0,2.0,18,29,18,13,305,296,204,210,27,17,7,8,50,52
2026-09-12,m_2lA7Wg,9,t_2rD0OF,Aldosivi,VISITANTE,4,3,2,7,3.0,2.0,15,25,8,9,3,13,4.0,5.0,0.0,2.0,23,29,13,10,401,347,308,242,22,19,7,9,62,56
2026-09-21,m_0bU15M,Clausura - Round 10,t_2rD0OF,Aldosivi,LOCAL,1,0,3,6,1.0,0.0,13,13,3,1,7,9,4.0,1.0,4.0,1.0,20,16,10,11,397,278,296,163,23,27,9,9,56,55
2026-10-04,m_1JKni6,Clausura - Round 11,t_2rD0OF,Aldosivi,VISITANTE,1,0,6,5,2.0,5.0,17,13,7,4,8,7,4.0,2.0,4.0,2.0,31,17,10,10,413,406,326,318,15,18,7,18,65,62
2026-01-26,m_1BLvBV,1,t_3XuEvf,Argentinos Juniors,LOCAL,0,1,2,9,6.0,3.0,2,24,1,11,0,10,0.0,2.0,0.0,2.0,8,26,21,8,183,421,109,353,17,17,4,9,47,54
2026-01-30,m_1mw3rN,2,t_3XuEvf,Argentinos Juniors,VISITANTE,0,0,1,6,2.0,0.0,7,11,0,3,6,5,0.0,1.0,0.0,1.0,11,23,18,13,229,652,150,563,16,12,17,15,48,47
2026-02-03,m_0ks99k,3,t_3XuEvf,Argentinos Juniors,LOCAL,0,0,5,1,,,17,12,6,5,9,5,2.0,1.0,2.0,1.0,32,18,7,6,594,387,514,284,17,29,16,13,72,75
2026-02-07,m_21nAGO,4,t_3XuEvf,Argentinos Juniors,VISITANTE,2,1,4,7,3.0,3.0,14,12,3,5,6,5,1.0,2.0,0.0,1.0,27,16,16,14,277,286,194,216,11,12,15,18,38,30
2026-02-13,m_064D4L,5,t_3XuEvf,Argentinos Juniors,LOCAL,1,0,1,1,0.0,4.0,14,9,5,1,5,4,0.0,2.0,0.0,2.0,21,24,9,17,402,433,299,323,19,19,10,9,60,57
2026-03-01,m_3FQmVY,8,t_3XuEvf,Argentinos Juniors,LOCAL,1,1,1,7,2.0,1.0,13,19,5,8,4,9,0.0,2.0,0.0,1.0,8,25,8,8,231,584,135,497,15,12,15,9,52,62
2026-03-11,m_1WKjOD,10,t_3XuEvf,Argentinos Juniors,LOCAL,0,0,5,5,1.0,3.0,11,12,4,2,4,6,2.0,1.0,2.0,1.0,15,18,12,11,344,488,263,386,11,12,12,11,58,63
2026-03-16,m_2yIwhJ,11,t_3XuEvf,Argentinos Juniors,VISITANTE,1,1,1,2,2.0,5.0,6,8,3,3,3,3,2.0,3.0,1.0,2.0,14,17,15,16,288,549,197,468,7,11,15,8,55,51
2026-03-23,m_1Y4U8l,12,t_3XuEvf,Argentinos Juniors,LOCAL,0,1,3,4,5.0,2.0,9,22,1,4,4,11,1.0,1.0,1.0,0.0,9,21,14,13,218,485,117,380,27,17,10,5,41,55
2026-03-27,m_1c9W0N,6,t_3XuEvf,Argentinos Juniors,LOCAL,1,2,1,7,4.0,2.0,11,16,1,5,7,6,2.0,3.0,1.0,1.0,16,32,14,10,350,576,255,493,13,14,12,13,50,55
2026-03-31,m_3hUrMw,7,t_3XuEvf,Argentinos Juniors,VISITANTE,2,0,6,2,2.0,3.0,5,11,4,5,1,3,3.0,1.0,1.0,1.0,16,11,11,14,702,228,618,158,20,24,5,17,50,53
2026-04-06,m_1ABinW,13,t_3XuEvf,Argentinos Juniors,LOCAL,2,3,1,9,2.0,1.0,9,17,3,7,4,5,1.0,1.0,0.0,1.0,10,19,10,9,259,556,194,490,25,15,18,8,54,51
2026-04-11,m_0sFzNT,14,t_3XuEvf,Argentinos Juniors,VISITANTE,3,1,5,4,4.0,4.0,11,7,7,1,4,6,2.0,1.0,,,21,9,13,17,336,395,270,325,17,18,7,3,53,45
2026-04-19,m_0UgeFv,15,t_3XuEvf,Argentinos Juniors,LOCAL,1,0,7,2,2.0,5.0,14,4,6,0,5,3,1.0,1.0,0.0,1.0,22,12,5,12,533,257,463,172,12,22,11,16,60,56
2026-04-28,m_4Q9jVb,16,t_3XuEvf,Argentinos Juniors,VISITANTE,2,1,5,4,2.0,3.0,5,11,2,4,2,3,1.0,0.0,,,15,12,11,15,424,343,343,253,27,19,10,9,51,46
2026-05-03,m_1fmUw8,9,t_3XuEvf,Argentinos Juniors,VISITANTE,0,2,11,3,5.0,3.0,14,12,3,2,5,7,1.0,2.0,1.0,0.0,25,13,17,11,512,291,441,211,11,20,9,19,55,64
2026-05-10,m_2t96qK,1/8,t_3XuEvf,Argentinos Juniors,LOCAL,2,0,3,2,3.0,4.0,16,9,8,3,7,2,1.0,2.0,1.0,2.0,15,26,12,16,404,420,321,319,21,22,14,7,62,61
2026-05-13,m_3CeTeZ,1/4,t_3XuEvf,Argentinos Juniors,LOCAL,1,0,9,2,2.0,6.0,18,11,4,4,9,5,2.0,1.0,1.0,1.0,23,14,14,29,636,398,519,264,14,20,14,16,72,61
2026-05-17,m_0JyeiC,1/2,t_3XuEvf,Argentinos Juniors,LOCAL,4,5,5,3,2.0,8.0,18,9,8,3,9,3,4.0,1.0,3.0,0.0,29,26,17,22,547,426,437,296,28,29,18,21,81,72
2026-07-23,m_3bFbbT,1,t_3XuEvf,Argentinos Juniors,VISITANTE,3,2,2,7,6.0,3.0,13,12,5,3,3,5,2.0,3.0,0.0,1.0,25,11,14,15,466,355,390,263,13,20,10,12,63,61
2026-07-29,m_3zA6AY,2,t_3XuEvf,Argentinos Juniors,LOCAL,0,3,4,6,1.0,0.0,12,17,4,9,6,7,1.0,6.0,1.0,3.0,15,25,5,7,274,646,188,558,18,21,10,8,53,57
2026-08-01,m_1cKmol,3,t_3XuEvf,Argentinos Juniors,VISITANTE,1,0,2,2,1.0,1.0,9,10,4,2,5,7,2.0,1.0,2.0,1.0,20,13,7,10,644,349,578,278,22,16,10,9,53,54
2026-08-09,m_3HhWIs,4,t_3XuEvf,Argentinos Juniors,LOCAL,1,2,4,9,3.0,5.0,16,23,3,10,9,7,4.0,6.0,3.0,5.0,17,43,10,14,260,501,188,432,25,14,9,15,51,58
2026-08-16,m_4fCzkt,5,t_3XuEvf,Argentinos Juniors,VISITANTE,0,2,4,2,4.0,1.0,9,8,1,3,6,3,1.0,2.0,1.0,0.0,11,18,15,15,529,363,445,288,18,24,13,16,43,46
2026-08-25,m_38XAFZ,6,t_3XuEvf,Argentinos Juniors,VISITANTE,1,1,2,5,0.0,1.0,15,14,4,8,7,4,2.0,2.0,1.0,1.0,15,12,7,8,604,381,514,290,19,16,11,12,48,55
2026-08-30,m_1B4lCI,7,t_3XuEvf,Argentinos Juniors,LOCAL,1,2,2,14,4.0,1.0,7,24,2,7,5,11,2.0,4.0,1.0,3.0,11,34,13,7,207,589,133,522,30,15,14,12,38,49
2026-09-07,m_1lN21b,8,t_3XuEvf,Argentinos Juniors,VISITANTE,0,0,4,3,2.0,5.0,7,7,3,1,4,3,1.0,1.0,1.0,1.0,7,11,12,25,523,374,424,281,16,15,12,15,70,71
2026-09-13,m_2tVeMD,9,t_3XuEvf,Argentinos Juniors,LOCAL,1,1,3,6,4.0,1.0,9,14,2,2,7,6,3.0,3.0,2.0,2.0,13,21,16,6,313,550,236,460,23,18,13,12,52,45
2026-09-20,m_0sbdux,Clausura - Round 10,t_3XuEvf,Argentinos Juniors,VISITANTE,0,1,9,6,2.0,2.0,11,12,3,5,6,6,,,,,24,22,8,10,522,338,458,254,28,24,10,12,55,55
2026-10-04,m_099zvI,Clausura - Round 11,t_3XuEvf,Argentinos Juniors,LOCAL,1,2,3,4,2.0,2.0,13,13,4,5,6,4,3.0,1.0,3.0,1.0,20,9,11,14,444,362,351,280,29,18,14,7,58,65
2026-01-24,m_1bOPPX,1,t_45vTPl,Atlético Tucumán,VISITANTE,2,1,1,3,2.0,3.0,11,14,5,5,5,6,2.0,1.0,1.0,0.0,15,19,13,11,216,296,137,200,25,17,11,9,48,46
2026-01-28,m_2XR10W,2,t_45vTPl,Atlético Tucumán,LOCAL,0,0,5,2,3.0,4.0,21,3,5,2,11,1,1.0,0.0,1.0,0.0,28,5,17,14,440,266,348,165,7,14,5,10,46,46
2026-02-01,m_3bjCVs,3,t_45vTPl,Atlético Tucumán,LOCAL,1,1,5,6,4.0,2.0,9,11,1,4,5,5,1.0,3.0,0.0,2.0,25,20,15,9,331,286,227,188,18,23,9,6,38,39
2026-02-08,m_4EpGKB,4,t_45vTPl,Atlético Tucumán,VISITANTE,1,2,4,3,6.0,3.0,5,12,3,6,1,5,1.0,5.0,0.0,4.0,16,24,14,18,299,300,198,207,22,16,8,12,47,54
2026-02-15,m_37CuJS,5,t_45vTPl,Atlético Tucumán,LOCAL,4,0,7,2,1.0,3.0,18,5,7,0,8,3,7.0,0.0,3.0,0.0,18,10,13,11,266,279,176,172,10,11,20,16,49,34
2026-02-20,m_2MNUQn,6,t_45vTPl,Atlético Tucumán,VISITANTE,2,1,4,2,0.0,7.0,15,7,3,1,6,4,3.0,2.0,1.0,1.0,25,12,9,14,399,220,292,130,24,13,11,10,50,43
2026-02-25,m_4GDLN6,7,t_45vTPl,Atlético Tucumán,VISITANTE,1,3,5,0,1.0,3.0,11,11,2,4,6,4,1.0,3.0,0.0,1.0,10,23,14,12,375,383,290,290,29,18,12,7,46,54
2026-03-04,m_1DDmUV,8,t_45vTPl,Atlético Tucumán,LOCAL,3,0,6,7,4.0,1.0,11,14,4,4,3,6,3.0,2.0,0.0,2.0,20,27,15,9,338,282,262,185,15,19,12,6,43,38
2026-03-12,m_3yk8on,10,t_45vTPl,Atlético Tucumán,LOCAL,1,1,11,5,3.0,1.0,17,7,5,1,10,2,3.0,1.0,2.0,0.0,24,9,10,18,415,245,291,137,9,17,5,17,42,45
2026-03-16,m_0yVlJb,11,t_45vTPl,Atlético Tucumán,VISITANTE,1,2,3,1,5.0,1.0,13,9,3,3,8,5,,,,,13,8,14,8,418,349,342,256,12,9,12,6,44,39
2026-03-21,m_1c7isO,12,t_45vTPl,Atlético Tucumán,LOCAL,1,0,6,4,2.0,6.0,16,10,2,1,9,4,1.0,0.0,,,16,23,12,14,270,474,180,383,21,16,8,9,51,40
2026-04-05,m_0QgN6d,13,t_45vTPl,Atlético Tucumán,VISITANTE,1,2,6,5,1.0,3.0,17,18,4,8,8,9,4.0,5.0,3.0,4.0,16,28,13,12,217,460,154,384,15,15,7,7,36,40
2026-04-12,m_19b0Rn,14,t_45vTPl,Atlético Tucumán,LOCAL,0,0,5,3,1.0,1.0,7,12,1,4,4,5,1.0,1.0,1.0,1.0,14,18,13,10,341,366,236,259,20,24,9,6,53,50
2026-04-19,m_0UgeFv,15,t_45vTPl,Atlético Tucumán,VISITANTE,0,1,2,7,5.0,2.0,4,14,0,6,3,5,1.0,1.0,1.0,0.0,12,22,12,5,257,533,172,463,22,12,16,11,56,60
2026-04-26,m_2uyJMX,16,t_45vTPl,Atlético Tucumán,LOCAL,1,1,2,3,4.0,0.0,10,16,2,7,5,5,2.0,4.0,1.0,3.0,12,21,12,19,347,388,237,293,21,23,9,17,59,70
2026-05-03,m_29QdK5,9,t_45vTPl,Atlético Tucumán,VISITANTE,1,0,1,6,2.0,2.0,5,19,3,5,1,8,2.0,6.0,1.0,6.0,11,33,16,6,220,703,124,609,35,22,11,8,58,57
2026-07-26,m_38l4Ru,1,t_45vTPl,Atlético Tucumán,LOCAL,0,0,4,6,1.0,2.0,5,9,1,3,2,4,,,,,7,29,13,15,232,359,158,281,21,12,14,9,38,38
2026-07-31,m_4Qe3bh,2,t_45vTPl,Atlético Tucumán,VISITANTE,0,2,4,3,1.0,1.0,10,8,1,3,5,3,0.0,2.0,0.0,1.0,10,10,10,13,517,374,421,284,17,16,6,9,59,56
2026-08-04,m_0KKvFY,3,t_45vTPl,Atlético Tucumán,VISITANTE,0,0,6,4,3.0,2.0,16,16,3,1,8,12,0.0,1.0,0.0,1.0,23,17,12,4,291,550,221,470,12,34,11,15,63,58
2026-08-08,m_0YDAap,4,t_45vTPl,Atlético Tucumán,LOCAL,2,1,4,13,2.0,1.0,11,12,5,6,3,3,2.0,1.0,1.0,1.0,15,32,11,13,259,328,168,241,15,13,5,6,43,34
2026-08-17,m_17RFeg,5,t_45vTPl,Atlético Tucumán,VISITANTE,0,1,4,6,1.0,4.0,12,9,1,3,6,5,0.0,1.0,,,12,19,12,15,346,352,253,264,33,25,17,10,51,61
2026-08-22,m_4Vv4zW,6,t_45vTPl,Atlético Tucumán,LOCAL,0,0,9,2,3.0,2.0,12,8,3,3,4,3,1.0,1.0,1.0,1.0,15,14,8,3,393,480,294,376,23,27,16,8,64,55
2026-08-30,m_02m9E0,7,t_45vTPl,Atlético Tucumán,LOCAL,0,0,3,7,3.0,1.0,10,16,3,2,4,7,2.0,2.0,2.0,2.0,26,19,8,12,544,307,452,222,19,23,3,11,50,62
2026-09-07,m_3Sp87a,8,t_45vTPl,Atlético Tucumán,VISITANTE,2,1,3,3,1.0,2.0,12,19,6,4,3,9,2.0,1.0,1.0,0.0,15,33,12,8,235,688,125,591,18,15,12,10,48,51
2026-09-12,m_3TfyzU,9,t_45vTPl,Atlético Tucumán,LOCAL,2,1,5,1,2.0,2.0,18,5,5,1,7,3,1.0,2.0,1.0,1.0,43,7,7,7,745,241,659,144,19,20,8,15,56,55
2026-09-21,m_0bU15M,Clausura - Round 10,t_45vTPl,Atlético Tucumán,VISITANTE,0,1,6,3,0.0,1.0,13,13,1,3,9,7,1.0,4.0,1.0,4.0,16,20,11,10,278,397,163,296,27,23,9,9,55,56
2026-10-03,m_2ZYJzm,Clausura - Round 11,t_45vTPl,Atlético Tucumán,LOCAL,3,2,4,4,3.0,2.0,9,10,5,8,3,1,3.0,3.0,1.0,2.0,23,17,6,12,389,266,306,178,27,18,3,9,49,55
2026-01-22,m_4LyLYK,1,t_0bW0AU,Banfield,LOCAL,1,1,2,4,4.0,4.0,11,14,4,4,5,4,2.0,2.0,1.0,1.0,13,15,14,8,408,236,315,156,20,14,10,20,53,36
2026-01-30,m_2daQ30,2,t_0bW0AU,Banfield,VISITANTE,0,1,2,9,2.0,4.0,9,23,2,9,6,4,1.0,3.0,1.0,2.0,13,22,18,14,242,384,162,303,10,10,9,13,35,33
2026-02-03,m_1P4cPw,3,t_0bW0AU,Banfield,LOCAL,2,1,4,2,2.0,2.0,14,15,4,4,7,8,2.0,2.0,1.0,1.0,35,23,7,13,322,248,225,150,26,10,6,4,55,44
2026-02-08,m_2MVqzf,4,t_0bW0AU,Banfield,VISITANTE,1,0,11,1,4.0,2.0,16,6,7,3,4,1,1.0,2.0,1.0,2.0,26,9,16,9,517,296,447,234,16,17,3,10,40,39
2026-02-14,m_3g6NsD,5,t_0bW0AU,Banfield,LOCAL,0,2,8,3,1.0,5.0,11,11,2,5,5,3,0.0,2.0,0.0,1.0,16,11,7,14,277,390,184,305,17,19,8,16,42,46
2026-02-21,m_4dWdyt,6,t_0bW0AU,Banfield,LOCAL,0,3,2,4,3.0,3.0,10,17,2,9,7,6,2.0,3.0,2.0,1.0,18,23,18,15,235,255,157,184,24,27,7,7,52,51
2026-02-26,m_25L4uT,7,t_0bW0AU,Banfield,VISITANTE,3,1,6,3,1.0,2.0,25,6,8,2,13,4,2.0,1.0,,,26,13,15,13,537,280,443,184,22,22,16,9,56,50
2026-03-03,m_0KBmAa,8,t_0bW0AU,Banfield,LOCAL,2,0,5,4,3.0,1.0,14,14,2,0,8,8,3.0,0.0,3.0,0.0,21,22,14,7,234,451,155,355,19,22,11,8,48,39
2026-03-11,m_2bEX07,10,t_0bW0AU,Banfield,LOCAL,1,2,8,3,6.0,4.0,18,13,5,6,7,5,1.0,2.0,1.0,1.0,29,12,12,6,385,346,312,263,10,25,5,8,52,58
2026-03-15,m_0FP8kh,11,t_0bW0AU,Banfield,VISITANTE,1,2,0,6,1.0,3.0,7,21,2,6,3,9,1.0,3.0,1.0,2.0,10,29,12,10,233,587,156,508,24,27,16,9,50,49
2026-03-21,m_3Ol2iT,12,t_0bW0AU,Banfield,LOCAL,0,1,7,3,3.0,4.0,22,12,4,5,12,6,2.0,1.0,2.0,0.0,29,15,12,14,513,190,407,106,12,31,8,5,55,49
2026-04-06,m_1ABinW,13,t_0bW0AU,Banfield,VISITANTE,3,2,9,1,1.0,2.0,17,9,7,3,5,4,1.0,1.0,1.0,0.0,19,10,9,10,556,259,490,194,15,25,8,18,51,54
2026-04-13,m_2pE60O,14,t_0bW0AU,Banfield,VISITANTE,0,1,1,5,4.0,4.0,12,18,3,4,6,6,0.0,1.0,,,8,15,10,19,276,543,215,472,19,16,15,7,55,55
2026-04-20,m_0fOliE,15,t_0bW0AU,Banfield,LOCAL,0,0,6,3,2.0,1.0,16,16,4,2,8,12,1.0,4.0,1.0,4.0,24,16,12,8,245,402,156,323,20,13,9,5,48,46
2026-04-26,m_2uyJMX,16,t_0bW0AU,Banfield,VISITANTE,1,1,3,2,0.0,4.0,16,10,7,2,5,5,4.0,2.0,3.0,1.0,21,12,19,12,388,347,293,237,23,21,17,9,70,59
2026-05-02,m_1UxCxs,9,t_0bW0AU,Banfield,VISITANTE,2,1,6,2,0.0,1.0,16,15,6,7,7,6,2.0,3.0,2.0,3.0,22,22,7,10,426,434,340,336,17,16,7,10,68,73
2026-07-25,m_19ZLfE,1,t_0bW0AU,Banfield,VISITANTE,0,1,2,4,3.0,1.0,5,21,1,11,3,8,0.0,3.0,0.0,2.0,13,29,12,11,334,484,248,396,17,15,8,13,57,54
2026-07-28,m_0U4Xso,2,t_0bW0AU,Banfield,LOCAL,2,3,4,4,1.0,0.0,13,17,5,8,4,8,4.0,3.0,2.0,1.0,26,25,10,11,420,257,330,186,23,27,12,11,47,56
2026-08-01,m_0OvFHa,3,t_0bW0AU,Banfield,VISITANTE,0,0,5,7,0.0,2.0,14,8,3,0,7,5,1.0,0.0,1.0,0.0,17,15,14,19,296,394,184,288,23,23,7,9,58,53
2026-08-10,m_2ckNSG,4,t_0bW0AU,Banfield,LOCAL,2,0,1,4,1.0,3.0,14,18,5,5,6,10,4.0,5.0,3.0,5.0,29,30,11,15,428,405,335,335,25,29,15,11,61,70
2026-08-14,m_0M3QLL,5,t_0bW0AU,Banfield,VISITANTE,1,0,1,6,2.0,2.0,6,23,2,2,2,17,1.0,2.0,0.0,2.0,8,34,11,9,153,687,72,616,25,18,11,4,33,47
2026-08-23,m_3yRTgE,6,t_0bW0AU,Banfield,VISITANTE,1,2,3,3,3.0,1.0,13,14,6,6,4,6,2.0,4.0,1.0,2.0,15,14,15,12,324,373,245,288,15,21,13,9,55,56
2026-08-30,m_1oO6B7,7,t_0bW0AU,Banfield,LOCAL,3,2,3,4,0.0,1.0,19,15,8,5,6,8,7.0,1.0,5.0,0.0,35,19,13,9,511,289,422,208,14,17,5,10,49,50
2026-09-05,m_3GuLGz,8,t_0bW0AU,Banfield,VISITANTE,1,3,4,8,4.0,4.0,13,21,3,9,6,8,3.0,3.0,2.0,1.0,29,18,13,18,296,305,210,204,17,27,8,7,52,50
2026-09-14,m_1qLG6R,Clausura - Round 9,t_0bW0AU,Banfield,LOCAL,1,1,6,1,0.0,2.0,9,8,3,4,5,3,2.0,2.0,1.0,1.0,16,13,5,17,446,268,341,173,17,26,11,15,47,44
2026-09-14,m_0WEWh7,9,t_0bW0AU,Banfield,LOCAL,1,1,6,1,0.0,2.0,9,8,3,4,5,3,2.0,2.0,1.0,1.0,16,13,5,17,446,268,341,173,17,26,11,15,47,44
2026-09-19,m_1rGQaB,Clausura - Round 10,t_0bW0AU,Banfield,VISITANTE,2,2,5,2,0.0,2.0,23,11,7,5,11,4,8.0,1.0,7.0,1.0,26,16,9,16,443,374,353,284,14,17,9,13,52,50
2026-01-24,m_3L4LL7,1,t_3FROV0,Barracas Central,LOCAL,0,1,6,6,2.0,2.0,11,20,2,7,3,8,0.0,5.0,0.0,4.0,9,19,15,9,229,475,141,396,13,20,10,11,50,53
2026-01-28,m_2kLUw0,2,t_3FROV0,Barracas Central,VISITANTE,0,0,3,1,4.0,0.0,8,8,3,3,4,3,,,,,14,10,16,5,433,311,344,199,19,22,12,18,61,51
2026-02-01,m_45XhQv,3,t_3FROV0,Barracas Central,LOCAL,1,1,2,0,5.0,6.0,9,11,2,4,5,3,3.0,1.0,2.0,0.0,11,14,19,8,263,471,174,375,16,13,12,6,47,55
2026-02-09,m_1Cuhf7,4,t_3FROV0,Barracas Central,LOCAL,2,0,2,7,2.0,3.0,13,12,6,4,4,8,2.0,0.0,1.0,0.0,21,18,17,10,277,531,198,460,6,18,8,15,48,56
2026-02-16,m_2HMWiS,5,t_3FROV0,Barracas Central,VISITANTE,0,2,0,3,3.0,1.0,3,19,3,7,0,10,0.0,5.0,0.0,3.0,1,30,16,11,274,528,201,456,17,25,7,19,49,63
2026-02-21,m_13pMsz,6,t_3FROV0,Barracas Central,VISITANTE,1,0,4,1,4.0,1.0,14,6,7,3,5,2,3.0,0.0,2.0,0.0,26,11,16,17,508,290,430,198,18,15,8,8,56,61
2026-02-25,m_2dkzXZ,7,t_3FROV0,Barracas Central,LOCAL,2,1,0,2,4.0,1.0,11,15,5,6,5,7,1.0,2.0,0.0,1.0,15,14,18,12,391,327,305,253,17,13,11,12,56,51
2026-03-01,m_3FQmVY,8,t_3FROV0,Barracas Central,VISITANTE,1,1,7,1,1.0,2.0,19,13,8,5,9,4,2.0,0.0,1.0,0.0,25,8,8,8,584,231,497,135,12,15,9,15,62,52
2026-03-12,m_1DO56u,10,t_3FROV0,Barracas Central,VISITANTE,1,2,6,1,6.0,4.0,22,8,11,3,8,3,2.0,2.0,1.0,0.0,28,7,9,11,513,203,445,125,10,10,7,10,55,42
2026-03-16,m_0yVlJb,11,t_3FROV0,Barracas Central,LOCAL,2,1,1,3,1.0,5.0,9,13,3,3,5,8,,,,,8,13,8,14,349,418,256,342,9,12,6,12,39,44
2026-03-24,m_1Klahn,12,t_3FROV0,Barracas Central,VISITANTE,0,0,7,5,2.0,1.0,15,5,4,1,10,3,1.0,2.0,1.0,2.0,21,10,9,14,532,239,448,151,13,19,12,12,62,55
2026-04-02,m_03csNA,13,t_3FROV0,Barracas Central,LOCAL,2,1,1,5,3.0,0.0,13,14,3,3,8,8,3.0,2.0,2.0,1.0,21,20,14,12,490,422,414,355,19,14,3,7,44,50
2026-04-12,m_1VteVu,14,t_3FROV0,Barracas Central,VISITANTE,1,2,6,2,1.0,3.0,16,11,4,5,9,4,3.0,1.0,2.0,1.0,22,19,12,20,574,193,495,119,15,10,14,6,47,39
2026-04-20,m_0HO7em,15,t_3FROV0,Barracas Central,LOCAL,0,0,2,4,1.0,0.0,12,11,2,3,7,5,0.0,1.0,0.0,1.0,17,16,11,7,252,552,167,482,18,17,11,4,46,48
2026-04-25,m_3vfFEs,16,t_3FROV0,Barracas Central,VISITANTE,1,1,2,3,1.0,3.0,5,17,1,3,2,9,0.0,1.0,0.0,1.0,6,16,11,8,377,371,284,292,19,13,11,10,50,47
2026-05-02,m_1UxCxs,9,t_3FROV0,Barracas Central,LOCAL,1,2,2,6,1.0,0.0,15,16,7,6,6,7,3.0,2.0,3.0,2.0,22,22,10,7,434,426,336,340,16,17,10,7,73,68
2026-07-25,m_4X9GUk,1,t_3FROV0,Barracas Central,VISITANTE,0,1,3,1,2.0,5.0,15,4,4,2,9,2,1.0,2.0,1.0,1.0,32,4,8,21,629,204,535,108,15,12,15,16,55,58
2026-07-29,m_03VPBd,2,t_3FROV0,Barracas Central,LOCAL,0,1,8,1,2.0,1.0,9,10,1,4,3,4,1.0,1.0,1.0,1.0,18,11,17,12,411,455,309,370,20,11,7,6,48,51
2026-08-02,m_1sTPds,3,t_3FROV0,Barracas Central,VISITANTE,1,0,3,5,3.0,1.0,10,12,3,4,4,6,2.0,1.0,2.0,1.0,18,18,15,15,405,268,286,143,14,21,7,13,64,56
2026-08-09,m_4AhgSS,4,t_3FROV0,Barracas Central,VISITANTE,2,0,2,1,3.0,4.0,16,13,6,2,5,8,1.0,0.0,,,17,17,7,18,427,445,314,334,26,16,16,10,69,66
2026-08-17,m_48fWBj,5,t_3FROV0,Barracas Central,LOCAL,0,1,7,1,0.0,3.0,16,7,5,3,5,3,3.0,2.0,3.0,1.0,18,10,10,7,428,633,322,536,27,14,16,14,78,72
2026-08-23,m_4IdcNi,6,t_3FROV0,Barracas Central,LOCAL,1,2,4,4,4.0,1.0,11,19,6,8,4,8,3.0,6.0,2.0,4.0,20,32,18,10,331,403,239,317,18,21,10,9,64,58
2026-09-01,m_2eHqO4,7,t_3FROV0,Barracas Central,VISITANTE,0,0,3,5,1.0,3.0,6,14,1,2,5,8,0.0,1.0,0.0,1.0,14,17,11,13,398,393,290,304,15,20,8,20,62,67
2026-09-07,m_1lN21b,8,t_3FROV0,Barracas Central,LOCAL,0,0,3,4,5.0,2.0,7,7,1,3,3,4,1.0,1.0,1.0,1.0,11,7,25,12,374,523,281,424,15,16,15,12,71,70
2026-09-14,m_1qLG6R,Clausura - Round 9,t_3FROV0,Barracas Central,VISITANTE,1,1,1,6,2.0,0.0,8,9,4,3,3,5,2.0,2.0,1.0,1.0,13,16,17,5,268,446,173,341,26,17,15,11,44,47
2026-09-14,m_0WEWh7,9,t_3FROV0,Barracas Central,VISITANTE,1,1,1,6,2.0,0.0,8,9,4,3,3,5,2.0,2.0,1.0,1.0,13,16,17,5,268,446,173,341,26,17,15,11,44,47
2026-10-03,m_2ZYJzm,Clausura - Round 11,t_3FROV0,Barracas Central,VISITANTE,2,3,4,4,2.0,3.0,10,9,8,5,1,3,3.0,3.0,2.0,1.0,17,23,12,6,266,389,178,306,18,27,9,3,55,49
2026-01-25,m_0pr0Dr,1,t_2Ba0sx,Belgrano,VISITANTE,2,1,3,4,1.0,2.0,13,17,6,8,4,7,3.0,3.0,3.0,2.0,29,25,11,6,382,379,307,312,20,14,8,14,46,52
2026-01-29,m_4XI4Tz,2,t_2Ba0sx,Belgrano,LOCAL,1,1,7,1,2.0,1.0,12,6,1,3,8,2,0.0,1.0,,,24,3,6,8,441,316,355,219,17,18,10,11,50,49
2026-02-03,m_0ks99k,3,t_2Ba0sx,Belgrano,VISITANTE,0,0,1,5,,,12,17,5,6,5,9,1.0,2.0,1.0,2.0,18,32,6,7,387,594,284,514,29,17,13,16,75,72
2026-02-08,m_2MVqzf,4,t_2Ba0sx,Belgrano,LOCAL,0,1,1,11,2.0,4.0,6,16,3,7,1,4,2.0,1.0,2.0,1.0,9,26,9,16,296,517,234,447,17,16,10,3,39,40
2026-02-15,m_4RVX9V,5,t_2Ba0sx,Belgrano,VISITANTE,0,1,8,5,2.0,2.0,16,11,3,3,11,5,3.0,2.0,3.0,1.0,23,17,14,12,315,355,244,288,13,16,7,8,56,52
2026-02-20,m_16ojkM,6,t_2Ba0sx,Belgrano,VISITANTE,1,1,3,5,3.0,2.0,13,11,3,3,8,6,2.0,3.0,2.0,2.0,20,12,9,7,341,448,258,375,19,15,14,13,42,45
2026-02-25,m_4GDLN6,7,t_2Ba0sx,Belgrano,LOCAL,3,1,0,5,3.0,1.0,11,11,4,2,4,6,3.0,1.0,1.0,0.0,23,10,12,14,383,375,290,290,18,29,7,12,54,46
2026-03-03,m_2obGmX,8,t_2Ba0sx,Belgrano,VISITANTE,1,3,3,3,2.0,2.0,9,20,2,7,6,8,1.0,2.0,1.0,2.0,10,24,11,12,369,396,300,325,10,26,11,11,50,50
2026-03-12,m_3oaL0D,10,t_2Ba0sx,Belgrano,VISITANTE,0,1,8,2,1.0,2.0,16,8,2,1,10,4,0.0,1.0,,,21,17,4,10,382,350,268,245,20,26,9,11,68,61
2026-03-15,m_3W9CKi,11,t_2Ba0sx,Belgrano,LOCAL,0,0,1,3,3.0,1.0,8,11,0,2,5,3,,,,,18,10,17,16,283,312,209,243,21,17,5,7,52,54
2026-03-22,m_3rFQnJ,12,t_2Ba0sx,Belgrano,LOCAL,2,1,2,8,4.0,3.0,7,13,4,5,3,4,4.0,3.0,3.0,3.0,11,24,17,8,413,345,313,255,17,12,7,9,47,52
2026-04-05,m_0X7bQS,13,t_2Ba0sx,Belgrano,VISITANTE,0,3,1,8,2.0,2.0,9,20,3,5,4,11,1.0,6.0,1.0,3.0,14,22,10,15,259,524,184,441,17,22,11,10,40,52
2026-04-11,m_4OXsD0,14,t_2Ba0sx,Belgrano,LOCAL,1,0,3,2,0.0,6.0,15,9,1,4,7,5,1.0,2.0,0.0,2.0,15,12,6,19,452,191,398,133,15,25,7,5,40,41
2026-04-20,m_0HO7em,15,t_2Ba0sx,Belgrano,VISITANTE,0,0,4,2,0.0,1.0,11,12,3,2,5,7,1.0,0.0,1.0,0.0,16,17,7,11,552,252,482,167,17,18,4,11,48,46
2026-04-26,m_3Xoqfp,16,t_2Ba0sx,Belgrano,LOCAL,0,1,3,6,2.0,2.0,7,6,0,2,6,2,1.0,1.0,1.0,1.0,17,22,16,9,361,428,266,348,21,19,12,10,60,52
2026-05-03,m_2RNEop,9,t_2Ba0sx,Belgrano,LOCAL,0,4,2,3,1.0,1.0,6,12,3,6,2,5,2.0,5.0,2.0,2.0,16,21,8,8,330,364,241,273,19,27,10,12,40,51
2026-05-09,m_3c05ZH,1/8,t_2Ba0sx,Belgrano,VISITANTE,0,1,8,3,4.0,5.0,16,14,2,3,6,6,0.0,3.0,0.0,2.0,19,27,13,20,311,259,230,181,15,23,7,5,54,50
2026-05-12,m_0yhLBE,1/4,t_2Ba0sx,Belgrano,LOCAL,2,0,4,7,0.0,3.0,17,12,8,4,5,8,3.0,1.0,2.0,1.0,15,12,4,8,400,344,318,249,21,9,16,7,57,61
2026-05-17,m_0JyeiC,1/2,t_2Ba0sx,Belgrano,VISITANTE,5,4,3,5,8.0,2.0,9,18,3,8,3,9,1.0,4.0,0.0,3.0,26,29,22,17,426,547,296,437,29,28,21,18,72,81
2026-05-24,m_25ZLbm,final,t_2Ba0sx,Belgrano,VISITANTE,3,2,4,6,3.0,2.0,13,8,6,4,4,2,2.0,2.0,,,14,12,11,7,245,422,175,323,15,24,13,5,53,41
2026-07-23,m_3h9ajC,1,t_2Ba0sx,Belgrano,LOCAL,1,2,6,6,2.0,0.0,12,13,3,5,8,5,2.0,1.0,1.0,0.0,26,25,13,10,447,420,380,354,13,17,7,11,49,49
2026-08-01,m_1cKmol,3,t_2Ba0sx,Belgrano,LOCAL,0,1,2,2,1.0,1.0,10,9,2,4,7,5,1.0,2.0,1.0,2.0,13,20,10,7,349,644,278,578,16,22,9,10,54,53
2026-08-06,m_147hOq,2,t_2Ba0sx,Belgrano,VISITANTE,0,0,4,4,1.0,4.0,18,15,5,6,8,7,6.0,1.0,6.0,1.0,32,21,6,19,405,470,327,392,20,19,10,14,61,53
2026-08-10,m_2ckNSG,4,t_2Ba0sx,Belgrano,VISITANTE,0,2,4,1,3.0,1.0,18,14,5,5,10,6,5.0,4.0,5.0,3.0,30,29,15,11,405,428,335,335,29,25,11,15,70,61
2026-08-15,m_2rJ3SG,5,t_2Ba0sx,Belgrano,LOCAL,2,0,4,4,1.0,4.0,10,9,3,2,4,5,1.0,1.0,1.0,1.0,18,16,7,12,410,427,314,362,24,16,4,17,56,59
2026-08-23,m_4Llsds,6,t_2Ba0sx,Belgrano,LOCAL,1,2,8,0,2.0,2.0,25,9,6,4,8,3,1.0,2.0,,,43,8,6,14,584,281,486,210,10,17,6,14,61,62
2026-08-30,m_02m9E0,7,t_2Ba0sx,Belgrano,VISITANTE,0,0,7,3,1.0,3.0,16,10,2,3,7,4,2.0,2.0,2.0,2.0,19,26,12,8,307,544,222,452,23,19,11,3,62,50
2026-09-04,m_1hvbqC,8,t_2Ba0sx,Belgrano,LOCAL,1,1,3,6,2.0,2.0,7,21,3,8,2,9,1.0,6.0,0.0,5.0,11,29,9,10,390,472,306,395,27,22,13,15,56,68
2026-09-13,m_0ZigWJ,9,t_2Ba0sx,Belgrano,VISITANTE,1,1,7,3,1.0,4.0,17,9,7,4,6,3,4.0,4.0,3.0,3.0,40,16,10,13,563,197,485,115,18,30,8,9,49,48
2026-10-04,m_1bDLdl,Clausura - Round 11,t_2Ba0sx,Belgrano,VISITANTE,0,1,4,5,2.0,4.0,16,11,6,2,8,5,1.0,1.0,1.0,1.0,24,15,12,11,379,381,313,305,18,17,8,5,58,47
2026-01-25,m_2hYXmh,1,t_0otcXZ,Boca Juniors,LOCAL,1,0,12,1,1.0,5.0,19,6,3,1,8,3,2.0,0.0,1.0,0.0,19,7,9,19,574,155,505,80,12,16,4,4,39,28
2026-01-29,m_09UPPR,2,t_0otcXZ,Boca Juniors,VISITANTE,2,1,5,7,2.0,1.0,13,10,7,3,4,2,4.0,2.0,3.0,1.0,18,32,14,8,230,464,171,397,20,19,5,8,41,39
2026-02-01,m_2jSZpM,3,t_0otcXZ,Boca Juniors,LOCAL,2,0,2,1,3.0,3.0,8,6,5,1,3,3,2.0,1.0,0.0,1.0,22,11,14,23,401,267,319,198,17,17,7,10,49,46
2026-02-09,m_14fRnJ,4,t_0otcXZ,Boca Juniors,VISITANTE,2,1,2,7,0.0,1.0,15,9,4,3,10,5,4.0,0.0,2.0,0.0,22,7,11,10,470,465,394,376,17,17,9,12,60,58
2026-02-15,m_31Xzsf,5,t_0otcXZ,Boca Juniors,LOCAL,0,0,1,2,1.0,1.0,10,14,3,1,5,10,3.0,0.0,3.0,0.0,14,7,6,12,524,299,425,210,22,22,12,9,58,62
2026-02-20,m_0WMvJY,6,t_0otcXZ,Boca Juniors,LOCAL,0,0,8,3,2.0,5.0,4,6,0,2,2,2,1.0,0.0,1.0,0.0,14,13,12,15,310,354,204,264,23,17,15,8,55,52
2026-02-28,m_3ZmoAF,8,t_0otcXZ,Boca Juniors,LOCAL,1,1,9,3,3.0,4.0,19,6,5,3,10,1,2.0,0.0,2.0,0.0,30,5,11,17,575,247,488,150,20,20,6,14,66,68
2026-03-05,m_3bNpUp,7,t_0otcXZ,Boca Juniors,VISITANTE,3,0,1,8,3.0,3.0,11,9,5,2,4,5,2.0,1.0,0.0,1.0,17,16,8,9,532,476,441,390,24,5,9,9,55,55
2026-03-11,m_0EJRQi,10,t_0otcXZ,Boca Juniors,LOCAL,1,1,1,2,3.0,3.0,11,4,3,2,8,2,1.0,2.0,1.0,1.0,23,11,8,14,509,217,429,141,15,20,6,15,42,44
2026-03-16,m_1ifuZW,11,t_0otcXZ,Boca Juniors,VISITANTE,1,1,5,4,2.0,3.0,14,16,3,6,7,7,0.0,2.0,0.0,2.0,14,25,7,8,339,552,266,472,9,24,14,10,50,49
2026-03-22,m_3kkhBc,12,t_0otcXZ,Boca Juniors,LOCAL,2,0,7,6,0.0,2.0,18,12,5,5,7,6,5.0,1.0,4.0,1.0,33,24,3,10,609,267,539,194,13,9,8,7,40,46
2026-04-02,m_24NuK9,13,t_0otcXZ,Boca Juniors,VISITANTE,0,1,6,3,2.0,2.0,15,8,1,2,11,4,0.0,1.0,,,20,11,9,7,396,445,337,379,15,25,4,6,43,41
2026-04-11,m_1uocnY,14,t_0otcXZ,Boca Juniors,LOCAL,1,1,3,3,3.0,0.0,9,12,1,5,5,5,1.0,4.0,1.0,3.0,12,26,17,7,350,558,242,469,10,18,8,21,64,63
2026-04-19,m_0FlMqm,15,t_0otcXZ,Boca Juniors,VISITANTE,0,1,6,1,6.0,5.0,13,10,3,5,3,3,0.0,2.0,0.0,1.0,20,18,14,19,468,225,384,134,13,27,11,9,51,54
2026-04-23,m_3puHKN,16,t_0otcXZ,Boca Juniors,VISITANTE,4,0,1,4,2.0,1.0,11,8,7,1,3,5,4.0,1.0,1.0,1.0,18,18,11,5,381,408,309,339,25,11,7,9,58,53
2026-05-02,m_3crdvk,9,t_0otcXZ,Boca Juniors,VISITANTE,1,2,3,3,3.0,3.0,14,11,4,8,8,3,1.0,3.0,0.0,2.0,17,20,16,11,285,538,193,454,14,15,15,14,48,47
2026-05-09,m_0kTolw,1/8,t_0otcXZ,Boca Juniors,LOCAL,3,2,1,17,5.0,1.0,8,36,4,11,2,13,2.0,4.0,0.0,3.0,8,58,15,10,335,690,219,575,20,21,8,7,66,76
2026-07-26,m_4Gu3AR,1,t_0otcXZ,Boca Juniors,VISITANTE,0,3,8,2,0.0,3.0,13,6,3,4,8,1,1.0,3.0,1.0,0.0,17,6,8,20,793,181,711,88,10,19,12,8,56,50
2026-08-02,m_2Vtk92,3,t_0otcXZ,Boca Juniors,VISITANTE,2,2,5,7,2.0,3.0,9,15,2,4,2,8,0.0,6.0,0.0,5.0,15,24,12,11,280,403,214,348,17,25,4,9,44,55
2026-08-05,m_26MC0h,2,t_0otcXZ,Boca Juniors,LOCAL,1,0,5,2,1.0,3.0,12,8,2,4,4,3,2.0,1.0,1.0,1.0,28,18,16,11,609,381,528,305,21,18,5,14,57,52
2026-08-08,m_4Ha0vK,4,t_0otcXZ,Boca Juniors,LOCAL,1,1,4,5,4.0,2.0,8,30,4,8,3,14,1.0,5.0,1.0,4.0,10,37,10,12,403,546,303,459,20,21,8,14,52,71
2026-08-16,m_07PgTk,5,t_0otcXZ,Boca Juniors,VISITANTE,1,1,3,7,1.0,2.0,13,14,8,4,5,5,1.0,4.0,0.0,3.0,17,29,11,14,325,576,237,485,15,16,16,9,54,58
2026-08-24,m_0kNt0b,6,t_0otcXZ,Boca Juniors,VISITANTE,1,1,1,5,2.0,3.0,15,14,2,5,10,6,2.0,1.0,1.0,0.0,13,17,9,11,403,469,336,372,14,22,12,7,52,39
2026-08-29,m_0rmcr6,7,t_0otcXZ,Boca Juniors,LOCAL,0,1,3,11,1.0,2.0,10,19,2,4,5,7,3.0,2.0,3.0,1.0,27,18,15,8,392,539,304,452,27,19,11,12,70,62
2026-09-05,m_4BLbJI,8,t_0otcXZ,Boca Juniors,VISITANTE,2,2,6,5,4.0,2.0,12,17,6,7,3,8,1.0,2.0,1.0,2.0,20,20,8,6,326,455,240,369,13,11,12,2,47,43
2026-09-12,m_2HZGss,9,t_0otcXZ,Boca Juniors,LOCAL,3,1,2,6,3.0,2.0,9,15,6,1,2,10,4.0,1.0,2.0,0.0,12,17,15,10,538,423,469,356,20,15,11,6,43,45
2026-10-03,m_4O6zEu,Clausura - Round 11,t_0otcXZ,Boca Juniors,LOCAL,3,0,2,1,2.0,5.0,25,4,7,1,15,2,4.0,0.0,4.0,0.0,42,6,7,11,686,301,613,230,12,10,9,10,64,47
2026-01-23,m_22Z8p0,1,t_2M7cot,Central Córdoba de Santiago,LOCAL,1,0,2,14,1.0,0.0,11,16,4,4,5,5,2.0,2.0,2.0,2.0,12,25,10,9,245,524,163,443,22,15,8,6,40,46
2026-01-28,m_2XR10W,2,t_2M7cot,Central Córdoba de Santiago,VISITANTE,0,0,2,5,4.0,3.0,3,21,2,5,1,11,0.0,1.0,0.0,1.0,5,28,14,17,266,440,165,348,14,7,10,5,46,46
2026-01-31,m_4SzUty,3,t_2M7cot,Central Córdoba de Santiago,VISITANTE,1,0,7,4,2.0,4.0,11,8,1,3,5,4,1.0,0.0,,,21,13,12,17,344,305,271,228,18,22,14,12,51,45
2026-02-07,m_0ofblh,4,t_2M7cot,Central Córdoba de Santiago,LOCAL,1,0,3,2,1.0,2.0,9,16,3,2,5,5,3.0,1.0,2.0,1.0,16,21,11,16,404,424,328,341,16,21,10,5,49,64
2026-02-16,m_3C7F2J,5,t_2M7cot,Central Córdoba de Santiago,VISITANTE,2,0,3,5,3.0,5.0,11,8,2,0,5,4,3.0,0.0,1.0,0.0,22,8,22,18,271,323,177,233,11,7,9,14,46,35
2026-02-22,m_10l4Ew,6,t_2M7cot,Central Córdoba de Santiago,LOCAL,0,0,4,6,8.0,1.0,14,16,1,3,11,9,0.0,1.0,0.0,1.0,13,19,19,10,297,463,234,382,12,21,11,13,50,51
2026-02-24,m_42bvJB,7,t_2M7cot,Central Córdoba de Santiago,LOCAL,2,0,1,2,3.0,1.0,9,11,3,2,5,6,0.0,1.0,0.0,1.0,10,17,11,8,292,484,204,404,22,18,13,7,52,49
2026-02-28,m_2FKyoL,8,t_2M7cot,Central Córdoba de Santiago,VISITANTE,0,2,2,11,1.0,1.0,7,28,2,8,4,11,0.0,3.0,0.0,3.0,7,53,15,7,192,523,117,431,17,14,12,8,42,48
2026-03-12,m_3FHq0X,10,t_2M7cot,Central Córdoba de Santiago,VISITANTE,1,1,2,5,2.0,3.0,8,11,5,6,3,4,3.0,2.0,2.0,1.0,14,19,10,14,326,422,266,357,20,14,5,9,45,47
2026-03-18,m_1JvU76,11,t_2M7cot,Central Córdoba de Santiago,LOCAL,1,0,2,3,0.0,4.0,4,11,2,4,2,1,1.0,1.0,0.0,1.0,10,23,7,14,354,323,264,211,21,15,7,13,51,45
2026-03-23,m_0d5xg9,12,t_2M7cot,Central Córdoba de Santiago,VISITANTE,0,5,4,8,3.0,2.0,4,25,1,13,0,6,0.0,6.0,0.0,2.0,9,33,13,10,338,415,252,344,17,9,9,11,44,48
2026-04-05,m_0S9hu2,13,t_2M7cot,Central Córdoba de Santiago,LOCAL,1,3,3,2,3.0,0.0,6,14,2,5,3,7,1.0,4.0,0.0,1.0,9,19,16,10,310,513,215,426,17,18,11,14,49,55
2026-04-14,m_2wfcAu,14,t_2M7cot,Central Córdoba de Santiago,VISITANTE,0,1,4,4,2.0,2.0,11,21,2,8,6,9,2.0,7.0,2.0,7.0,19,36,10,8,302,397,207,308,27,39,12,11,64,59
2026-04-20,m_3YFLQO,15,t_2M7cot,Central Córdoba de Santiago,LOCAL,4,3,3,7,5.0,2.0,10,19,4,7,2,9,1.0,3.0,0.0,1.0,20,25,12,7,206,517,138,431,20,18,13,5,41,46
2026-04-24,m_3JTbLz,16,t_2M7cot,Central Córdoba de Santiago,VISITANTE,0,0,3,5,2.0,1.0,9,15,3,5,3,8,4.0,3.0,4.0,3.0,11,28,17,11,317,604,216,512,23,11,14,11,63,62
2026-05-02,m_3crdvk,9,t_2M7cot,Central Córdoba de Santiago,LOCAL,2,1,3,3,3.0,3.0,11,14,8,4,3,8,3.0,1.0,2.0,0.0,20,17,11,16,538,285,454,193,15,14,14,15,47,48
2026-07-24,m_3B1MqQ,1,t_2M7cot,Central Córdoba de Santiago,VISITANTE,0,1,3,3,1.0,0.0,8,22,3,8,5,8,2.0,2.0,2.0,1.0,16,23,13,6,302,516,230,449,23,11,10,9,61,57
2026-07-31,m_4Qe3bh,2,t_2M7cot,Central Córdoba de Santiago,LOCAL,2,0,3,4,1.0,1.0,8,10,3,1,3,5,2.0,0.0,1.0,0.0,10,10,13,10,374,517,284,421,16,17,9,6,56,59
2026-08-04,m_3lE8VM,3,t_2M7cot,Central Córdoba de Santiago,LOCAL,0,1,5,3,3.0,5.0,15,14,2,7,9,4,3.0,3.0,3.0,2.0,25,18,10,16,469,291,376,216,19,18,11,11,52,51
2026-08-11,m_23LFB9,4,t_2M7cot,Central Córdoba de Santiago,VISITANTE,1,2,8,4,3.0,4.0,26,10,7,4,11,2,3.0,3.0,3.0,1.0,43,16,16,6,446,300,347,220,15,17,6,11,59,47
2026-08-16,m_4XvVEn,5,t_2M7cot,Central Córdoba de Santiago,LOCAL,0,1,4,9,1.0,2.0,7,13,1,6,5,6,0.0,3.0,0.0,2.0,16,21,13,10,456,417,367,331,18,20,7,10,54,59
2026-08-24,m_2k3hTY,6,t_2M7cot,Central Córdoba de Santiago,VISITANTE,2,1,4,5,3.0,2.0,14,11,2,2,10,3,2.0,2.0,0.0,1.0,21,21,12,14,308,482,218,398,20,15,18,11,51,57
2026-08-30,m_38lyOU,7,t_2M7cot,Central Córdoba de Santiago,VISITANTE,0,0,6,6,2.0,1.0,23,16,5,4,9,9,0.0,1.0,0.0,1.0,30,14,9,11,617,353,551,279,13,13,6,12,48,48
2026-09-06,m_1W1wwo,8,t_2M7cot,Central Córdoba de Santiago,LOCAL,1,0,3,11,1.0,0.0,14,30,5,5,4,15,4.0,1.0,3.0,1.0,22,33,9,11,344,385,271,308,23,18,8,8,51,50
2026-09-12,m_2HZGss,9,t_2M7cot,Central Córdoba de Santiago,VISITANTE,1,3,6,2,2.0,3.0,15,9,1,6,10,2,1.0,4.0,0.0,2.0,17,12,10,15,423,538,356,469,15,20,6,11,45,43
2026-01-22,m_3Ky5pe,1,t_2Swqmw,Club Atlético Platense,VISITANTE,0,0,4,3,1.0,2.0,13,19,5,3,5,9,0.0,2.0,0.0,2.0,15,15,7,11,393,424,276,316,18,18,7,10,63,53
2026-01-26,m_1tV17s,2,t_2Swqmw,Club Atlético Platense,LOCAL,1,2,2,3,2.0,2.0,10,10,5,5,3,4,4.0,3.0,3.0,1.0,20,10,13,12,394,323,294,234,15,14,2,10,48,56
2026-02-01,m_2citFn,3,t_2Swqmw,Club Atlético Platense,VISITANTE,2,1,2,6,4.0,2.0,5,12,2,2,2,7,1.0,0.0,,,8,28,10,13,303,443,221,345,9,28,16,8,50,46
2026-02-08,m_4FfDiT,4,t_2Swqmw,Club Atlético Platense,LOCAL,1,0,1,4,4.0,0.0,10,5,5,1,3,3,3.0,0.0,2.0,0.0,14,11,9,12,305,318,207,206,12,21,8,8,51,61
2026-02-15,m_31Xzsf,5,t_2Swqmw,Club Atlético Platense,VISITANTE,0,0,2,1,1.0,1.0,14,10,1,3,10,5,0.0,3.0,0.0,3.0,7,14,12,6,299,524,210,425,22,22,9,12,62,58
2026-02-21,m_13pMsz,6,t_2Swqmw,Club Atlético Platense,LOCAL,0,1,1,4,1.0,4.0,6,14,3,7,2,5,0.0,3.0,0.0,2.0,11,26,17,16,290,508,198,430,15,18,8,8,61,56
2026-02-24,m_1pWCHs,7,t_2Swqmw,Club Atlético Platense,LOCAL,0,0,3,5,2.0,2.0,9,10,2,1,5,4,2.0,1.0,2.0,1.0,11,18,7,7,390,357,324,287,22,14,2,9,53,53
2026-03-02,m_2hRZh7,8,t_2Swqmw,Club Atlético Platense,VISITANTE,0,0,6,4,4.0,2.0,8,9,4,3,1,5,4.0,1.0,4.0,1.0,15,13,14,12,268,391,165,293,9,17,13,13,62,66
2026-03-11,m_0njgmB,10,t_2Swqmw,Club Atlético Platense,VISITANTE,1,1,5,6,4.0,2.0,6,19,3,7,1,10,2.0,4.0,2.0,3.0,15,33,17,14,240,438,161,343,28,11,10,9,55,54
2026-03-14,m_3WrGF3,11,t_2Swqmw,Club Atlético Platense,LOCAL,0,2,4,7,1.0,3.0,14,14,4,6,6,7,1.0,3.0,1.0,3.0,19,13,11,9,379,371,287,265,14,28,18,12,60,68
2026-03-23,m_1Y4U8l,12,t_2Swqmw,Club Atlético Platense,VISITANTE,1,0,4,3,2.0,5.0,22,9,4,1,11,4,1.0,1.0,0.0,1.0,21,9,13,14,485,218,380,117,17,27,5,10,55,41
2026-04-01,m_4fH8lA,13,t_2Swqmw,Club Atlético Platense,VISITANTE,0,0,2,1,2.0,1.0,3,12,0,1,1,6,0.0,1.0,0.0,1.0,4,19,11,6,371,525,292,443,20,14,12,9,54,52
2026-04-12,m_4TG70M,14,t_2Swqmw,Club Atlético Platense,LOCAL,1,1,2,5,1.0,3.0,8,12,5,4,2,6,2.0,0.0,1.0,0.0,12,25,15,12,372,404,269,309,33,27,11,12,54,75
2026-04-20,m_3YFLQO,15,t_2Swqmw,Club Atlético Platense,VISITANTE,3,4,7,3,2.0,5.0,19,10,7,4,9,2,3.0,1.0,1.0,0.0,25,20,7,12,517,206,431,138,18,20,5,13,46,41
2026-04-25,m_41mY2k,16,t_2Swqmw,Club Atlético Platense,LOCAL,0,1,8,4,2.0,3.0,23,10,6,6,8,3,2.0,1.0,2.0,1.0,38,13,16,10,406,320,316,233,10,21,8,17,65,66
2026-05-03,m_3MBuhd,9,t_2Swqmw,Club Atlético Platense,LOCAL,2,0,5,7,1.0,1.0,16,18,8,7,6,9,3.0,3.0,1.0,3.0,18,21,12,10,332,351,253,269,11,15,10,4,59,57
2026-07-25,m_3A4OqU,1,t_2Swqmw,Club Atlético Platense,LOCAL,2,2,2,6,2.0,3.0,10,16,3,5,5,6,2.0,1.0,1.0,1.0,18,24,15,12,339,443,241,353,19,11,12,7,51,52
2026-07-30,m_1WfN4f,2,t_2Swqmw,Club Atlético Platense,VISITANTE,2,1,5,4,2.0,2.0,16,15,6,3,7,6,3.0,0.0,2.0,0.0,24,11,18,12,370,437,284,359,8,18,10,17,57,58
2026-08-09,m_11WoiN,4,t_2Swqmw,Club Atlético Platense,VISITANTE,1,0,1,13,2.0,2.0,8,19,2,5,6,10,1.0,1.0,0.0,1.0,6,45,17,12,273,509,172,400,38,22,19,10,75,69
2026-08-16,m_07PgTk,5,t_2Swqmw,Club Atlético Platense,LOCAL,1,1,7,3,2.0,1.0,14,13,4,8,5,5,4.0,1.0,3.0,0.0,29,17,14,11,576,325,485,237,16,15,9,16,58,54
2026-08-23,m_4IdcNi,6,t_2Swqmw,Club Atlético Platense,VISITANTE,2,1,4,4,1.0,4.0,19,11,8,6,8,4,6.0,3.0,4.0,2.0,32,20,10,18,403,331,317,239,21,18,9,10,58,64
2026-08-31,m_300q44,7,t_2Swqmw,Club Atlético Platense,VISITANTE,1,0,6,7,3.0,4.0,10,14,3,3,6,10,5.0,1.0,4.0,1.0,18,26,11,15,408,309,328,232,26,15,12,14,53,57
2026-09-04,m_08AJGA,8,t_2Swqmw,Club Atlético Platense,LOCAL,1,1,3,3,4.0,1.0,6,10,4,3,0,5,1.0,1.0,,,20,15,21,7,253,465,129,352,21,9,11,15,65,68
2026-09-12,m_2iSmoq,9,t_2Swqmw,Club Atlético Platense,VISITANTE,1,2,2,2,3.0,4.0,12,16,1,10,8,5,2.0,3.0,1.0,2.0,10,24,19,15,306,423,207,332,10,24,12,7,51,52
2026-01-22,m_0MqdAY,1,t_1DVMAZ,Defensa y Justicia,VISITANTE,0,0,4,4,4.0,0.0,9,10,3,2,5,5,0.0,1.0,0.0,1.0,17,16,18,6,244,301,167,211,19,17,5,12,43,38
2026-01-29,m_20gfAy,2,t_1DVMAZ,Defensa y Justicia,VISITANTE,0,1,4,3,5.0,3.0,12,5,2,3,7,2,2.0,1.0,2.0,0.0,25,11,19,10,333,293,225,195,18,10,14,9,46,49
2026-02-02,m_0cs8S8,3,t_1DVMAZ,Defensa y Justicia,LOCAL,0,0,3,0,1.0,2.0,14,9,6,1,6,6,2.0,0.0,2.0,0.0,17,8,8,8,461,278,409,210,10,16,6,4,39,34
2026-02-08,m_1hisDs,4,t_1DVMAZ,Defensa y Justicia,VISITANTE,2,3,7,1,4.0,1.0,23,4,7,3,11,1,3.0,3.0,1.0,0.0,35,10,18,14,282,217,206,130,12,22,4,16,48,38
2026-02-14,m_0Wq4zM,5,t_1DVMAZ,Defensa y Justicia,LOCAL,1,1,5,1,2.0,2.0,6,12,2,2,1,10,1.0,1.0,1.0,0.0,11,26,14,10,290,564,213,465,18,14,19,3,55,56
2026-02-20,m_16ojkM,6,t_1DVMAZ,Defensa y Justicia,LOCAL,1,1,5,3,2.0,3.0,11,13,3,3,6,8,3.0,2.0,2.0,2.0,12,20,7,9,448,341,375,258,15,19,13,14,45,42
2026-02-24,m_1pWCHs,7,t_1DVMAZ,Defensa y Justicia,VISITANTE,0,0,5,3,2.0,2.0,10,9,1,2,4,5,1.0,2.0,1.0,2.0,18,11,7,7,357,390,287,324,14,22,9,2,53,53
2026-03-02,m_32VFMh,8,t_1DVMAZ,Defensa y Justicia,LOCAL,1,1,4,5,2.0,2.0,13,10,5,3,7,5,1.0,2.0,1.0,2.0,16,20,8,10,420,534,342,454,21,17,9,12,58,63
2026-03-12,m_3FHq0X,10,t_1DVMAZ,Defensa y Justicia,LOCAL,1,1,5,2,3.0,2.0,11,8,6,5,4,3,2.0,3.0,1.0,2.0,19,14,14,10,422,326,357,266,14,20,9,5,47,45
2026-03-16,m_2pi43m,11,t_1DVMAZ,Defensa y Justicia,VISITANTE,2,5,9,2,1.0,2.0,17,11,6,6,6,4,3.0,6.0,1.0,1.0,31,18,5,7,407,387,341,322,17,19,8,10,37,42
2026-03-21,m_1hukZb,12,t_1DVMAZ,Defensa y Justicia,LOCAL,2,0,5,6,1.0,3.0,10,19,6,4,2,10,3.0,1.0,1.0,1.0,13,33,9,12,290,490,228,421,10,12,10,5,40,47
2026-04-07,m_2NfZWl,13,t_1DVMAZ,Defensa y Justicia,VISITANTE,2,0,5,5,1.0,2.0,14,9,3,3,7,6,3.0,0.0,1.0,0.0,20,14,13,7,304,479,208,401,31,16,9,12,60,50
2026-04-13,m_3SYDN1,14,t_1DVMAZ,Defensa y Justicia,LOCAL,1,2,6,2,0.0,2.0,17,8,6,5,11,3,1.0,1.0,1.0,1.0,19,11,7,12,437,432,377,351,14,19,13,6,63,58
2026-04-18,m_2qTx0J,15,t_1DVMAZ,Defensa y Justicia,VISITANTE,3,1,6,5,2.0,2.0,13,9,5,1,6,6,3.0,1.0,1.0,0.0,30,14,7,12,404,412,315,331,21,14,14,23,62,51
2026-04-23,m_3puHKN,16,t_1DVMAZ,Defensa y Justicia,LOCAL,0,4,4,1,1.0,2.0,8,11,1,7,5,3,1.0,4.0,1.0,1.0,18,18,5,11,408,381,339,309,11,25,9,7,53,58
2026-05-04,m_019qHk,9,t_1DVMAZ,Defensa y Justicia,VISITANTE,2,1,2,7,2.0,3.0,9,11,3,4,3,7,2.0,1.0,1.0,0.0,11,27,10,12,280,394,190,306,15,17,5,9,49,55
2026-07-24,m_4cBLTF,1,t_1DVMAZ,Defensa y Justicia,LOCAL,1,1,2,6,3.0,2.0,8,15,3,5,4,5,1.0,1.0,0.0,1.0,5,25,15,9,238,606,164,514,18,14,14,8,56,51
2026-07-29,m_1R2IMx,2,t_1DVMAZ,Defensa y Justicia,LOCAL,1,2,3,5,4.0,2.0,18,12,5,7,10,5,3.0,3.0,2.0,1.0,24,16,12,13,251,436,128,329,17,13,7,8,51,54
2026-08-01,m_2xdOyu,3,t_1DVMAZ,Defensa y Justicia,VISITANTE,0,3,5,2,2.0,1.0,20,15,8,9,6,4,2.0,7.0,2.0,5.0,31,16,9,14,480,333,405,268,25,16,12,10,60,56
2026-08-09,m_208YJA,4,t_1DVMAZ,Defensa y Justicia,LOCAL,2,1,3,7,3.0,2.0,16,10,6,4,5,3,3.0,2.0,2.0,2.0,21,14,14,10,462,307,390,231,33,15,12,8,60,55
2026-08-17,m_43tFlq,5,t_1DVMAZ,Defensa y Justicia,VISITANTE,1,1,9,6,3.0,4.0,20,10,6,3,7,6,1.0,1.0,1.0,1.0,26,13,19,15,355,420,247,297,22,22,14,12,57,53
2026-08-23,m_4Llsds,6,t_1DVMAZ,Defensa y Justicia,VISITANTE,2,1,0,8,2.0,2.0,9,25,4,6,3,8,2.0,1.0,,,8,43,14,6,281,584,210,486,17,10,14,6,62,61
2026-08-31,m_300q44,7,t_1DVMAZ,Defensa y Justicia,LOCAL,0,1,7,6,4.0,3.0,14,10,3,3,10,6,1.0,5.0,1.0,4.0,26,18,15,11,309,408,232,328,15,26,14,12,57,53
2026-09-06,m_0NaY2x,8,t_1DVMAZ,Defensa y Justicia,VISITANTE,0,1,4,7,1.0,3.0,11,15,3,5,5,7,1.0,2.0,1.0,1.0,19,23,11,14,537,477,407,381,20,18,10,16,71,78
2026-09-11,m_0v5efb,9,t_1DVMAZ,Defensa y Justicia,LOCAL,0,2,6,5,3.0,1.0,16,10,1,6,9,3,1.0,3.0,1.0,2.0,22,16,9,18,377,355,296,274,20,32,9,10,55,62
2026-01-25,m_2hYXmh,1,t_3TbOfu,Deportivo Riestra,VISITANTE,0,1,1,12,5.0,1.0,6,19,1,3,3,8,0.0,2.0,0.0,1.0,7,19,19,9,155,574,80,505,16,12,4,4,28,39
2026-01-29,m_20gfAy,2,t_3TbOfu,Deportivo Riestra,LOCAL,1,0,3,4,3.0,5.0,5,12,3,2,2,7,1.0,2.0,0.0,2.0,11,25,10,19,293,333,195,225,10,18,9,14,49,46
2026-02-01,m_45XhQv,3,t_3TbOfu,Deportivo Riestra,VISITANTE,1,1,0,2,6.0,5.0,11,9,4,2,3,5,1.0,3.0,0.0,2.0,14,11,8,19,471,263,375,174,13,16,6,12,55,47
2026-02-09,m_3sDDFG,4,t_3TbOfu,Deportivo Riestra,VISITANTE,0,1,5,4,5.0,1.0,8,16,3,6,3,6,3.0,2.0,3.0,1.0,14,14,22,7,193,503,103,437,18,6,5,4,45,55
2026-02-16,m_1CzDvn,5,t_3TbOfu,Deportivo Riestra,LOCAL,1,1,4,4,3.0,3.0,7,16,4,5,3,5,1.0,4.0,0.0,3.0,13,36,6,17,278,276,162,152,20,12,4,16,56,54
2026-02-21,m_0aYpab,6,t_3TbOfu,Deportivo Riestra,LOCAL,0,0,3,8,3.0,5.0,7,9,3,2,3,2,,,,,14,18,10,21,268,278,172,168,6,15,7,7,44,43
2026-02-25,m_0rdClw,7,t_3TbOfu,Deportivo Riestra,VISITANTE,0,0,3,4,3.0,3.0,10,12,4,3,5,5,2.0,0.0,2.0,0.0,11,17,18,11,240,583,145,478,23,22,13,8,62,57
2026-03-02,m_2hRZh7,8,t_3TbOfu,Deportivo Riestra,LOCAL,0,0,4,6,2.0,4.0,9,8,3,4,5,1,1.0,4.0,1.0,4.0,13,15,12,14,391,268,293,165,17,9,13,13,66,62
2026-03-12,m_2mbzIF,10,t_3TbOfu,Deportivo Riestra,LOCAL,0,0,2,7,3.0,3.0,7,14,2,7,3,3,,,,,5,32,13,20,258,314,149,164,13,33,17,11,66,65
2026-03-18,m_1JvU76,11,t_3TbOfu,Deportivo Riestra,VISITANTE,0,1,3,2,4.0,0.0,11,4,4,2,1,2,1.0,1.0,1.0,0.0,23,10,14,7,323,354,211,264,15,21,13,7,45,51
2026-03-25,m_0idF82,12,t_3TbOfu,Deportivo Riestra,LOCAL,1,1,4,2,1.0,2.0,7,9,2,2,4,4,2.0,1.0,2.0,0.0,11,16,14,14,425,226,320,127,11,22,10,2,48,51
2026-04-03,m_1wLnDu,13,t_3TbOfu,Deportivo Riestra,VISITANTE,2,0,9,0,2.0,3.0,26,8,9,5,10,1,3.0,1.0,1.0,1.0,29,13,10,17,506,201,424,116,6,13,7,10,59,52
2026-04-11,m_0g9Wn1,14,t_3TbOfu,Deportivo Riestra,LOCAL,0,1,7,5,1.0,4.0,14,16,4,6,4,7,2.0,2.0,2.0,1.0,37,18,12,15,332,307,188,196,16,14,10,12,55,52
2026-04-19,m_2g93PE,15,t_3TbOfu,Deportivo Riestra,VISITANTE,2,0,4,7,2.0,2.0,15,9,8,1,5,7,2.0,0.0,,,29,13,10,13,552,212,461,122,8,13,7,14,47,45
2026-04-24,m_0cJtQg,16,t_3TbOfu,Deportivo Riestra,LOCAL,0,2,3,3,3.0,5.0,13,8,2,4,2,2,1.0,1.0,1.0,0.0,24,19,13,16,477,219,398,113,10,22,8,8,54,51
2026-05-02,m_1XEoaS,9,t_3TbOfu,Deportivo Riestra,VISITANTE,0,0,7,4,3.0,2.0,5,12,2,7,2,4,0.0,2.0,0.0,2.0,10,20,20,14,229,580,108,458,22,14,9,13,59,62
2026-07-26,m_4Gu3AR,1,t_3TbOfu,Deportivo Riestra,LOCAL,3,0,2,8,3.0,0.0,6,13,4,3,1,8,3.0,1.0,0.0,1.0,6,17,20,8,181,793,88,711,19,10,8,12,50,56
2026-07-29,m_1R2IMx,2,t_3TbOfu,Deportivo Riestra,VISITANTE,2,1,5,3,2.0,4.0,12,18,7,5,5,10,3.0,3.0,1.0,2.0,16,24,13,12,436,251,329,128,13,17,8,7,54,51
2026-08-02,m_1sTPds,3,t_3TbOfu,Deportivo Riestra,LOCAL,0,1,5,3,1.0,3.0,12,10,4,3,6,4,1.0,2.0,1.0,2.0,18,18,15,15,268,405,143,286,21,14,13,7,56,64
2026-08-08,m_3xPV3E,4,t_3TbOfu,Deportivo Riestra,LOCAL,0,2,0,2,4.0,3.0,9,10,1,4,4,3,1.0,3.0,1.0,1.0,10,16,13,15,627,232,523,132,15,15,12,19,61,61
2026-08-15,m_4Y2JeT,5,t_3TbOfu,Deportivo Riestra,VISITANTE,2,0,6,3,1.0,2.0,9,11,3,3,3,6,2.0,1.0,1.0,1.0,6,19,12,16,445,239,343,132,19,18,8,9,66,58
2026-08-23,m_3jpi32,6,t_3TbOfu,Deportivo Riestra,VISITANTE,0,0,4,3,4.0,0.0,13,12,2,4,6,5,2.0,0.0,2.0,0.0,17,16,21,9,242,564,125,434,22,20,11,11,51,55
2026-08-29,m_4bZ5kw,7,t_3TbOfu,Deportivo Riestra,LOCAL,1,1,6,2,1.0,2.0,13,7,5,3,4,3,1.0,2.0,1.0,1.0,20,14,9,14,641,200,542,106,15,15,7,11,66,57
2026-09-04,m_08AJGA,8,t_3TbOfu,Deportivo Riestra,VISITANTE,1,1,3,3,1.0,4.0,10,6,3,4,5,0,1.0,1.0,,,15,20,7,21,465,253,352,129,9,21,15,11,68,65
2026-09-14,m_2vy6Yj,Clausura - Round 9,t_3TbOfu,Deportivo Riestra,LOCAL,0,3,4,4,2.0,1.0,23,11,6,6,7,4,1.0,3.0,1.0,1.0,28,20,18,8,297,527,192,406,18,11,10,7,65,69
2026-09-14,m_0AnTKr,9,t_3TbOfu,Deportivo Riestra,LOCAL,0,3,4,4,2.0,1.0,23,11,6,6,7,4,1.0,3.0,1.0,1.0,28,20,18,8,297,527,192,406,18,11,10,7,65,69
2026-01-23,m_1oH2tW,1,t_1HsET8,Estudiantes,VISITANTE,1,1,10,5,2.0,4.0,13,11,3,2,6,6,1.0,3.0,0.0,2.0,22,22,9,10,284,445,205,357,11,23,11,8,53,49
2026-01-29,m_09UPPR,2,t_1HsET8,Estudiantes,LOCAL,1,2,7,5,1.0,2.0,10,13,3,7,2,4,2.0,4.0,1.0,3.0,32,18,8,14,464,230,397,171,19,20,8,5,39,41
2026-02-02,m_0cs8S8,3,t_1HsET8,Estudiantes,VISITANTE,0,0,0,3,2.0,1.0,9,14,1,6,6,6,0.0,2.0,0.0,2.0,8,17,8,8,278,461,210,409,16,10,4,6,34,39
2026-02-09,m_3sDDFG,4,t_1HsET8,Estudiantes,LOCAL,1,0,4,5,1.0,5.0,16,8,6,3,6,3,2.0,3.0,1.0,3.0,14,14,7,22,503,193,437,103,6,18,4,5,55,45
2026-02-15,m_2wlvcQ,5,t_1HsET8,Estudiantes,VISITANTE,0,0,4,6,2.0,3.0,11,14,2,4,3,8,1.0,3.0,1.0,3.0,13,26,14,13,292,428,228,369,16,20,6,6,49,39
2026-02-20,m_2kYA49,6,t_1HsET8,Estudiantes,LOCAL,1,0,4,4,4.0,4.0,12,12,7,3,5,4,1.0,1.0,0.0,1.0,16,23,14,8,274,389,198,315,17,15,6,7,52,45
2026-02-25,m_2byNvS,7,t_1HsET8,Estudiantes,VISITANTE,0,2,2,3,2.0,1.0,14,17,1,7,10,7,1.0,4.0,1.0,4.0,15,18,11,12,273,473,203,410,18,13,5,7,52,51
2026-03-02,m_3WwAlG,8,t_1HsET8,Estudiantes,LOCAL,0,1,9,4,5.0,4.0,12,9,2,1,2,8,1.0,2.0,1.0,1.0,23,16,13,16,415,316,346,245,20,14,10,9,60,59
2026-03-13,m_2rfIEE,10,t_1HsET8,Estudiantes,LOCAL,0,1,7,5,3.0,2.0,17,7,3,2,6,2,0.0,1.0,,,17,19,7,13,502,377,427,309,13,10,8,10,42,46
2026-03-18,m_2XIz1k,11,t_1HsET8,Estudiantes,VISITANTE,1,2,4,3,2.0,5.0,13,10,2,6,7,3,1.0,2.0,0.0,1.0,19,24,10,17,314,446,238,364,17,29,8,8,42,49
2026-03-23,m_0d5xg9,12,t_1HsET8,Estudiantes,LOCAL,5,0,8,4,2.0,3.0,25,4,13,1,6,0,6.0,0.0,2.0,0.0,33,9,10,13,415,338,344,252,9,17,11,9,48,44
2026-04-03,m_0IMWj8,13,t_1HsET8,Estudiantes,VISITANTE,1,0,4,3,4.0,4.0,10,13,5,5,3,7,2.0,1.0,2.0,1.0,18,21,14,15,340,450,255,372,28,17,15,4,63,68
2026-04-11,m_4fxT6w,14,t_1HsET8,Estudiantes,LOCAL,2,1,4,6,5.0,5.0,10,12,3,2,5,6,3.0,2.0,1.0,1.0,17,15,17,14,487,285,403,196,16,12,10,11,50,45
2026-04-18,m_1Vr866,15,t_1HsET8,Estudiantes,VISITANTE,0,1,7,2,3.0,4.0,16,4,3,2,8,1,0.0,1.0,0.0,1.0,29,5,16,17,368,279,295,195,10,16,5,6,55,44
2026-04-25,m_4DTyjs,16,t_1HsET8,Estudiantes,LOCAL,0,0,6,1,1.0,4.0,16,10,3,3,7,3,2.0,0.0,2.0,0.0,19,14,8,10,455,383,380,320,21,21,9,9,46,50
2026-05-03,m_3MBuhd,9,t_1HsET8,Estudiantes,VISITANTE,0,2,7,5,1.0,1.0,18,16,7,8,9,6,3.0,3.0,3.0,1.0,21,18,10,12,351,332,269,253,15,11,4,10,57,59
2026-05-10,m_3vjLig,1/8,t_1HsET8,Estudiantes,LOCAL,0,1,1,4,2.0,5.0,13,8,4,2,5,5,1.0,2.0,1.0,1.0,21,11,1,18,357,389,253,291,14,19,9,16,62,64
2026-07-26,m_0smnBS,1,t_1HsET8,Estudiantes,LOCAL,0,2,5,5,1.0,1.0,16,14,3,4,8,7,3.0,3.0,3.0,1.0,33,22,15,14,376,268,293,176,24,20,12,16,48,49
2026-08-01,m_2xdOyu,3,t_1HsET8,Estudiantes,LOCAL,3,0,2,5,1.0,2.0,15,20,9,8,4,6,7.0,2.0,5.0,2.0,16,31,14,9,333,480,268,405,16,25,10,12,56,60
2026-08-05,m_26MC0h,2,t_1HsET8,Estudiantes,VISITANTE,0,1,2,5,3.0,1.0,8,12,4,2,3,4,1.0,2.0,1.0,1.0,18,28,11,16,381,609,305,528,18,21,14,5,52,57
2026-08-08,m_3xPV3E,4,t_1HsET8,Estudiantes,VISITANTE,2,0,2,0,3.0,4.0,10,9,4,1,3,4,3.0,1.0,1.0,1.0,16,10,15,13,232,627,132,523,15,15,19,12,61,61
2026-08-15,m_3spPk4,5,t_1HsET8,Estudiantes,LOCAL,4,0,7,2,2.0,5.0,22,8,8,3,7,2,6.0,1.0,4.0,1.0,21,8,14,15,591,173,522,107,17,22,4,10,46,35
2026-08-23,m_3xzvfD,6,t_1HsET8,Estudiantes,VISITANTE,2,0,3,5,2.0,4.0,11,19,6,6,5,9,2.0,1.0,1.0,1.0,16,25,17,9,178,582,104,514,17,13,6,3,44,46
2026-08-31,m_23XA3J,7,t_1HsET8,Estudiantes,LOCAL,0,0,6,0,1.0,1.0,24,9,8,2,10,6,5.0,2.0,5.0,2.0,35,10,10,15,563,337,463,238,25,17,8,10,57,56
2026-09-06,m_3kXmim,8,t_1HsET8,Estudiantes,VISITANTE,1,0,5,1,2.0,5.0,11,6,3,2,5,2,3.0,0.0,2.0,0.0,29,12,16,19,381,472,251,343,14,17,15,16,66,69
2026-09-12,m_2iSmoq,9,t_1HsET8,Estudiantes,LOCAL,2,1,2,2,4.0,3.0,16,12,10,1,5,8,3.0,2.0,2.0,1.0,24,10,15,19,423,306,332,207,24,10,7,12,52,51
2026-09-22,m_0Feldm,Clausura - Round 10,t_1HsET8,Estudiantes,VISITANTE,2,1,1,8,2.0,2.0,6,24,3,5,2,10,2.0,3.0,0.0,3.0,11,32,11,10,394,575,300,481,12,17,10,8,64,65
2026-10-05,m_2cktRa,Clausura - Round 11,t_1HsET8,Estudiantes,LOCAL,3,0,4,5,1.0,3.0,17,10,5,2,10,5,7.0,3.0,4.0,3.0,28,18,14,19,362,345,290,257,9,13,9,8,38,39
2026-01-26,m_3gOUak,1,t_1dhmUh,Estudiantes de Río Cuarto,VISITANTE,0,2,6,3,3.0,3.0,9,11,2,3,5,5,1.0,3.0,1.0,1.0,14,12,9,16,326,357,236,264,14,10,2,6,33,40
2026-01-30,m_1mw3rN,2,t_1dhmUh,Estudiantes de Río Cuarto,LOCAL,0,0,6,1,0.0,2.0,11,7,3,0,5,6,1.0,0.0,1.0,0.0,23,11,13,18,652,229,563,150,12,16,15,17,47,48
2026-02-03,m_1P4cPw,3,t_1dhmUh,Estudiantes de Río Cuarto,VISITANTE,1,2,2,4,2.0,2.0,15,14,4,4,8,7,2.0,2.0,1.0,1.0,23,35,13,7,248,322,150,225,10,26,4,6,44,55
2026-02-10,m_3jKKF8,4,t_1dhmUh,Estudiantes de Río Cuarto,LOCAL,0,1,3,4,4.0,1.0,12,15,0,3,11,8,0.0,1.0,0.0,1.0,20,23,12,9,346,363,224,240,11,15,23,8,55,50
2026-02-15,m_37CuJS,5,t_1dhmUh,Estudiantes de Río Cuarto,VISITANTE,0,4,2,7,3.0,1.0,5,18,0,7,3,8,0.0,7.0,0.0,3.0,10,18,11,13,279,266,172,176,11,10,16,20,34,49
2026-02-22,m_48r2a7,6,t_1dhmUh,Estudiantes de Río Cuarto,VISITANTE,0,2,6,3,3.0,2.0,11,8,4,6,4,1,0.0,1.0,,,21,11,13,13,351,350,254,271,15,19,8,10,52,53
2026-02-26,m_0JTPFi,7,t_1dhmUh,Estudiantes de Río Cuarto,LOCAL,0,2,5,6,6.0,3.0,10,18,2,7,7,9,1.0,5.0,1.0,3.0,16,14,10,13,457,246,370,173,15,14,3,9,43,51
2026-03-03,m_3B5PeK,8,t_1dhmUh,Estudiantes de Río Cuarto,VISITANTE,0,1,8,6,2.0,4.0,10,12,2,3,7,4,1.0,1.0,1.0,0.0,20,19,12,18,307,348,207,255,25,16,9,7,40,48
2026-03-12,m_3oaL0D,10,t_1dhmUh,Estudiantes de Río Cuarto,LOCAL,1,0,2,8,2.0,1.0,8,16,1,2,4,10,1.0,0.0,,,17,21,10,4,350,382,245,268,26,20,11,9,61,68
2026-03-16,m_1jmmXo,11,t_1dhmUh,Estudiantes de Río Cuarto,VISITANTE,0,2,1,3,3.0,1.0,3,22,0,3,3,13,0.0,6.0,0.0,4.0,0,33,13,12,364,450,283,366,15,24,6,9,37,39
2026-03-22,m_38Dq9r,12,t_1dhmUh,Estudiantes de Río Cuarto,LOCAL,2,0,7,5,2.0,2.0,9,7,3,1,2,1,2.0,0.0,,,16,17,8,7,401,300,338,215,15,18,8,8,55,50
2026-04-04,m_3pnBbL,13,t_1dhmUh,Estudiantes de Río Cuarto,VISITANTE,0,0,10,6,2.0,5.0,13,11,2,3,6,7,2.0,2.0,2.0,2.0,21,22,11,16,472,241,374,148,9,13,7,12,61,53
2026-04-12,m_1VteVu,14,t_1dhmUh,Estudiantes de Río Cuarto,LOCAL,2,1,2,6,3.0,1.0,11,16,5,4,4,9,1.0,3.0,1.0,2.0,19,22,20,12,193,574,119,495,10,15,6,14,39,47
2026-04-18,m_2yMdi1,15,t_1dhmUh,Estudiantes de Río Cuarto,VISITANTE,1,0,1,4,3.0,3.0,15,14,4,4,11,9,3.0,3.0,2.0,3.0,29,18,12,13,327,389,258,303,13,13,16,7,54,50
2026-04-24,m_4KqHL3,16,t_1dhmUh,Estudiantes de Río Cuarto,LOCAL,2,1,4,0,4.0,1.0,12,14,4,2,8,10,3.0,4.0,1.0,4.0,22,23,11,12,429,310,344,233,17,18,15,15,54,56
2026-05-05,m_1qqpJe,9,t_1dhmUh,Estudiantes de Río Cuarto,LOCAL,2,0,8,3,1.0,1.0,22,9,7,2,10,6,4.0,1.0,2.0,1.0,44,13,15,6,446,339,369,243,18,15,6,6,62,53
2026-07-25,m_2VlptL,1,t_1dhmUh,Estudiantes de Río Cuarto,LOCAL,1,0,4,5,2.0,2.0,8,18,2,4,4,7,2.0,0.0,1.0,0.0,11,21,18,13,317,491,234,404,16,17,15,5,54,46
2026-07-29,m_3zA6AY,2,t_1dhmUh,Estudiantes de Río Cuarto,VISITANTE,3,0,6,4,0.0,1.0,17,12,9,4,7,6,6.0,1.0,3.0,1.0,25,15,7,5,646,274,558,188,21,18,8,10,57,53
2026-08-01,m_0OvFHa,3,t_1dhmUh,Estudiantes de Río Cuarto,LOCAL,0,0,7,5,2.0,0.0,8,14,0,3,5,7,0.0,1.0,0.0,1.0,15,17,19,14,394,296,288,184,23,23,9,7,53,58
2026-08-08,m_0eUxKc,4,t_1dhmUh,Estudiantes de Río Cuarto,VISITANTE,2,1,4,3,1.0,3.0,18,6,3,3,10,2,4.0,2.0,3.0,1.0,23,8,10,11,566,313,465,215,21,14,4,12,57,54
2026-08-17,m_17RFeg,5,t_1dhmUh,Estudiantes de Río Cuarto,LOCAL,1,0,6,4,4.0,1.0,9,12,3,1,5,6,1.0,0.0,,,19,12,15,12,352,346,264,253,25,33,10,17,61,51
2026-08-21,m_3wtsgB,6,t_1dhmUh,Estudiantes de Río Cuarto,LOCAL,0,0,0,1,3.0,1.0,8,13,2,4,4,8,,,,,12,18,18,4,322,437,229,337,38,15,12,7,62,55
2026-08-29,m_0m7kON,7,t_1dhmUh,Estudiantes de Río Cuarto,VISITANTE,1,1,2,8,4.0,2.0,5,18,1,2,3,7,1.0,2.0,0.0,1.0,11,27,17,12,271,500,187,419,15,15,24,14,34,45
2026-09-04,m_4fJmCv,8,t_1dhmUh,Estudiantes de Río Cuarto,LOCAL,2,0,1,14,0.0,2.0,12,18,4,3,6,8,3.0,1.0,2.0,1.0,19,24,6,9,274,502,183,408,20,19,13,7,44,57
2026-09-15,m_47lc7V,9,t_1dhmUh,Estudiantes de Río Cuarto,VISITANTE,2,1,2,3,3.0,2.0,13,11,4,5,4,5,0.0,1.0,0.0,1.0,18,18,10,12,315,471,241,392,20,19,14,9,42,48
2026-09-15,m_1qj0Vv,Clausura - Round 9,t_1dhmUh,Estudiantes de Río Cuarto,VISITANTE,2,1,2,3,3.0,2.0,13,11,4,5,4,5,0.0,1.0,0.0,1.0,18,18,10,12,315,471,241,392,20,19,14,9,42,48
2026-01-24,m_0U6amu,1,t_0rGDE4,Gimnasia LP,LOCAL,2,1,4,5,2.0,3.0,7,13,5,3,1,7,3.0,2.0,2.0,1.0,13,27,13,15,199,566,118,469,25,8,13,7,37,43
2026-01-28,m_01aTkm,2,t_0rGDE4,Gimnasia LP,VISITANTE,2,0,6,4,3.0,2.0,17,3,8,1,9,1,2.0,1.0,2.0,1.0,28,5,12,11,635,255,556,172,12,24,12,13,50,45
2026-02-02,m_3OMXQ9,3,t_0rGDE4,Gimnasia LP,LOCAL,3,1,1,3,1.0,2.0,14,13,6,1,7,7,3.0,2.0,1.0,1.0,12,24,13,17,345,331,276,241,14,14,10,10,42,42
2026-02-09,m_1Cuhf7,4,t_0rGDE4,Gimnasia LP,VISITANTE,0,2,7,2,3.0,2.0,12,13,4,6,8,4,0.0,2.0,0.0,1.0,18,21,10,17,531,277,460,198,18,6,15,8,56,48
2026-02-15,m_2wlvcQ,5,t_0rGDE4,Gimnasia LP,LOCAL,0,0,6,4,3.0,2.0,14,11,4,2,8,3,3.0,1.0,3.0,1.0,26,13,13,14,428,292,369,228,20,16,6,6,39,49
2026-02-21,m_3TfM13,6,t_0rGDE4,Gimnasia LP,VISITANTE,0,1,7,4,3.0,4.0,26,9,6,2,16,5,2.0,2.0,2.0,1.0,31,16,10,16,433,315,358,225,9,14,13,8,45,50
2026-02-25,m_1j8XKc,7,t_0rGDE4,Gimnasia LP,LOCAL,2,1,3,6,3.0,4.0,9,13,2,6,5,4,1.0,5.0,1.0,4.0,15,18,20,14,467,365,390,293,23,25,8,9,52,48
2026-03-02,m_4QwFk6,8,t_0rGDE4,Gimnasia LP,VISITANTE,2,2,9,2,1.0,5.0,21,5,6,3,10,2,3.0,2.0,2.0,1.0,31,10,9,18,342,327,254,240,24,33,12,8,57,52
2026-03-11,m_2bEX07,10,t_0rGDE4,Gimnasia LP,VISITANTE,2,1,3,8,4.0,6.0,13,18,6,5,5,7,2.0,1.0,1.0,1.0,12,29,6,12,346,385,263,312,25,10,8,5,58,52
2026-03-15,m_4KLddA,11,t_0rGDE4,Gimnasia LP,LOCAL,2,3,4,2,5.0,2.0,9,13,3,3,4,7,0.0,3.0,0.0,1.0,12,14,12,11,356,388,284,317,18,11,5,11,44,53
2026-03-21,m_1c7isO,12,t_0rGDE4,Gimnasia LP,VISITANTE,0,1,4,6,6.0,2.0,10,16,1,2,4,9,0.0,1.0,,,23,16,14,12,474,270,383,180,16,21,9,8,40,51
2026-04-05,m_2k76Cm,13,t_0rGDE4,Gimnasia LP,LOCAL,3,0,5,8,4.0,1.0,10,25,5,5,1,16,3.0,4.0,1.0,4.0,19,36,19,6,281,562,190,481,15,15,4,14,50,59
2026-04-13,m_4DcYBn,14,t_0rGDE4,Gimnasia LP,VISITANTE,2,1,7,3,3.0,3.0,17,11,7,3,5,7,3.0,2.0,2.0,1.0,22,13,12,17,403,307,309,214,12,15,9,7,50,47
2026-04-18,m_2yMdi1,15,t_0rGDE4,Gimnasia LP,LOCAL,0,1,4,1,3.0,3.0,14,15,4,4,9,11,3.0,3.0,3.0,2.0,18,29,13,12,389,327,303,258,13,13,7,16,50,54
2026-04-26,m_3Xoqfp,16,t_0rGDE4,Gimnasia LP,VISITANTE,1,0,6,3,2.0,2.0,6,7,2,0,2,6,1.0,1.0,1.0,1.0,22,17,9,16,428,361,348,266,19,21,10,12,52,60
2026-05-03,m_1fmUw8,9,t_0rGDE4,Gimnasia LP,LOCAL,2,0,3,11,3.0,5.0,12,14,2,3,7,5,2.0,1.0,0.0,1.0,13,25,11,17,291,512,211,441,20,11,19,9,64,55
2026-05-11,m_4Cpvon,1/8,t_0rGDE4,Gimnasia LP,VISITANTE,1,0,0,17,5.0,2.0,7,27,3,5,2,10,2.0,1.0,1.0,1.0,6,44,13,9,232,526,151,443,11,11,11,10,40,49
2026-05-14,m_3ar3G9,1/4,t_0rGDE4,Gimnasia LP,VISITANTE,0,2,5,7,4.0,1.0,12,18,6,8,6,3,2.0,2.0,2.0,1.0,16,28,16,21,333,459,228,359,11,18,11,8,38,61
2026-07-24,m_1P4GDL,1,t_0rGDE4,Gimnasia LP,VISITANTE,2,1,4,3,1.0,3.0,18,9,7,5,6,3,3.0,3.0,2.0,2.0,28,19,10,12,499,373,403,274,17,13,14,12,56,52
2026-07-29,m_19jhYQ,2,t_0rGDE4,Gimnasia LP,LOCAL,0,1,8,3,2.0,1.0,10,14,3,3,5,9,0.0,4.0,0.0,3.0,13,18,11,11,616,208,539,126,13,22,5,11,50,55
2026-08-02,m_2GNnDW,3,t_0rGDE4,Gimnasia LP,VISITANTE,2,1,4,3,3.0,3.0,11,18,4,4,5,11,2.0,2.0,0.0,1.0,11,24,11,10,364,369,275,258,10,19,5,7,61,66
2026-08-09,m_4AhgSS,4,t_0rGDE4,Gimnasia LP,LOCAL,0,2,1,2,4.0,3.0,13,16,2,6,8,5,0.0,1.0,,,17,17,18,7,445,427,334,314,16,26,10,16,66,69
2026-08-15,m_3spPk4,5,t_0rGDE4,Gimnasia LP,VISITANTE,0,4,2,7,5.0,2.0,8,22,3,8,2,7,1.0,6.0,1.0,4.0,8,21,15,14,173,591,107,522,22,17,10,4,35,46
2026-08-22,m_4FtNTS,6,t_0rGDE4,Gimnasia LP,LOCAL,3,2,1,6,3.0,0.0,14,17,6,6,6,7,4.0,5.0,2.0,4.0,16,48,24,4,368,467,273,372,21,27,8,11,62,64
2026-08-29,m_4bNncf,7,t_0rGDE4,Gimnasia LP,VISITANTE,2,1,3,10,3.0,2.0,11,15,3,7,5,6,,,,,11,19,12,13,285,607,183,513,22,11,20,10,60,64
2026-09-05,m_2MnXyo,8,t_0rGDE4,Gimnasia LP,LOCAL,2,1,5,1,3.0,4.0,14,12,7,3,4,7,3.0,1.0,1.0,0.0,31,20,15,14,332,382,255,300,22,12,4,13,53,53
2026-09-13,m_2tVeMD,9,t_0rGDE4,Gimnasia LP,VISITANTE,1,1,6,3,1.0,4.0,14,9,2,2,6,7,3.0,3.0,2.0,2.0,21,13,6,16,550,313,460,236,18,23,12,13,45,52
2026-09-19,m_1rGQaB,Clausura - Round 10,t_0rGDE4,Gimnasia LP,LOCAL,2,2,2,5,2.0,0.0,11,23,5,7,4,11,1.0,8.0,1.0,7.0,16,26,16,9,374,443,284,353,17,14,13,9,50,52
2026-01-23,m_22Z8p0,1,t_1g5yTJ,Gimnasia Mendoza,VISITANTE,0,1,14,2,0.0,1.0,16,11,4,4,5,5,2.0,2.0,2.0,2.0,25,12,9,10,524,245,443,163,15,22,6,8,46,40
2026-01-27,m_14jWEQ,2,t_1g5yTJ,Gimnasia Mendoza,LOCAL,0,1,4,4,1.0,2.0,13,9,3,1,6,5,0.0,1.0,,,9,12,11,12,346,251,250,142,19,19,8,9,49,51
2026-02-03,m_0Xzrp8,3,t_1g5yTJ,Gimnasia Mendoza,VISITANTE,4,0,3,1,1.0,1.0,17,4,7,1,6,2,4.0,0.0,1.0,0.0,27,3,13,9,494,353,418,281,19,12,9,11,47,40
2026-02-09,m_185FrI,4,t_1g5yTJ,Gimnasia Mendoza,LOCAL,0,1,7,4,1.0,1.0,12,12,5,5,5,6,3.0,2.0,3.0,1.0,24,22,8,12,404,337,295,253,9,18,9,11,61,53
2026-02-14,m_2a1a7F,5,t_1g5yTJ,Gimnasia Mendoza,VISITANTE,2,1,4,2,2.0,1.0,13,8,6,5,3,3,2.0,4.0,2.0,3.0,15,11,12,14,486,286,397,204,24,28,6,11,54,45
2026-02-21,m_3TfM13,6,t_1g5yTJ,Gimnasia Mendoza,LOCAL,1,0,4,7,4.0,3.0,9,26,2,6,5,16,2.0,2.0,1.0,2.0,16,31,16,10,315,433,225,358,14,9,8,13,50,45
2026-02-25,m_4Hyhnt,7,t_1g5yTJ,Gimnasia Mendoza,LOCAL,1,1,4,5,5.0,1.0,8,6,3,4,2,1,,,,,16,15,11,12,394,343,292,227,20,14,6,12,56,46
2026-02-28,m_3ZmoAF,8,t_1g5yTJ,Gimnasia Mendoza,VISITANTE,1,1,3,9,4.0,3.0,6,19,3,5,1,10,0.0,2.0,0.0,2.0,5,30,17,11,247,575,150,488,20,20,14,6,68,66
2026-03-12,m_2mbzIF,10,t_1g5yTJ,Gimnasia Mendoza,VISITANTE,0,0,7,2,3.0,3.0,14,7,7,2,3,3,,,,,32,5,20,13,314,258,164,149,33,13,11,17,65,66
2026-03-18,m_2XIz1k,11,t_1g5yTJ,Gimnasia Mendoza,LOCAL,2,1,3,4,5.0,2.0,10,13,6,2,3,7,2.0,1.0,1.0,0.0,24,19,17,10,446,314,364,238,29,17,8,8,49,42
2026-03-21,m_2gIXlp,12,t_1g5yTJ,Gimnasia Mendoza,VISITANTE,0,1,5,6,7.0,3.0,10,16,3,5,3,5,0.0,1.0,,,14,25,15,13,289,381,210,326,18,14,2,10,49,53
2026-04-03,m_1tC6eA,13,t_1g5yTJ,Gimnasia Mendoza,LOCAL,3,2,4,0,2.0,2.0,16,11,9,3,5,6,2.0,3.0,1.0,2.0,20,16,12,12,360,471,286,375,15,19,13,5,61,65
2026-04-12,m_4TG70M,14,t_1g5yTJ,Gimnasia Mendoza,VISITANTE,1,1,5,2,3.0,1.0,12,8,4,5,6,2,0.0,2.0,0.0,1.0,25,12,12,15,404,372,309,269,27,33,12,11,75,54
2026-04-21,m_2riSvt,15,t_1g5yTJ,Gimnasia Mendoza,LOCAL,0,1,1,6,5.0,1.0,8,19,0,4,5,6,1.0,3.0,1.0,2.0,14,13,18,17,395,283,314,201,15,13,5,10,53,44
2026-04-26,m_1qQfO1,16,t_1g5yTJ,Gimnasia Mendoza,VISITANTE,5,1,11,2,2.0,6.0,23,7,10,2,7,4,6.0,1.0,2.0,0.0,30,11,15,18,255,183,192,129,16,12,6,7,36,39
2026-05-04,m_019qHk,9,t_1g5yTJ,Gimnasia Mendoza,LOCAL,1,2,7,2,3.0,2.0,11,9,4,3,7,3,1.0,2.0,0.0,1.0,27,11,12,10,394,280,306,190,17,15,9,5,55,49
2026-07-24,m_3B1MqQ,1,t_1g5yTJ,Gimnasia Mendoza,LOCAL,1,0,3,3,0.0,1.0,22,8,8,3,8,5,2.0,2.0,1.0,2.0,23,16,6,13,516,302,449,230,11,23,9,10,57,61
2026-07-28,m_0SpGk1,2,t_1g5yTJ,Gimnasia Mendoza,VISITANTE,1,0,4,6,0.0,4.0,13,13,5,3,4,3,2.0,0.0,1.0,0.0,24,18,11,14,444,430,364,357,30,27,14,4,63,60
2026-08-01,m_2WYe7B,3,t_1g5yTJ,Gimnasia Mendoza,LOCAL,2,0,9,5,2.0,0.0,15,13,7,4,3,6,3.0,3.0,1.0,3.0,17,20,14,15,371,336,286,265,17,19,14,8,47,48
2026-08-09,m_3JpYQD,4,t_1g5yTJ,Gimnasia Mendoza,VISITANTE,1,0,4,2,4.0,5.0,15,5,7,1,5,4,5.0,1.0,4.0,1.0,27,11,17,12,340,377,244,280,21,25,12,13,51,47
2026-08-18,m_15Akee,5,t_1g5yTJ,Gimnasia Mendoza,LOCAL,3,1,7,3,3.0,3.0,18,15,6,5,8,7,4.0,4.0,2.0,3.0,10,17,14,8,442,499,369,435,18,15,14,7,68,50
2026-08-22,m_4FtNTS,6,t_1g5yTJ,Gimnasia Mendoza,VISITANTE,2,3,6,1,0.0,3.0,17,14,6,6,7,6,5.0,4.0,4.0,2.0,48,16,4,24,467,368,372,273,27,21,11,8,64,62
2026-08-30,m_14q45G,7,t_1g5yTJ,Gimnasia Mendoza,VISITANTE,3,0,4,7,1.0,1.0,11,11,4,4,6,2,3.0,3.0,3.0,3.0,13,21,15,7,331,464,249,368,18,18,12,9,61,54
2026-09-05,m_4BLbJI,8,t_1g5yTJ,Gimnasia Mendoza,LOCAL,2,2,5,6,2.0,4.0,17,12,7,6,8,3,2.0,1.0,2.0,1.0,20,20,6,8,455,326,369,240,11,13,2,12,43,47
2026-09-11,m_0v5efb,9,t_1g5yTJ,Gimnasia Mendoza,VISITANTE,2,0,5,6,1.0,3.0,10,16,6,1,3,9,3.0,1.0,2.0,1.0,16,22,18,9,355,377,274,296,32,20,10,9,62,55
2026-10-05,m_2cktRa,Clausura - Round 11,t_1g5yTJ,Gimnasia Mendoza,VISITANTE,0,3,5,4,3.0,1.0,10,17,2,5,5,10,3.0,7.0,3.0,4.0,18,28,19,14,345,362,257,290,13,9,8,9,39,38
2026-01-22,m_4LyLYK,1,t_2qXAzu,Huracán,VISITANTE,1,1,4,2,4.0,4.0,14,11,4,4,4,5,2.0,2.0,1.0,1.0,15,13,8,14,236,408,156,315,14,20,20,10,36,53
2026-01-27,m_2jeBEO,2,t_2qXAzu,Huracán,LOCAL,1,2,2,5,2.0,4.0,9,8,2,6,4,2,2.0,2.0,1.0,0.0,18,9,14,14,420,269,336,182,26,17,13,8,45,41
2026-02-01,m_3bjCVs,3,t_2qXAzu,Huracán,VISITANTE,1,1,6,5,2.0,4.0,11,9,4,1,5,5,3.0,1.0,2.0,0.0,20,25,9,15,286,331,188,227,23,18,6,9,39,38
2026-02-08,m_4PxDme,4,t_2qXAzu,Huracán,LOCAL,1,0,1,2,3.0,7.0,8,5,3,0,4,4,2.0,0.0,1.0,0.0,9,7,17,22,281,316,174,202,19,11,8,9,45,43
2026-02-14,m_0cdzvY,5,t_2qXAzu,Huracán,LOCAL,0,1,2,6,7.0,2.0,3,9,0,4,2,4,0.0,2.0,0.0,1.0,5,18,23,10,265,310,171,223,12,9,8,10,39,47
2026-02-21,m_0aYpab,6,t_2qXAzu,Huracán,VISITANTE,0,0,8,3,5.0,3.0,9,7,2,3,2,3,,,,,18,14,21,10,278,268,168,172,15,6,7,7,43,44
2026-02-26,m_0JTPFi,7,t_2qXAzu,Huracán,VISITANTE,2,0,6,5,3.0,6.0,18,10,7,2,9,7,5.0,1.0,3.0,1.0,14,16,13,10,246,457,173,370,14,15,9,3,51,43
2026-03-03,m_2obGmX,8,t_2qXAzu,Huracán,LOCAL,3,1,3,3,2.0,2.0,20,9,7,2,8,6,2.0,1.0,2.0,1.0,24,10,12,11,396,369,325,300,26,10,11,11,50,50
2026-03-13,m_2e6Rvv,10,t_2qXAzu,Huracán,LOCAL,1,2,4,4,6.0,3.0,15,10,5,7,8,1,3.0,6.0,2.0,4.0,24,15,11,10,286,438,215,366,10,16,5,12,46,38
2026-03-16,m_2vu8vn,11,t_2qXAzu,Huracán,VISITANTE,0,0,4,4,2.0,3.0,12,14,2,4,6,7,,,,,17,17,17,12,280,436,188,344,17,16,11,11,51,44
2026-03-24,m_1Klahn,12,t_2qXAzu,Huracán,LOCAL,0,0,5,7,1.0,2.0,5,15,1,4,3,10,2.0,1.0,2.0,1.0,10,21,14,9,239,532,151,448,19,13,12,12,55,62
2026-04-05,m_2k76Cm,13,t_2qXAzu,Huracán,VISITANTE,0,3,8,5,1.0,4.0,25,10,5,5,16,1,4.0,3.0,4.0,1.0,36,19,6,19,562,281,481,190,15,15,14,4,59,50
2026-04-12,m_19wJgg,14,t_2qXAzu,Huracán,LOCAL,1,3,3,10,2.0,1.0,7,16,1,8,3,5,2.0,3.0,1.0,1.0,13,25,8,15,473,342,399,265,12,16,11,11,46,52
2026-04-21,m_0QP5Eq,15,t_2qXAzu,Huracán,VISITANTE,1,1,0,3,2.0,4.0,9,5,2,2,5,1,2.0,0.0,1.0,0.0,11,20,15,14,305,532,224,450,10,26,8,12,61,58
2026-04-28,m_4Q9jVb,16,t_2qXAzu,Huracán,LOCAL,1,2,4,5,3.0,2.0,11,5,4,2,3,2,0.0,1.0,,,12,15,15,11,343,424,253,343,19,27,9,10,46,51
2026-05-03,m_4ODmAi,9,t_2qXAzu,Huracán,VISITANTE,0,0,6,1,1.0,2.0,9,5,1,1,4,3,1.0,0.0,1.0,0.0,20,6,15,11,425,248,299,124,18,22,12,9,54,50
2026-05-09,m_0kTolw,1/8,t_2qXAzu,Huracán,VISITANTE,2,3,17,1,1.0,5.0,36,8,11,4,13,2,4.0,2.0,3.0,0.0,58,8,10,15,690,335,575,219,21,20,7,8,76,66
2026-05-13,m_3CeTeZ,1/4,t_2qXAzu,Huracán,VISITANTE,0,1,2,9,6.0,2.0,11,18,4,4,5,9,1.0,2.0,1.0,1.0,14,23,29,14,398,636,264,519,20,14,16,14,61,72
2026-07-25,m_19ZLfE,1,t_2qXAzu,Huracán,LOCAL,1,0,4,2,1.0,3.0,21,5,11,1,8,3,3.0,0.0,2.0,0.0,29,13,11,12,484,334,396,248,15,17,13,8,54,57
2026-07-30,m_4ZaB72,2,t_2qXAzu,Huracán,VISITANTE,2,1,3,6,,,21,14,7,6,6,7,2.0,2.0,1.0,2.0,31,15,12,8,263,483,190,391,12,14,12,2,53,42
2026-08-04,m_0KKvFY,3,t_2qXAzu,Huracán,LOCAL,0,0,4,6,2.0,3.0,16,16,1,3,12,8,1.0,0.0,1.0,0.0,17,23,4,12,550,291,470,221,34,12,15,11,58,63
2026-08-09,m_3Oow95,4,t_2qXAzu,Huracán,VISITANTE,0,2,2,4,3.0,3.0,8,14,2,5,2,8,2.0,3.0,2.0,1.0,15,17,10,21,410,353,327,263,20,31,16,1,49,66
2026-08-16,m_0VVZir,5,t_2qXAzu,Huracán,VISITANTE,0,2,4,9,4.0,2.0,10,18,0,5,6,9,0.0,2.0,,,8,23,16,14,439,190,356,101,14,17,4,10,44,46
2026-08-23,m_3jpi32,6,t_2qXAzu,Huracán,LOCAL,0,0,3,4,0.0,4.0,12,13,4,2,5,6,0.0,2.0,0.0,2.0,16,17,9,21,564,242,434,125,20,22,11,11,55,51
2026-08-29,m_0m7kON,7,t_2qXAzu,Huracán,LOCAL,1,1,8,2,2.0,4.0,18,5,2,1,7,3,2.0,1.0,1.0,0.0,27,11,12,17,500,271,419,187,15,15,14,24,45,34
2026-09-04,m_1hvbqC,8,t_2qXAzu,Huracán,VISITANTE,1,1,6,3,2.0,2.0,21,7,8,3,9,2,6.0,1.0,5.0,0.0,29,11,10,9,472,390,395,306,22,27,15,13,68,56
2026-09-14,m_3n69Oa,Clausura - Round 9,t_2qXAzu,Huracán,LOCAL,2,1,3,5,2.0,3.0,21,16,6,9,10,5,4.0,0.0,2.0,0.0,30,41,11,10,324,486,236,388,19,23,10,13,67,50
2026-09-14,m_1jSOwn,9,t_2qXAzu,Huracán,LOCAL,2,1,3,5,2.0,3.0,21,16,6,9,10,5,4.0,0.0,2.0,0.0,30,41,11,10,324,486,236,388,19,23,10,13,67,50
2026-10-04,m_1JKni6,Clausura - Round 11,t_2qXAzu,Huracán,LOCAL,0,1,5,6,5.0,2.0,13,17,4,7,7,8,2.0,4.0,2.0,4.0,17,31,10,10,406,413,318,326,18,15,18,7,62,65
2026-01-23,m_1oH2tW,1,t_1XZg6T,Independiente,LOCAL,1,1,5,10,4.0,2.0,11,13,2,3,6,6,3.0,1.0,2.0,0.0,22,22,10,9,445,284,357,205,23,11,8,11,49,53
2026-01-28,m_1BPKXp,2,t_1XZg6T,Independiente,VISITANTE,1,1,6,3,2.0,5.0,12,6,4,2,7,3,1.0,0.0,,,19,14,13,19,231,244,152,156,22,14,9,7,43,39
2026-01-31,m_1jdpKo,3,t_1XZg6T,Independiente,LOCAL,1,1,6,3,1.0,1.0,12,13,5,4,4,4,3.0,1.0,2.0,1.0,22,26,14,9,294,339,179,243,27,10,8,10,54,56
2026-02-08,m_4FfDiT,4,t_1XZg6T,Independiente,VISITANTE,0,1,4,1,0.0,4.0,5,10,1,5,3,3,0.0,3.0,0.0,2.0,11,14,12,9,318,305,206,207,21,12,8,8,61,51
2026-02-13,m_4CCLV7,5,t_1XZg6T,Independiente,LOCAL,0,2,1,7,2.0,4.0,5,17,0,3,4,7,0.0,2.0,0.0,1.0,12,24,14,18,379,362,290,286,16,14,11,10,40,45
2026-02-21,m_49Gg2q,6,t_1XZg6T,Independiente,VISITANTE,3,2,3,9,2.0,0.0,18,17,5,5,8,10,5.0,2.0,3.0,1.0,30,23,11,6,232,384,153,300,18,20,11,6,38,31
2026-02-25,m_4Hyhnt,7,t_1XZg6T,Independiente,VISITANTE,1,1,5,4,1.0,5.0,6,8,4,3,1,2,,,,,15,16,12,11,343,394,227,292,14,20,12,6,46,56
2026-02-28,m_2FKyoL,8,t_1XZg6T,Independiente,LOCAL,2,0,11,2,1.0,1.0,28,7,8,2,11,4,3.0,0.0,3.0,0.0,53,7,7,15,523,192,431,117,14,17,8,12,48,42
2026-03-10,m_433Hpb,10,t_1XZg6T,Independiente,LOCAL,4,4,7,3,2.0,0.0,13,9,7,6,4,3,5.0,4.0,2.0,1.0,29,18,12,10,374,291,277,195,22,19,6,7,49,56
2026-03-17,m_4WxmC2,11,t_1XZg6T,Independiente,VISITANTE,1,2,8,3,3.0,6.0,12,11,4,4,5,4,1.0,3.0,1.0,2.0,26,18,12,20,403,226,333,155,10,17,7,7,47,45
2026-03-21,m_41GmcC,12,t_1XZg6T,Independiente,LOCAL,1,2,6,5,1.0,2.0,16,8,4,4,10,2,3.0,3.0,2.0,1.0,34,10,8,16,363,347,267,253,22,15,7,10,61,54
2026-04-04,m_3qEFO6,13,t_1XZg6T,Independiente,LOCAL,1,0,6,4,2.0,3.0,8,10,3,1,1,6,1.0,1.0,0.0,1.0,17,19,9,15,258,287,157,175,10,20,6,9,47,50
2026-04-11,m_1uocnY,14,t_1XZg6T,Independiente,VISITANTE,1,1,3,3,0.0,3.0,12,9,5,1,5,5,4.0,1.0,3.0,1.0,26,12,7,17,558,350,469,242,18,10,21,8,63,64
2026-04-18,m_2qTx0J,15,t_1XZg6T,Independiente,LOCAL,1,3,5,6,2.0,2.0,9,13,1,5,6,6,1.0,3.0,0.0,1.0,14,30,12,7,412,404,331,315,14,21,23,14,51,62
2026-04-24,m_0cJtQg,16,t_1XZg6T,Independiente,VISITANTE,2,0,3,3,5.0,3.0,8,13,4,2,2,2,1.0,1.0,0.0,1.0,19,24,16,13,219,477,113,398,22,10,8,8,51,54
2026-05-02,m_3CZXTq,9,t_1XZg6T,Independiente,VISITANTE,1,2,7,4,4.0,3.0,25,13,7,5,11,3,2.0,3.0,1.0,1.0,34,23,13,19,460,346,386,264,21,16,9,11,58,62
2026-05-10,m_2dZtBq,1/8,t_1XZg6T,Independiente,VISITANTE,1,3,3,2,2.0,2.0,6,14,4,6,2,7,2.0,3.0,1.0,1.0,7,30,14,11,280,444,198,349,29,18,11,15,59,52
2026-07-26,m_0smnBS,1,t_1XZg6T,Independiente,VISITANTE,2,0,5,5,1.0,1.0,14,16,4,3,7,8,3.0,3.0,1.0,3.0,22,33,14,15,268,376,176,293,20,24,16,12,49,48
2026-07-31,m_2tup6z,2,t_1XZg6T,Independiente,LOCAL,1,0,7,2,2.0,3.0,12,2,4,1,5,1,1.0,0.0,1.0,0.0,26,7,12,7,404,447,319,345,30,32,10,15,66,57
2026-08-09,m_11WoiN,4,t_1XZg6T,Independiente,LOCAL,0,1,13,1,2.0,2.0,19,8,5,2,10,6,1.0,1.0,1.0,0.0,45,6,12,17,509,273,400,172,22,38,10,19,69,75
2026-08-17,m_1E7Dux,5,t_1XZg6T,Independiente,VISITANTE,3,1,5,10,3.0,2.0,14,21,4,6,6,12,2.0,1.0,0.0,1.0,21,33,11,18,378,397,287,311,21,23,9,11,46,51
2026-08-22,m_2IoMcO,6,t_1XZg6T,Independiente,LOCAL,0,0,11,3,2.0,3.0,13,11,3,4,8,4,2.0,1.0,2.0,1.0,27,16,8,12,494,314,394,210,11,21,8,16,57,51
2026-08-30,m_14q45G,7,t_1XZg6T,Independiente,LOCAL,0,3,7,4,1.0,1.0,11,11,4,4,2,6,3.0,3.0,3.0,3.0,21,13,7,15,464,331,368,249,18,18,9,12,54,61
2026-09-06,m_1W1wwo,8,t_1XZg6T,Independiente,VISITANTE,0,1,11,3,0.0,1.0,30,14,5,5,15,4,1.0,4.0,1.0,3.0,33,22,11,9,385,344,308,271,18,23,8,8,50,51
2026-09-13,m_0XqwtQ,9,t_1XZg6T,Independiente,LOCAL,1,1,8,6,2.0,3.0,23,8,5,3,9,3,3.0,0.0,2.0,0.0,20,10,12,17,497,252,425,173,18,25,6,7,48,39
2026-09-19,m_17fjdr,Clausura - Round 10,t_1XZg6T,Independiente,VISITANTE,1,2,6,1,2.0,4.0,21,8,4,4,10,2,2.0,1.0,1.0,0.0,27,11,11,12,366,317,276,235,14,6,5,5,51,41
2026-10-02,m_2hYK0U,Clausura - Round 11,t_1XZg6T,Independiente,LOCAL,1,4,3,7,4.0,3.0,8,13,2,6,5,4,0.0,3.0,0.0,1.0,14,19,13,9,306,345,227,275,14,15,7,7,34,48
2026-01-24,m_1bOPPX,1,t_0SmVI4,Independiente Rivadavia,LOCAL,1,2,3,1,3.0,2.0,14,11,5,5,6,5,1.0,2.0,0.0,1.0,19,15,11,13,296,216,200,137,17,25,9,11,46,48
2026-01-27,m_2jeBEO,2,t_0SmVI4,Independiente Rivadavia,VISITANTE,2,1,5,2,4.0,2.0,8,9,6,2,2,4,2.0,2.0,0.0,1.0,9,18,14,14,269,420,182,336,17,26,8,13,41,45
2026-02-04,m_2PMEYZ,3,t_0SmVI4,Independiente Rivadavia,LOCAL,1,2,1,4,3.0,0.0,16,19,7,8,6,8,2.0,4.0,1.0,2.0,20,28,10,10,401,278,309,190,14,16,4,9,48,63
2026-02-10,m_3jKKF8,4,t_0SmVI4,Independiente Rivadavia,VISITANTE,1,0,4,3,1.0,4.0,15,12,3,0,8,11,1.0,0.0,1.0,0.0,23,20,9,12,363,346,240,224,15,11,8,23,50,55
2026-02-15,m_4RVX9V,5,t_0SmVI4,Independiente Rivadavia,LOCAL,1,0,5,8,2.0,2.0,11,16,3,3,5,11,2.0,3.0,1.0,3.0,17,23,12,14,355,315,288,244,16,13,8,7,52,56
2026-02-21,m_49Gg2q,6,t_0SmVI4,Independiente Rivadavia,LOCAL,2,3,9,3,0.0,2.0,17,18,5,5,10,8,2.0,5.0,1.0,3.0,23,30,6,11,384,232,300,153,20,18,6,11,31,38
2026-02-26,m_2ASJLP,7,t_0SmVI4,Independiente Rivadavia,VISITANTE,1,1,2,7,3.0,3.0,9,13,2,4,5,7,1.0,1.0,,,5,11,11,9,357,392,253,312,12,11,10,11,54,46
2026-03-03,m_1IrvXt,8,t_0SmVI4,Independiente Rivadavia,LOCAL,1,1,2,2,3.0,0.0,12,12,3,5,6,5,1.0,2.0,0.0,2.0,13,14,10,13,577,233,486,153,12,18,11,12,41,48
2026-03-12,m_1DO56u,10,t_0SmVI4,Independiente Rivadavia,LOCAL,2,1,1,6,4.0,6.0,8,22,3,11,3,8,2.0,2.0,0.0,1.0,7,28,11,9,203,513,125,445,10,10,10,7,42,55
2026-03-15,m_4KLddA,11,t_0SmVI4,Independiente Rivadavia,VISITANTE,3,2,2,4,2.0,5.0,13,9,3,3,7,4,3.0,0.0,1.0,0.0,14,12,11,12,388,356,317,284,11,18,11,5,53,44
2026-03-23,m_3SxiDH,12,t_0SmVI4,Independiente Rivadavia,LOCAL,0,2,3,3,2.0,0.0,13,8,3,4,8,4,2.0,2.0,2.0,1.0,22,10,10,14,533,212,469,146,11,14,13,8,46,38
2026-04-02,m_41Dxbo,13,t_0SmVI4,Independiente Rivadavia,VISITANTE,2,0,5,2,2.0,1.0,13,18,4,7,3,6,1.0,3.0,0.0,3.0,17,19,16,14,350,317,263,239,16,21,9,10,59,50
2026-04-11,m_0sFzNT,14,t_0SmVI4,Independiente Rivadavia,LOCAL,1,3,4,5,4.0,4.0,7,11,1,7,6,4,1.0,2.0,,,9,21,17,13,395,336,325,270,18,17,3,7,45,53
2026-04-20,m_0fOliE,15,t_0SmVI4,Independiente Rivadavia,VISITANTE,0,0,3,6,1.0,2.0,16,16,2,4,12,8,4.0,1.0,4.0,1.0,16,24,8,12,402,245,323,156,13,20,5,9,46,48
2026-04-26,m_1qQfO1,16,t_0SmVI4,Independiente Rivadavia,LOCAL,1,5,2,11,6.0,2.0,7,23,2,10,4,7,1.0,6.0,0.0,2.0,11,30,18,15,183,255,129,192,12,16,7,6,39,36
2026-05-03,m_3MfCw1,9,t_0SmVI4,Independiente Rivadavia,VISITANTE,1,1,7,5,3.0,0.0,15,18,4,4,7,9,0.0,2.0,0.0,2.0,23,32,9,7,443,286,347,189,24,27,6,5,62,53
2026-05-10,m_3h25YQ,1/8,t_0SmVI4,Independiente Rivadavia,LOCAL,2,1,5,5,2.0,1.0,10,18,6,4,1,10,2.0,2.0,1.0,2.0,16,40,15,6,254,401,150,295,13,12,10,5,59,53
2026-07-26,m_38l4Ru,1,t_0SmVI4,Independiente Rivadavia,VISITANTE,0,0,6,4,2.0,1.0,9,5,3,1,4,2,,,,,29,7,15,13,359,232,281,158,12,21,9,14,38,38
2026-07-30,m_4ZaB72,2,t_0SmVI4,Independiente Rivadavia,LOCAL,1,2,6,3,,,14,21,6,7,7,6,2.0,2.0,2.0,1.0,15,31,8,12,483,263,391,190,14,12,2,12,42,53
2026-08-08,m_0eUxKc,4,t_0SmVI4,Independiente Rivadavia,LOCAL,1,2,3,4,3.0,1.0,6,18,3,3,2,10,2.0,4.0,1.0,3.0,8,23,11,10,313,566,215,465,14,21,12,4,54,57
2026-08-15,m_2rJ3SG,5,t_0SmVI4,Independiente Rivadavia,VISITANTE,0,2,4,4,4.0,1.0,9,10,2,3,5,4,1.0,1.0,1.0,1.0,16,18,12,7,427,410,362,314,16,24,17,4,59,56
2026-08-22,m_2IoMcO,6,t_0SmVI4,Independiente Rivadavia,VISITANTE,0,0,3,11,3.0,2.0,11,13,4,3,4,8,1.0,2.0,1.0,2.0,16,27,12,8,314,494,210,394,21,11,16,8,51,57
2026-08-31,m_3p9B98,7,t_0SmVI4,Independiente Rivadavia,LOCAL,1,3,5,3,2.0,3.0,11,18,4,9,5,4,2.0,4.0,2.0,2.0,14,21,12,15,401,293,308,203,17,12,13,13,49,51
2026-09-06,m_32YJGL,8,t_0SmVI4,Independiente Rivadavia,VISITANTE,1,3,0,2,5.0,2.0,10,15,5,10,2,3,2.0,4.0,1.0,2.0,12,30,16,11,362,511,265,403,23,19,9,16,59,60
2026-09-12,m_2lA7Wg,9,t_0SmVI4,Independiente Rivadavia,LOCAL,3,4,7,2,2.0,3.0,25,15,9,8,13,3,5.0,4.0,2.0,0.0,29,23,10,13,347,401,242,308,19,22,9,7,56,62
2026-01-23,m_1JjKsV,1,t_2rXlDo,Instituto,LOCAL,0,1,4,2,3.0,5.0,13,7,5,3,5,3,,,,,20,9,10,16,320,375,228,281,20,8,11,14,45,54
2026-01-26,m_1tV17s,2,t_2rXlDo,Instituto,VISITANTE,2,1,3,2,2.0,2.0,10,10,5,5,4,3,3.0,4.0,1.0,3.0,10,20,12,13,323,394,234,294,14,15,10,2,56,48
2026-02-04,m_4MfeT3,3,t_2rXlDo,Instituto,LOCAL,2,2,3,3,3.0,3.0,11,11,4,7,7,2,3.0,2.0,2.0,1.0,20,10,14,15,360,379,273,304,15,9,15,9,51,39
2026-02-09,m_185FrI,4,t_2rXlDo,Instituto,VISITANTE,1,0,4,7,1.0,1.0,12,12,5,5,6,5,2.0,3.0,1.0,3.0,22,24,12,8,337,404,253,295,18,9,11,9,53,61
2026-02-16,m_3C7F2J,5,t_2rXlDo,Instituto,LOCAL,0,2,5,3,5.0,3.0,8,11,0,2,4,5,0.0,3.0,0.0,1.0,8,22,18,22,323,271,233,177,7,11,14,9,35,46
2026-02-20,m_2MNUQn,6,t_2rXlDo,Instituto,LOCAL,1,2,2,4,7.0,0.0,7,15,1,3,4,6,2.0,3.0,1.0,1.0,12,25,14,9,220,399,130,292,13,24,10,11,43,50
2026-02-24,m_2YNGA5,7,t_2rXlDo,Instituto,VISITANTE,1,1,0,6,1.0,2.0,11,15,3,6,6,6,2.0,1.0,1.0,1.0,18,15,6,10,426,315,344,222,22,24,7,5,42,56
2026-03-01,m_15JkYD,8,t_2rXlDo,Instituto,LOCAL,1,2,5,2,4.0,1.0,8,7,2,3,4,2,2.0,3.0,1.0,1.0,15,11,14,13,493,283,396,194,11,8,10,8,43,47
2026-03-12,m_0RZpdm,10,t_2rXlDo,Instituto,VISITANTE,2,0,1,8,6.0,4.0,5,17,3,5,2,8,1.0,2.0,0.0,2.0,6,25,10,18,295,410,211,333,17,15,7,11,48,58
2026-03-17,m_4WxmC2,11,t_2rXlDo,Instituto,LOCAL,2,1,3,8,6.0,3.0,11,12,4,4,4,5,3.0,1.0,2.0,1.0,18,26,20,12,226,403,155,333,17,10,7,7,45,47
2026-03-22,m_3kkhBc,12,t_2rXlDo,Instituto,VISITANTE,0,2,6,7,2.0,0.0,12,18,5,5,6,7,1.0,5.0,1.0,4.0,24,33,10,3,267,609,194,539,9,13,7,8,46,40
2026-04-07,m_2NfZWl,13,t_2rXlDo,Instituto,LOCAL,0,2,5,5,2.0,1.0,9,14,3,3,6,7,0.0,3.0,0.0,1.0,14,20,7,13,479,304,401,208,16,31,12,9,50,60
2026-04-11,m_0g9Wn1,14,t_2rXlDo,Instituto,VISITANTE,1,0,5,7,4.0,1.0,16,14,6,4,7,4,2.0,2.0,1.0,2.0,18,37,15,12,307,332,196,188,14,16,12,10,52,55
2026-04-18,m_1Vr866,15,t_2rXlDo,Instituto,LOCAL,1,0,2,7,4.0,3.0,4,16,2,3,1,8,1.0,0.0,1.0,0.0,5,29,17,16,279,368,195,295,16,10,6,5,44,55
2026-04-26,m_3kUgTn,16,t_2rXlDo,Instituto,VISITANTE,1,1,4,3,5.0,3.0,11,6,4,3,4,3,4.0,0.0,3.0,0.0,26,12,10,11,386,366,312,278,17,17,7,8,55,55
2026-05-05,m_1qqpJe,9,t_2rXlDo,Instituto,VISITANTE,0,2,3,8,1.0,1.0,9,22,2,7,6,10,1.0,4.0,1.0,2.0,13,44,6,15,339,446,243,369,15,18,6,6,53,62
2026-07-24,m_0xmq9N,1,t_2rXlDo,Instituto,VISITANTE,0,1,6,1,2.0,2.0,19,8,2,5,10,3,4.0,2.0,4.0,1.0,27,14,9,7,359,531,256,431,13,19,10,9,63,65
2026-07-30,m_1WfN4f,2,t_2rXlDo,Instituto,LOCAL,1,2,4,5,2.0,2.0,15,16,3,6,6,7,0.0,3.0,0.0,2.0,11,24,12,18,437,370,359,284,18,8,17,10,58,57
2026-08-03,m_2EBOtR,3,t_2rXlDo,Instituto,VISITANTE,1,0,7,7,3.0,1.0,19,15,7,3,6,7,1.0,2.0,0.0,2.0,24,17,16,5,330,557,253,468,20,18,9,11,62,51
2026-08-09,m_3JpYQD,4,t_2rXlDo,Instituto,LOCAL,0,1,2,4,5.0,4.0,5,15,1,7,4,5,1.0,5.0,1.0,4.0,11,27,12,17,377,340,280,244,25,21,13,12,47,51
2026-08-16,m_4XvVEn,5,t_2rXlDo,Instituto,VISITANTE,1,0,9,4,2.0,1.0,13,7,6,1,6,5,3.0,0.0,2.0,0.0,21,16,10,13,417,456,331,367,20,18,10,7,59,54
2026-08-22,m_4Vv4zW,6,t_2rXlDo,Instituto,VISITANTE,0,0,2,9,2.0,3.0,8,12,3,3,3,4,1.0,1.0,1.0,1.0,14,15,3,8,480,393,376,294,27,23,8,16,55,64
2026-09-01,m_1YGhXX,7,t_2rXlDo,Instituto,LOCAL,0,1,1,11,5.0,2.0,5,19,1,3,4,10,2.0,3.0,2.0,3.0,9,28,11,8,384,341,300,262,14,23,10,12,47,52
2026-09-08,m_0rPnpL,8,t_2rXlDo,Instituto,VISITANTE,2,3,7,2,5.0,1.0,11,9,2,4,6,4,0.0,2.0,,,22,9,12,6,417,312,313,222,17,15,11,7,47,46
2026-09-15,m_47lc7V,9,t_2rXlDo,Instituto,LOCAL,1,2,3,2,2.0,3.0,11,13,5,4,5,4,1.0,0.0,1.0,0.0,18,18,12,10,471,315,392,241,19,20,9,14,48,42
2026-09-15,m_1qj0Vv,Clausura - Round 9,t_2rXlDo,Instituto,LOCAL,1,2,3,2,2.0,3.0,11,13,5,4,5,4,1.0,0.0,1.0,0.0,18,18,12,10,471,315,392,241,19,20,9,14,48,42
2026-09-20,m_0BTFn7,Clausura - Round 10,t_2rXlDo,Instituto,LOCAL,1,3,2,4,3.0,4.0,6,17,1,6,5,6,2.0,3.0,1.0,3.0,11,24,14,12,440,317,344,220,5,14,7,10,52,51
2026-10-02,m_2hYK0U,Clausura - Round 11,t_2rXlDo,Instituto,VISITANTE,4,1,7,3,3.0,4.0,13,8,6,2,4,5,3.0,0.0,1.0,0.0,19,14,9,13,345,306,275,227,15,14,7,7,48,34
2026-01-23,m_2wEu9K,1,t_0rsFNq,Lanús,VISITANTE,2,3,6,8,1.0,4.0,17,13,4,6,9,7,1.0,4.0,0.0,2.0,38,16,14,20,395,285,321,209,20,30,10,7,44,40
2026-01-29,m_431211,2,t_0rsFNq,Lanús,LOCAL,2,1,5,7,3.0,1.0,15,15,6,5,6,5,3.0,1.0,2.0,1.0,25,19,7,9,522,343,435,254,24,17,12,5,54,50
2026-02-04,m_4MfeT3,3,t_0rsFNq,Lanús,VISITANTE,2,2,3,3,3.0,3.0,11,11,7,4,2,7,2.0,3.0,1.0,2.0,10,20,15,14,379,360,304,273,9,15,9,15,39,51
2026-02-09,m_0rf9Wx,4,t_0rsFNq,Lanús,LOCAL,1,1,0,3,1.0,1.0,9,12,4,5,4,3,3.0,1.0,3.0,0.0,16,13,12,12,465,573,384,481,21,16,6,9,57,62
2026-02-13,m_4CCLV7,5,t_0rsFNq,Lanús,VISITANTE,2,0,7,1,4.0,2.0,17,5,3,0,7,4,2.0,0.0,1.0,0.0,24,12,18,14,362,379,286,290,14,16,10,11,45,40
2026-03-02,m_32VFMh,8,t_0rsFNq,Lanús,VISITANTE,1,1,5,4,2.0,2.0,10,13,3,5,5,7,2.0,1.0,2.0,1.0,20,16,10,8,534,420,454,342,17,21,12,9,63,58
2026-03-05,m_3bNpUp,7,t_0rsFNq,Lanús,LOCAL,0,3,8,1,3.0,3.0,9,11,2,5,5,4,1.0,2.0,1.0,0.0,16,17,9,8,476,532,390,441,5,24,9,9,55,55
2026-03-13,m_2rfIEE,10,t_0rsFNq,Lanús,VISITANTE,1,0,5,7,2.0,3.0,7,17,2,3,2,6,1.0,0.0,,,19,17,13,7,377,502,309,427,10,13,10,8,46,42
2026-03-17,m_1sCl2u,11,t_0rsFNq,Lanús,LOCAL,5,0,7,0,2.0,0.0,14,5,7,2,3,2,5.0,0.0,2.0,0.0,25,8,12,7,565,330,514,276,14,18,1,7,45,37
2026-03-21,m_1CaySw,12,t_0rsFNq,Lanús,VISITANTE,0,1,4,2,1.0,3.0,10,16,5,7,5,6,,,,,18,21,12,18,491,340,395,238,18,14,12,7,54,57
2026-03-27,m_1c9W0N,6,t_0rsFNq,Lanús,VISITANTE,2,1,7,1,2.0,4.0,16,11,5,1,6,7,3.0,2.0,1.0,1.0,32,16,10,14,576,350,493,255,14,13,13,12,55,50
2026-04-01,m_4fH8lA,13,t_0rsFNq,Lanús,LOCAL,0,0,1,2,1.0,2.0,12,3,1,0,6,1,1.0,0.0,1.0,0.0,19,4,6,11,525,371,443,292,14,20,9,12,52,54
2026-04-13,m_2pE60O,14,t_0rsFNq,Lanús,LOCAL,1,0,5,1,4.0,4.0,18,12,4,3,6,6,1.0,0.0,,,15,8,19,10,543,276,472,215,16,19,7,15,55,55
2026-04-21,m_2riSvt,15,t_0rsFNq,Lanús,VISITANTE,1,0,6,1,1.0,5.0,19,8,4,0,6,5,3.0,1.0,2.0,1.0,13,14,17,18,283,395,201,314,13,15,10,5,44,53
2026-04-24,m_3JTbLz,16,t_0rsFNq,Lanús,LOCAL,0,0,5,3,1.0,2.0,15,9,5,3,8,3,3.0,4.0,3.0,4.0,28,11,11,17,604,317,512,216,11,23,11,14,62,63
2026-05-02,m_1XEoaS,9,t_0rsFNq,Lanús,LOCAL,0,0,4,7,2.0,3.0,12,5,7,2,4,2,2.0,0.0,2.0,0.0,20,10,14,20,580,229,458,108,14,22,13,9,62,59
2026-05-10,m_2t96qK,1/8,t_0rsFNq,Lanús,VISITANTE,0,2,2,3,4.0,3.0,9,16,3,8,2,7,2.0,1.0,2.0,1.0,26,15,16,12,420,404,319,321,22,21,7,14,61,62
2026-07-26,m_1aviF3,1,t_0rsFNq,Lanús,LOCAL,1,0,8,2,3.0,3.0,23,12,10,5,8,7,3.0,1.0,2.0,1.0,40,16,15,13,454,452,372,354,22,16,10,5,47,49
2026-08-03,m_2EBOtR,3,t_0rsFNq,Lanús,LOCAL,0,1,7,7,1.0,3.0,15,19,3,7,7,6,2.0,1.0,2.0,0.0,17,24,5,16,557,330,468,253,18,20,11,9,51,62
2026-08-06,m_1wAs6k,2,t_0rsFNq,Lanús,VISITANTE,2,1,4,2,0.0,3.0,11,10,3,2,6,6,0.0,1.0,,,14,15,6,7,340,498,238,410,25,18,12,7,60,57
2026-08-12,m_4f6yGZ,4,t_0rsFNq,Lanús,VISITANTE,0,3,2,5,2.0,2.0,18,23,7,7,9,8,1.0,3.0,1.0,1.0,27,32,4,9,637,412,559,335,7,9,6,9,48,55
2026-08-17,m_1E7Dux,5,t_0rsFNq,Lanús,LOCAL,1,3,10,5,2.0,3.0,21,14,6,4,12,6,1.0,2.0,1.0,0.0,33,21,18,11,397,378,311,287,23,21,11,9,51,46
2026-08-25,m_38XAFZ,6,t_0rsFNq,Lanús,LOCAL,1,1,5,2,1.0,0.0,14,15,8,4,4,7,2.0,2.0,1.0,1.0,12,15,8,7,381,604,290,514,16,19,12,11,55,48
2026-08-29,m_0rmcr6,7,t_0rsFNq,Lanús,VISITANTE,1,0,11,3,2.0,1.0,19,10,4,2,7,5,2.0,3.0,1.0,3.0,18,27,8,15,539,392,452,304,19,27,12,11,62,70
2026-09-06,m_0NaY2x,8,t_0rsFNq,Lanús,LOCAL,1,0,7,4,3.0,1.0,15,11,5,3,7,5,2.0,1.0,1.0,1.0,23,19,14,11,477,537,381,407,18,20,16,10,78,71
2026-09-14,m_2vy6Yj,Clausura - Round 9,t_0rsFNq,Lanús,VISITANTE,3,0,4,4,1.0,2.0,11,23,6,6,4,7,3.0,1.0,1.0,1.0,20,28,8,18,527,297,406,192,11,18,7,10,69,65
2026-09-14,m_0AnTKr,9,t_0rsFNq,Lanús,VISITANTE,3,0,4,4,1.0,2.0,11,23,6,6,4,7,3.0,1.0,1.0,1.0,20,28,8,18,527,297,406,192,11,18,7,10,69,65
2026-09-22,m_0Feldm,Clausura - Round 10,t_0rsFNq,Lanús,LOCAL,1,2,8,1,2.0,2.0,24,6,5,3,10,2,3.0,2.0,3.0,0.0,32,11,10,11,575,394,481,300,17,12,8,10,65,64
2026-01-24,m_43Vm4s,1,t_3mLGSt,Newell's Old Boys,VISITANTE,1,2,4,11,2.0,1.0,10,17,3,6,6,5,1.0,4.0,0.0,3.0,13,20,10,10,192,517,134,446,15,10,12,3,42,44
2026-01-28,m_1BPKXp,2,t_3mLGSt,Newell's Old Boys,LOCAL,1,1,3,6,5.0,2.0,6,12,2,4,3,7,0.0,1.0,,,14,19,19,13,244,231,156,152,14,22,7,9,39,43
2026-02-01,m_2jSZpM,3,t_3mLGSt,Newell's Old Boys,VISITANTE,0,2,1,2,3.0,3.0,6,8,1,5,3,3,1.0,2.0,1.0,0.0,11,22,23,14,267,401,198,319,17,17,10,7,46,49
2026-02-08,m_1hisDs,4,t_3mLGSt,Newell's Old Boys,LOCAL,3,2,1,7,1.0,4.0,4,23,3,7,1,11,3.0,3.0,0.0,1.0,10,35,14,18,217,282,130,206,22,12,16,4,38,48
2026-02-16,m_1CzDvn,5,t_3mLGSt,Newell's Old Boys,VISITANTE,1,1,4,4,3.0,3.0,16,7,5,4,5,3,4.0,1.0,3.0,0.0,36,13,17,6,276,278,152,162,12,20,16,4,54,56
2026-02-21,m_4dWdyt,6,t_3mLGSt,Newell's Old Boys,VISITANTE,3,0,4,2,3.0,3.0,17,10,9,2,6,7,3.0,2.0,1.0,2.0,23,18,15,18,255,235,184,157,27,24,7,7,51,52
2026-02-25,m_2byNvS,7,t_3mLGSt,Newell's Old Boys,LOCAL,2,0,3,2,1.0,2.0,17,14,7,1,7,10,4.0,1.0,4.0,1.0,18,15,12,11,473,273,410,203,13,18,7,5,51,52
2026-03-01,m_2sHWPe,8,t_3mLGSt,Newell's Old Boys,LOCAL,2,0,8,1,3.0,2.0,11,7,6,2,3,1,4.0,1.0,2.0,1.0,22,19,7,24,419,257,330,167,19,14,9,10,50,52
2026-03-11,m_0njgmB,10,t_3mLGSt,Newell's Old Boys,LOCAL,1,1,6,5,2.0,4.0,19,6,7,3,10,1,4.0,2.0,3.0,2.0,33,15,14,17,438,240,343,161,11,28,9,10,54,55
2026-03-17,m_1sCl2u,11,t_3mLGSt,Newell's Old Boys,VISITANTE,0,5,0,7,0.0,2.0,5,14,2,7,2,3,0.0,5.0,0.0,2.0,8,25,7,12,330,565,276,514,18,14,7,1,37,45
2026-03-21,m_2gIXlp,12,t_3mLGSt,Newell's Old Boys,LOCAL,1,0,6,5,3.0,7.0,16,10,5,3,5,3,1.0,0.0,,,25,14,13,15,381,289,326,210,14,18,10,2,53,49
2026-04-05,m_0S9hu2,13,t_3mLGSt,Newell's Old Boys,VISITANTE,3,1,2,3,0.0,3.0,14,6,5,2,7,3,4.0,1.0,1.0,0.0,19,9,10,16,513,310,426,215,18,17,14,11,55,49
2026-04-12,m_1WEirs,14,t_3mLGSt,Newell's Old Boys,LOCAL,0,0,1,3,4.0,2.0,5,13,1,3,2,7,,,,,5,21,23,9,383,292,308,205,15,17,9,5,48,59
2026-04-17,m_2518A4,15,t_3mLGSt,Newell's Old Boys,VISITANTE,3,2,4,15,3.0,3.0,5,28,3,10,2,10,3.0,4.0,2.0,2.0,10,54,14,8,188,471,116,383,23,15,11,7,52,65
2026-04-26,m_3kUgTn,16,t_3mLGSt,Newell's Old Boys,LOCAL,1,1,3,4,3.0,5.0,6,11,3,4,3,4,0.0,4.0,0.0,3.0,12,26,11,10,366,386,278,312,17,17,8,7,55,55
2026-05-04,m_1P18Zr,9,t_3mLGSt,Newell's Old Boys,VISITANTE,1,1,4,7,5.0,2.0,9,15,5,3,2,8,2.0,1.0,1.0,0.0,19,22,12,10,331,507,243,433,17,25,5,6,63,51
2026-07-25,m_4P8SSz,1,t_3mLGSt,Newell's Old Boys,LOCAL,1,0,8,9,1.0,2.0,11,17,4,5,4,8,3.0,3.0,2.0,3.0,22,25,14,12,292,586,218,528,15,13,11,7,55,52
2026-07-31,m_2tup6z,2,t_3mLGSt,Newell's Old Boys,VISITANTE,0,1,2,7,3.0,2.0,2,12,1,4,1,5,0.0,1.0,0.0,1.0,7,26,7,12,447,404,345,319,32,30,15,10,57,66
2026-08-02,m_2Vtk92,3,t_3mLGSt,Newell's Old Boys,LOCAL,2,2,7,5,3.0,2.0,15,9,4,2,8,2,6.0,0.0,5.0,0.0,24,15,11,12,403,280,348,214,25,17,9,4,55,44
2026-08-09,m_208YJA,4,t_3mLGSt,Newell's Old Boys,VISITANTE,1,2,7,3,2.0,3.0,10,16,4,6,3,5,2.0,3.0,2.0,2.0,14,21,10,14,307,462,231,390,15,33,8,12,55,60
2026-08-15,m_4Y2JeT,5,t_3mLGSt,Newell's Old Boys,LOCAL,0,2,3,6,2.0,1.0,11,9,3,3,6,3,1.0,2.0,1.0,1.0,19,6,16,12,239,445,132,343,18,19,9,8,58,66
2026-08-23,m_3yRTgE,6,t_3mLGSt,Newell's Old Boys,LOCAL,2,1,3,3,1.0,3.0,14,13,6,6,6,4,4.0,2.0,2.0,1.0,14,15,12,15,373,324,288,245,21,15,9,13,56,55
2026-08-31,m_23XA3J,7,t_3mLGSt,Newell's Old Boys,VISITANTE,0,0,0,6,1.0,1.0,9,24,2,8,6,10,2.0,5.0,2.0,5.0,10,35,15,10,337,563,238,463,17,25,10,8,56,57
2026-09-06,m_0Ksq5j,8,t_3mLGSt,Newell's Old Boys,VISITANTE,1,1,2,10,6.0,4.0,5,12,2,2,2,6,1.0,1.0,0.0,1.0,6,28,21,20,246,333,161,244,27,20,13,7,51,48
2026-09-11,m_3tdQH8,9,t_3mLGSt,Newell's Old Boys,LOCAL,1,1,2,8,,,7,15,1,6,3,5,1.0,2.0,0.0,2.0,10,33,13,13,391,413,290,324,19,24,10,14,64,63
2026-01-24,m_0U6amu,1,t_2RmaMX,Racing Club,VISITANTE,1,2,5,4,3.0,2.0,13,7,3,5,7,1,2.0,3.0,1.0,2.0,27,13,15,13,566,199,469,118,8,25,7,13,43,37
2026-01-28,m_0GrdJU,2,t_2RmaMX,Racing Club,LOCAL,2,1,2,1,4.0,4.0,6,21,3,7,2,8,1.0,1.0,,,9,26,11,16,205,484,109,397,10,9,15,7,40,43
2026-02-02,m_3ACZQ9,3,t_2RmaMX,Racing Club,VISITANTE,3,1,5,7,0.0,4.0,12,12,8,3,4,8,4.0,4.0,2.0,4.0,16,15,10,13,203,407,130,354,10,12,7,9,36,33
2026-02-07,m_21nAGO,4,t_2RmaMX,Racing Club,LOCAL,1,2,7,4,3.0,3.0,12,14,5,3,5,6,2.0,1.0,1.0,0.0,16,27,14,16,286,277,216,194,12,11,18,15,30,38
2026-02-14,m_3g6NsD,5,t_2RmaMX,Racing Club,VISITANTE,2,0,3,8,5.0,1.0,11,11,5,2,3,5,2.0,0.0,1.0,0.0,11,16,14,7,390,277,305,184,19,17,16,8,46,42
2026-02-20,m_0WMvJY,6,t_2RmaMX,Racing Club,VISITANTE,0,0,3,8,5.0,2.0,6,4,2,0,2,2,0.0,1.0,0.0,1.0,13,14,15,12,354,310,264,204,17,23,8,15,52,55
2026-02-26,m_2ASJLP,7,t_2RmaMX,Racing Club,LOCAL,1,1,7,2,3.0,3.0,13,9,4,2,7,5,1.0,1.0,,,11,5,9,11,392,357,312,253,11,12,11,10,46,54
2026-03-04,m_1DDmUV,8,t_2RmaMX,Racing Club,VISITANTE,0,3,7,6,1.0,4.0,14,11,4,4,6,3,2.0,3.0,2.0,0.0,27,20,9,15,282,338,185,262,19,15,6,12,38,43
2026-03-11,m_1vnmx3,10,t_2RmaMX,Racing Club,VISITANTE,0,0,4,3,4.0,2.0,9,8,5,3,4,3,0.0,1.0,0.0,1.0,12,7,14,8,313,337,226,248,16,16,10,12,45,37
2026-03-16,m_1jmmXo,11,t_2RmaMX,Racing Club,LOCAL,2,0,3,1,1.0,3.0,22,3,3,0,13,3,6.0,0.0,4.0,0.0,33,0,12,13,450,364,366,283,24,15,9,6,39,37
2026-03-22,m_3rFQnJ,12,t_2RmaMX,Racing Club,VISITANTE,1,2,8,2,3.0,4.0,13,7,5,4,4,3,3.0,4.0,3.0,3.0,24,11,8,17,345,413,255,313,12,17,9,7,52,47
2026-04-04,m_3qEFO6,13,t_2RmaMX,Racing Club,VISITANTE,0,1,4,6,3.0,2.0,10,8,1,3,6,1,1.0,1.0,1.0,0.0,19,17,15,9,287,258,175,157,20,10,9,6,50,47
2026-04-12,m_3RgxwY,14,t_2RmaMX,Racing Club,LOCAL,0,2,8,2,5.0,3.0,12,10,4,4,2,5,2.0,4.0,2.0,2.0,28,10,16,7,379,394,282,291,18,19,15,14,61,58
2026-04-19,m_3XlvKO,15,t_2RmaMX,Racing Club,VISITANTE,1,1,1,5,4.0,1.0,8,21,6,4,2,8,0.0,2.0,0.0,1.0,14,34,15,10,220,519,125,434,21,17,11,6,48,45
2026-04-25,m_3vfFEs,16,t_2RmaMX,Racing Club,LOCAL,1,1,3,2,3.0,1.0,17,5,3,1,9,2,1.0,0.0,1.0,0.0,16,6,8,11,371,377,292,284,13,19,10,11,47,50
2026-05-03,m_4ODmAi,9,t_2RmaMX,Racing Club,LOCAL,0,0,1,6,2.0,1.0,5,9,1,1,3,4,0.0,1.0,0.0,1.0,6,20,11,15,248,425,124,299,22,18,9,12,50,54
2026-05-10,m_3vjLig,1/8,t_2RmaMX,Racing Club,VISITANTE,1,0,4,1,5.0,2.0,8,13,2,4,5,5,2.0,1.0,1.0,1.0,11,21,18,1,389,357,291,253,19,14,16,9,64,62
2026-05-13,m_4SVLwu,1/4,t_2RmaMX,Racing Club,VISITANTE,1,2,2,3,6.0,1.0,10,19,2,10,4,6,1.0,7.0,1.0,6.0,13,29,24,12,339,584,223,468,22,12,21,4,60,60
2026-07-24,m_1P4GDL,1,t_2RmaMX,Racing Club,LOCAL,1,2,3,4,3.0,1.0,9,18,5,7,3,6,3.0,3.0,2.0,2.0,19,28,12,10,373,499,274,403,13,17,12,14,52,56
2026-07-29,m_1YnVax,2,t_2RmaMX,Racing Club,VISITANTE,0,0,2,6,6.0,2.0,5,13,2,1,2,6,2.0,2.0,2.0,2.0,10,18,20,12,305,443,226,383,23,11,13,8,47,46
2026-08-01,m_0afzlB,3,t_2RmaMX,Racing Club,LOCAL,1,3,6,0,3.0,2.0,11,12,5,5,4,6,1.0,2.0,1.0,1.0,21,16,15,9,565,339,466,244,23,27,11,6,46,62
2026-08-09,m_3HhWIs,4,t_2RmaMX,Racing Club,VISITANTE,2,1,9,4,5.0,3.0,23,16,10,3,7,9,6.0,4.0,5.0,3.0,43,17,14,10,501,260,432,188,14,25,15,9,58,51
2026-08-14,m_0M3QLL,5,t_2RmaMX,Racing Club,LOCAL,0,1,6,1,2.0,2.0,23,6,2,2,17,2,2.0,1.0,2.0,0.0,34,8,9,11,687,153,616,72,18,25,4,11,47,33
2026-08-24,m_0kNt0b,6,t_2RmaMX,Racing Club,LOCAL,1,1,5,1,3.0,2.0,14,15,5,2,6,10,1.0,2.0,0.0,1.0,17,13,11,9,469,403,372,336,22,14,7,12,39,52
2026-08-31,m_3p9B98,7,t_2RmaMX,Racing Club,VISITANTE,3,1,3,5,3.0,2.0,18,11,9,4,4,5,4.0,2.0,2.0,2.0,21,14,15,12,293,401,203,308,12,17,13,13,51,49
2026-09-07,m_3Sp87a,8,t_2RmaMX,Racing Club,LOCAL,1,2,3,3,2.0,1.0,19,12,4,6,9,3,1.0,2.0,0.0,1.0,33,15,8,12,688,235,591,125,15,18,10,12,51,48
2026-09-14,m_3n69Oa,Clausura - Round 9,t_2RmaMX,Racing Club,VISITANTE,1,2,5,3,3.0,2.0,16,21,9,6,5,10,0.0,4.0,0.0,2.0,41,30,10,11,486,324,388,236,23,19,13,10,50,67
2026-09-14,m_1jSOwn,9,t_2RmaMX,Racing Club,VISITANTE,1,2,5,3,3.0,2.0,16,21,9,6,5,10,0.0,4.0,0.0,2.0,41,30,10,11,486,324,388,236,23,19,13,10,50,67
2026-01-24,m_3L4LL7,1,t_1Fzy5s,River Plate,VISITANTE,1,0,6,6,2.0,2.0,20,11,7,2,8,3,5.0,0.0,4.0,0.0,19,9,9,15,475,229,396,141,20,13,11,10,53,50
2026-01-28,m_01aTkm,2,t_1Fzy5s,River Plate,LOCAL,0,2,4,6,2.0,3.0,3,17,1,8,1,9,1.0,2.0,1.0,2.0,5,28,11,12,255,635,172,556,24,12,13,12,45,50
2026-02-02,m_4aRjxN,3,t_1Fzy5s,River Plate,VISITANTE,0,0,3,6,4.0,2.0,17,9,4,3,7,4,1.0,1.0,1.0,1.0,16,20,16,10,521,265,439,178,12,17,9,16,43,43
2026-02-07,m_0k3gzI,4,t_1Fzy5s,River Plate,LOCAL,1,4,7,2,2.0,4.0,17,11,5,6,5,5,1.0,3.0,1.0,1.0,17,8,9,13,544,232,457,142,16,19,4,17,52,50
2026-02-13,m_064D4L,5,t_1Fzy5s,River Plate,VISITANTE,0,1,1,1,4.0,0.0,9,14,1,5,4,5,2.0,0.0,2.0,0.0,24,21,17,9,433,402,323,299,19,19,9,10,57,60
2026-02-22,m_4JeqYL,6,t_1Fzy5s,River Plate,VISITANTE,1,0,5,7,1.0,3.0,9,12,4,5,2,5,1.0,2.0,1.0,2.0,9,20,9,14,327,569,198,448,25,21,12,12,77,66
2026-02-26,m_25L4uT,7,t_1Fzy5s,River Plate,LOCAL,1,3,3,6,2.0,1.0,6,25,2,8,4,13,1.0,2.0,,,13,26,13,15,280,537,184,443,22,22,9,16,50,56
2026-03-03,m_1IrvXt,8,t_1Fzy5s,River Plate,VISITANTE,1,1,2,2,0.0,3.0,12,12,5,3,5,6,2.0,1.0,2.0,0.0,14,13,13,10,233,577,153,486,18,12,12,11,48,41
2026-03-13,m_2e6Rvv,10,t_1Fzy5s,River Plate,VISITANTE,2,1,4,4,3.0,6.0,10,15,7,5,1,8,6.0,3.0,4.0,2.0,15,24,10,11,438,286,366,215,16,10,12,5,38,46
2026-03-15,m_1fJ2Fa,11,t_1Fzy5s,River Plate,LOCAL,0,2,2,10,5.0,1.0,2,34,1,12,0,11,0.0,8.0,0.0,7.0,9,29,15,11,186,692,105,614,16,11,14,3,41,44
2026-03-22,m_38Dq9r,12,t_1Fzy5s,River Plate,VISITANTE,0,2,5,7,2.0,2.0,7,9,1,3,1,2,0.0,2.0,,,17,16,7,8,300,401,215,338,18,15,8,8,50,55
2026-04-05,m_0X7bQS,13,t_1Fzy5s,River Plate,LOCAL,3,0,8,1,2.0,2.0,20,9,5,3,11,4,6.0,1.0,3.0,1.0,22,14,15,10,524,259,441,184,22,17,10,11,52,40
2026-04-12,m_3RgxwY,14,t_1Fzy5s,River Plate,VISITANTE,2,0,2,8,3.0,5.0,10,12,4,4,5,2,4.0,2.0,2.0,2.0,10,28,7,16,394,379,291,282,19,18,14,15,58,61
2026-04-19,m_0FlMqm,15,t_1Fzy5s,River Plate,LOCAL,1,0,1,6,5.0,6.0,10,13,5,3,3,3,2.0,0.0,1.0,0.0,18,20,19,14,225,468,134,384,27,13,9,11,54,51
2026-04-26,m_3Nkc9o,16,t_1Fzy5s,River Plate,LOCAL,1,3,1,8,3.0,2.0,5,24,2,6,3,10,1.0,5.0,0.0,3.0,8,33,16,12,246,578,167,504,15,13,4,7,41,50
2026-05-03,m_29QdK5,9,t_1Fzy5s,River Plate,LOCAL,0,1,6,1,2.0,2.0,19,5,5,3,8,1,6.0,2.0,6.0,1.0,33,11,6,16,703,220,609,124,22,35,8,11,57,58
2026-05-10,m_21tO51,1/8,t_1Fzy5s,River Plate,LOCAL,6,5,6,2,3.0,1.0,30,5,12,4,15,1,2.0,1.0,1.0,0.0,45,4,14,13,705,267,603,154,22,24,6,10,82,57
2026-05-14,m_3ar3G9,1/4,t_1Fzy5s,River Plate,LOCAL,2,0,7,5,1.0,4.0,18,12,8,6,3,6,2.0,2.0,1.0,2.0,28,16,21,16,459,333,359,228,18,11,8,11,61,38
2026-05-16,m_211adJ,1/2,t_1Fzy5s,River Plate,LOCAL,0,1,1,6,7.0,2.0,7,11,1,3,3,8,1.0,2.0,1.0,1.0,14,13,19,17,321,366,235,284,15,15,10,14,36,44
2026-05-24,m_25ZLbm,final,t_1Fzy5s,River Plate,LOCAL,2,3,6,4,2.0,3.0,8,13,4,6,2,4,2.0,2.0,,,12,14,7,11,422,245,323,175,24,15,5,13,41,53
2026-07-25,m_4X9GUk,1,t_1Fzy5s,River Plate,LOCAL,1,0,1,3,5.0,2.0,4,15,2,4,2,9,2.0,1.0,1.0,1.0,4,32,21,8,204,629,108,535,12,15,16,15,58,55
2026-07-29,m_19jhYQ,2,t_1Fzy5s,River Plate,VISITANTE,1,0,3,8,1.0,2.0,14,10,3,3,9,5,4.0,0.0,3.0,0.0,18,13,11,11,208,616,126,539,22,13,11,5,55,50
2026-08-02,m_4JNnXO,3,t_1Fzy5s,River Plate,LOCAL,1,0,4,10,4.0,4.0,12,25,3,6,6,16,2.0,5.0,2.0,5.0,13,38,15,15,231,419,131,334,26,15,15,8,44,52
2026-08-08,m_2VSaa1,4,t_1Fzy5s,River Plate,VISITANTE,1,0,2,4,2.0,3.0,5,9,2,1,2,3,1.0,0.0,,,6,18,9,17,301,650,205,566,25,24,7,8,51,54
2026-08-16,m_4fCzkt,5,t_1Fzy5s,River Plate,LOCAL,2,0,2,4,1.0,4.0,8,9,3,1,3,6,2.0,1.0,0.0,1.0,18,11,15,15,363,529,288,445,24,18,16,13,46,43
2026-08-23,m_4fjPIc,6,t_1Fzy5s,River Plate,LOCAL,2,2,3,5,2.0,1.0,13,11,3,4,7,4,0.0,2.0,0.0,2.0,23,17,13,13,568,430,469,330,23,19,16,11,58,58
2026-08-30,m_1oO6B7,7,t_1Fzy5s,River Plate,VISITANTE,2,3,4,3,1.0,0.0,15,19,5,8,8,6,1.0,7.0,0.0,5.0,19,35,9,13,289,511,208,422,17,14,10,5,50,49
2026-09-06,m_32YJGL,8,t_1Fzy5s,River Plate,LOCAL,3,1,2,0,2.0,5.0,15,10,10,5,3,2,4.0,2.0,2.0,1.0,30,12,11,16,511,362,403,265,19,23,16,9,60,59
2026-09-12,m_3TfyzU,9,t_1Fzy5s,River Plate,VISITANTE,1,2,1,5,2.0,2.0,5,18,1,5,3,7,2.0,1.0,1.0,1.0,7,43,7,7,241,745,144,659,20,19,15,8,55,56
2026-01-25,m_0pr0Dr,1,t_1rEb7t,Rosario Central,LOCAL,1,2,4,3,2.0,1.0,17,13,8,6,7,4,3.0,3.0,2.0,3.0,25,29,6,11,379,382,312,307,14,20,14,8,52,46
2026-01-28,m_0GrdJU,2,t_1rEb7t,Rosario Central,VISITANTE,1,2,1,2,4.0,4.0,21,6,7,3,8,2,1.0,1.0,,,26,9,16,11,484,205,397,109,9,10,7,15,43,40
2026-02-02,m_4aRjxN,3,t_1rEb7t,Rosario Central,LOCAL,0,0,6,3,2.0,4.0,9,17,3,4,4,7,1.0,1.0,1.0,1.0,20,16,10,16,265,521,178,439,17,12,16,9,43,43
2026-02-07,m_0WCpY7,4,t_1rEb7t,Rosario Central,VISITANTE,1,1,7,4,4.0,1.0,15,10,4,4,7,3,0.0,1.0,,,14,16,20,10,298,500,213,429,24,17,6,7,62,59
2026-02-16,m_2HMWiS,5,t_1rEb7t,Rosario Central,LOCAL,2,0,3,0,1.0,3.0,19,3,7,3,10,0,5.0,0.0,3.0,0.0,30,1,11,16,528,274,456,201,25,17,19,7,63,49
2026-02-21,m_2M8Y8t,6,t_1rEb7t,Rosario Central,LOCAL,0,1,12,2,3.0,4.0,14,8,4,4,5,1,1.0,1.0,1.0,0.0,28,9,9,18,484,236,405,163,20,20,13,13,51,55
2026-02-25,m_1j8XKc,7,t_1rEb7t,Rosario Central,VISITANTE,1,2,6,3,4.0,3.0,13,9,6,2,4,5,5.0,1.0,4.0,1.0,18,15,14,20,365,467,293,390,25,23,9,8,48,52
2026-03-01,m_2sHWPe,8,t_1rEb7t,Rosario Central,VISITANTE,0,2,1,8,2.0,3.0,7,11,2,6,1,3,1.0,4.0,1.0,2.0,19,22,24,7,257,419,167,330,14,19,10,9,52,50
2026-03-11,m_1WKjOD,10,t_1rEb7t,Rosario Central,VISITANTE,0,0,5,5,3.0,1.0,12,11,2,4,6,4,1.0,2.0,1.0,2.0,18,15,11,12,488,344,386,263,12,11,11,12,63,58
2026-03-15,m_0FP8kh,11,t_1rEb7t,Rosario Central,LOCAL,2,1,6,0,3.0,1.0,21,7,6,2,9,3,3.0,1.0,2.0,1.0,29,10,10,12,587,233,508,156,27,24,9,16,49,50
2026-03-23,m_3SxiDH,12,t_1rEb7t,Rosario Central,VISITANTE,2,0,3,3,0.0,2.0,8,13,4,3,4,8,2.0,2.0,1.0,2.0,10,22,14,10,212,533,146,469,14,11,8,13,38,46
2026-04-05,m_0QgN6d,13,t_1rEb7t,Rosario Central,LOCAL,2,1,5,6,3.0,1.0,18,17,8,4,9,8,5.0,4.0,4.0,3.0,28,16,12,13,460,217,384,154,15,15,7,7,40,36
2026-04-12,m_19wJgg,14,t_1rEb7t,Rosario Central,VISITANTE,3,1,10,3,1.0,2.0,16,7,8,1,5,3,3.0,2.0,1.0,1.0,25,13,15,8,342,473,265,399,16,12,11,11,52,46
2026-04-19,m_2AINHd,15,t_1rEb7t,Rosario Central,LOCAL,2,1,4,3,1.0,0.0,22,5,6,1,6,4,4.0,0.0,2.0,0.0,28,8,10,11,502,285,424,201,23,20,10,16,57,50
2026-04-24,m_4KqHL3,16,t_1rEb7t,Rosario Central,VISITANTE,1,2,0,4,1.0,4.0,14,12,2,4,10,8,4.0,3.0,4.0,1.0,23,22,12,11,310,429,233,344,18,17,15,15,56,54
2026-05-03,m_0fdjQP,9,t_1rEb7t,Rosario Central,LOCAL,1,1,3,11,2.0,3.0,15,17,5,4,7,6,4.0,3.0,3.0,3.0,20,25,14,17,282,347,217,266,18,19,7,4,45,40
2026-05-10,m_2dZtBq,1/8,t_1rEb7t,Rosario Central,LOCAL,3,1,2,3,2.0,2.0,14,6,6,4,7,2,3.0,2.0,1.0,1.0,30,7,11,14,444,280,349,198,18,29,15,11,52,59
2026-05-13,m_4SVLwu,1/4,t_1rEb7t,Rosario Central,LOCAL,2,1,3,2,1.0,6.0,19,10,10,2,6,4,7.0,1.0,6.0,1.0,29,13,12,24,584,339,468,223,12,22,4,21,60,60
2026-05-16,m_211adJ,1/2,t_1rEb7t,Rosario Central,VISITANTE,1,0,6,1,2.0,7.0,11,7,3,1,8,3,2.0,1.0,1.0,1.0,13,14,17,19,366,321,284,235,15,15,14,10,44,36
2026-07-23,m_3h9ajC,1,t_1rEb7t,Rosario Central,VISITANTE,2,1,6,6,0.0,2.0,13,12,5,3,5,8,1.0,2.0,0.0,1.0,25,26,10,13,420,447,354,380,17,13,11,7,49,49
2026-07-29,m_1YnVax,2,t_1rEb7t,Rosario Central,LOCAL,0,0,6,2,2.0,6.0,13,5,1,2,6,2,2.0,2.0,2.0,2.0,18,10,12,20,443,305,383,226,11,23,8,13,46,47
2026-08-02,m_4JNnXO,3,t_1rEb7t,Rosario Central,VISITANTE,0,1,10,4,4.0,4.0,25,12,6,3,16,6,5.0,2.0,5.0,2.0,38,13,15,15,419,231,334,131,15,26,8,15,52,44
2026-08-07,m_4HTpja,4,t_1rEb7t,Rosario Central,LOCAL,2,1,10,3,0.0,1.0,24,10,4,5,13,5,3.0,1.0,2.0,1.0,47,9,4,13,583,229,508,134,16,24,9,11,68,64
2026-08-17,m_48fWBj,5,t_1rEb7t,Rosario Central,VISITANTE,1,0,1,7,3.0,0.0,7,16,3,5,3,5,2.0,3.0,1.0,3.0,10,18,7,10,633,428,536,322,14,27,14,16,72,78
2026-08-25,m_2LhyO1,6,t_1rEb7t,Rosario Central,VISITANTE,2,2,1,10,3.0,6.0,6,26,3,12,1,11,2.0,5.0,0.0,4.0,12,50,15,14,303,556,222,479,22,19,11,6,54,63
2026-08-29,m_4bNncf,7,t_1rEb7t,Rosario Central,LOCAL,1,2,10,3,2.0,3.0,15,11,7,3,6,5,,,,,19,11,13,12,607,285,513,183,11,22,10,20,64,60
2026-09-06,m_0Ksq5j,8,t_1rEb7t,Rosario Central,LOCAL,1,1,10,2,4.0,6.0,12,5,2,2,6,2,1.0,1.0,1.0,0.0,28,6,20,21,333,246,244,161,20,27,7,13,48,51
2026-09-13,m_2UjMTH,9,t_1rEb7t,Rosario Central,VISITANTE,0,1,4,4,3.0,3.0,13,12,3,6,8,6,3.0,3.0,3.0,2.0,17,22,13,8,331,473,246,388,21,28,19,11,53,56
2026-09-20,m_0sbdux,Clausura - Round 10,t_1rEb7t,Rosario Central,LOCAL,1,0,6,9,2.0,2.0,12,11,5,3,6,6,,,,,22,24,10,8,338,522,254,458,24,28,12,10,55,55
2026-01-23,m_2wEu9K,1,t_1QqhS7,San Lorenzo,LOCAL,3,2,8,6,4.0,1.0,13,17,6,4,7,9,4.0,1.0,2.0,0.0,16,38,20,14,285,395,209,321,30,20,7,10,40,44
2026-01-27,m_14jWEQ,2,t_1QqhS7,San Lorenzo,VISITANTE,1,0,4,4,2.0,1.0,9,13,1,3,5,6,1.0,0.0,,,12,9,12,11,251,346,142,250,19,19,9,8,51,49
2026-01-31,m_4SzUty,3,t_1QqhS7,San Lorenzo,LOCAL,0,1,4,7,4.0,2.0,8,11,3,1,4,5,0.0,1.0,,,13,21,17,12,305,344,228,271,22,18,12,14,45,51
2026-02-08,m_4PxDme,4,t_1QqhS7,San Lorenzo,VISITANTE,0,1,2,1,7.0,3.0,5,8,0,3,4,4,0.0,2.0,0.0,1.0,7,9,22,17,316,281,202,174,11,19,9,8,43,45
2026-02-14,m_0TuvMr,5,t_1QqhS7,San Lorenzo,VISITANTE,0,0,1,6,5.0,1.0,5,23,3,6,2,12,2.0,8.0,2.0,8.0,14,32,14,10,291,334,195,245,21,13,8,8,51,52
2026-02-22,m_48r2a7,6,t_1QqhS7,San Lorenzo,LOCAL,2,0,3,6,2.0,3.0,8,11,6,4,1,4,1.0,0.0,,,11,21,13,13,350,351,271,254,19,15,10,8,53,52
2026-02-24,m_2YNGA5,7,t_1QqhS7,San Lorenzo,LOCAL,1,1,6,0,2.0,1.0,15,11,6,3,6,6,1.0,2.0,1.0,1.0,15,18,10,6,315,426,222,344,24,22,5,7,56,42
2026-03-01,m_3CjTLG,8,t_1QqhS7,San Lorenzo,VISITANTE,0,0,6,12,3.0,1.0,11,15,5,6,3,7,1.0,2.0,1.0,2.0,12,22,10,12,271,363,191,272,10,21,14,7,47,54
2026-03-11,m_0EJRQi,10,t_1QqhS7,San Lorenzo,VISITANTE,1,1,2,1,3.0,3.0,4,11,2,3,2,8,2.0,1.0,1.0,1.0,11,23,14,8,217,509,141,429,20,15,15,6,44,42
2026-03-16,m_2pi43m,11,t_1QqhS7,San Lorenzo,LOCAL,5,2,2,9,2.0,1.0,11,17,6,6,4,6,6.0,3.0,1.0,1.0,18,31,7,5,387,407,322,341,19,17,10,8,42,37
2026-03-25,m_0idF82,12,t_1QqhS7,San Lorenzo,VISITANTE,1,1,2,4,2.0,1.0,9,7,2,2,4,4,1.0,2.0,0.0,2.0,16,11,14,14,226,425,127,320,22,11,2,10,51,48
2026-04-03,m_0IMWj8,13,t_1QqhS7,San Lorenzo,LOCAL,0,1,3,4,4.0,4.0,13,10,5,5,7,3,1.0,2.0,1.0,2.0,21,18,15,14,450,340,372,255,17,28,4,15,68,63
2026-04-12,m_1WEirs,14,t_1QqhS7,San Lorenzo,VISITANTE,0,0,3,1,2.0,4.0,13,5,3,1,7,2,,,,,21,5,9,23,292,383,205,308,17,15,5,9,59,48
2026-04-20,m_4X5YYv,15,t_1QqhS7,San Lorenzo,LOCAL,0,0,1,4,1.0,2.0,10,12,3,5,5,6,2.0,1.0,2.0,1.0,18,12,16,13,354,385,269,293,15,13,14,14,56,65
2026-04-25,m_41mY2k,16,t_1QqhS7,San Lorenzo,VISITANTE,1,0,4,8,3.0,2.0,10,23,6,6,3,8,1.0,2.0,1.0,2.0,13,38,10,16,320,406,233,316,21,10,17,8,66,65
2026-05-02,m_3CZXTq,9,t_1QqhS7,San Lorenzo,LOCAL,2,1,4,7,3.0,4.0,13,25,5,7,3,11,3.0,2.0,1.0,1.0,23,34,19,13,346,460,264,386,16,21,11,9,62,58
2026-05-10,m_21tO51,1/8,t_1QqhS7,San Lorenzo,VISITANTE,5,6,2,6,1.0,3.0,5,30,4,12,1,15,1.0,2.0,0.0,1.0,4,45,13,14,267,705,154,603,24,22,10,6,57,82
2026-07-26,m_1aviF3,1,t_1QqhS7,San Lorenzo,VISITANTE,0,1,2,8,3.0,3.0,12,23,5,10,7,8,1.0,3.0,1.0,2.0,16,40,13,15,452,454,354,372,16,22,5,10,49,47
2026-07-28,m_0SpGk1,2,t_1QqhS7,San Lorenzo,LOCAL,0,1,6,4,4.0,0.0,13,13,3,5,3,4,0.0,2.0,0.0,1.0,18,24,14,11,430,444,357,364,27,30,4,14,60,63
2026-08-04,m_3lE8VM,3,t_1QqhS7,San Lorenzo,VISITANTE,1,0,3,5,5.0,3.0,14,15,7,2,4,9,3.0,3.0,2.0,3.0,18,25,16,10,291,469,216,376,18,19,11,11,51,52
2026-08-09,m_3Oow95,4,t_1QqhS7,San Lorenzo,LOCAL,2,0,4,2,3.0,3.0,14,8,5,2,8,2,3.0,2.0,1.0,2.0,17,15,21,10,353,410,263,327,31,20,1,16,66,49
2026-08-15,m_0CvxlD,5,t_1QqhS7,San Lorenzo,LOCAL,0,1,1,4,4.0,1.0,6,14,1,8,3,4,0.0,4.0,0.0,3.0,10,24,22,8,301,342,196,240,28,20,6,8,56,46
2026-08-21,m_3wtsgB,6,t_1QqhS7,San Lorenzo,VISITANTE,0,0,1,0,1.0,3.0,13,8,4,2,8,4,,,,,18,12,4,18,437,322,337,229,15,38,7,12,55,62
2026-09-01,m_1YGhXX,7,t_1QqhS7,San Lorenzo,VISITANTE,1,0,11,1,2.0,5.0,19,5,3,1,10,4,3.0,2.0,3.0,2.0,28,9,8,11,341,384,262,300,23,14,12,10,52,47
2026-09-05,m_2ImO5V,8,t_1QqhS7,San Lorenzo,LOCAL,0,1,4,6,3.0,2.0,15,19,6,4,7,8,0.0,2.0,0.0,1.0,20,24,15,12,443,390,365,304,22,18,7,9,57,53
2026-09-13,m_0XqwtQ,9,t_1QqhS7,San Lorenzo,VISITANTE,1,1,6,8,3.0,2.0,8,23,3,5,3,9,0.0,3.0,0.0,2.0,10,20,17,12,252,497,173,425,25,18,7,6,39,48
2026-01-26,m_1BLvBV,1,t_3qkV0m,Sarmiento,VISITANTE,1,0,9,2,3.0,6.0,24,2,11,1,10,0,2.0,0.0,2.0,0.0,26,8,8,21,421,183,353,109,17,17,9,4,54,47
2026-01-30,m_2daQ30,2,t_3qkV0m,Sarmiento,LOCAL,1,0,9,2,4.0,2.0,23,9,9,2,4,6,3.0,1.0,2.0,1.0,22,13,14,18,384,242,303,162,10,10,13,9,33,35
2026-02-04,m_2PMEYZ,3,t_3qkV0m,Sarmiento,VISITANTE,2,1,4,1,0.0,3.0,19,16,8,7,8,6,4.0,2.0,2.0,1.0,28,20,10,10,278,401,190,309,16,14,9,4,63,48
2026-02-08,m_4EpGKB,4,t_3qkV0m,Sarmiento,LOCAL,2,1,3,4,3.0,6.0,12,5,6,3,5,1,5.0,1.0,4.0,0.0,24,16,18,14,300,299,207,198,16,22,12,8,54,47
2026-02-14,m_0cdzvY,5,t_3qkV0m,Sarmiento,VISITANTE,1,0,6,2,2.0,7.0,9,3,4,0,4,2,2.0,0.0,1.0,0.0,18,5,10,23,310,265,223,171,9,12,10,8,47,39
2026-02-20,m_2kYA49,6,t_3qkV0m,Sarmiento,VISITANTE,0,1,4,4,4.0,4.0,12,12,3,7,4,5,1.0,1.0,1.0,0.0,23,16,8,14,389,274,315,198,15,17,7,6,45,52
2026-02-26,m_0cS0mC,7,t_3qkV0m,Sarmiento,LOCAL,1,3,7,2,4.0,4.0,14,16,6,8,5,5,3.0,2.0,2.0,1.0,27,23,14,17,451,276,365,162,11,33,15,10,64,56
2026-03-03,m_3B5PeK,8,t_3qkV0m,Sarmiento,LOCAL,1,0,6,8,4.0,2.0,12,10,3,2,4,7,1.0,1.0,0.0,1.0,19,20,18,12,348,307,255,207,16,25,7,9,48,40
2026-03-11,m_1vnmx3,10,t_3qkV0m,Sarmiento,LOCAL,0,0,3,4,2.0,4.0,8,9,3,5,3,4,1.0,0.0,1.0,0.0,7,12,8,14,337,313,248,226,16,16,12,10,37,45
2026-03-15,m_1fJ2Fa,11,t_3qkV0m,Sarmiento,VISITANTE,2,0,10,2,1.0,5.0,34,2,12,1,11,0,8.0,0.0,7.0,0.0,29,9,11,15,692,186,614,105,11,16,3,14,44,41
2026-03-22,m_49lsqf,12,t_3qkV0m,Sarmiento,LOCAL,2,0,5,7,3.0,3.0,10,12,4,2,4,7,2.0,0.0,,,22,26,8,8,279,381,195,297,10,13,6,5,37,44
2026-04-02,m_03csNA,13,t_3qkV0m,Sarmiento,VISITANTE,1,2,5,1,0.0,3.0,14,13,3,3,8,8,2.0,3.0,1.0,2.0,20,21,12,14,422,490,355,414,14,19,7,3,50,44
2026-04-13,m_4DcYBn,14,t_3qkV0m,Sarmiento,LOCAL,1,2,3,7,3.0,3.0,11,17,3,7,7,5,2.0,3.0,1.0,2.0,13,22,17,12,307,403,214,309,15,12,7,9,47,50
2026-04-19,m_2AINHd,15,t_3qkV0m,Sarmiento,VISITANTE,1,2,3,4,0.0,1.0,5,22,1,6,4,6,0.0,4.0,0.0,2.0,8,28,11,10,285,502,201,424,20,23,16,10,50,57
2026-04-25,m_19Px84,16,t_3qkV0m,Sarmiento,LOCAL,1,0,3,6,4.0,5.0,10,15,4,2,5,10,2.0,0.0,1.0,0.0,14,15,11,15,346,372,230,264,13,12,10,14,54,45
2026-05-03,m_2RNEop,9,t_3qkV0m,Sarmiento,VISITANTE,4,0,3,2,1.0,1.0,12,6,6,3,5,2,5.0,2.0,2.0,2.0,21,16,8,8,364,330,273,241,27,19,12,10,51,40
2026-07-23,m_3bFbbT,1,t_3qkV0m,Sarmiento,LOCAL,2,3,7,2,3.0,6.0,12,13,3,5,5,3,3.0,2.0,1.0,0.0,11,25,15,14,355,466,263,390,20,13,12,10,61,63
2026-07-28,m_0U4Xso,2,t_3qkV0m,Sarmiento,VISITANTE,3,2,4,4,0.0,1.0,17,13,8,5,8,4,3.0,4.0,1.0,2.0,25,26,11,10,257,420,186,330,27,23,11,12,56,47
2026-08-08,m_0YDAap,4,t_3qkV0m,Sarmiento,VISITANTE,1,2,13,4,1.0,2.0,12,11,6,5,3,3,1.0,2.0,1.0,1.0,32,15,13,11,328,259,241,168,13,15,6,5,34,43
2026-08-16,m_0VVZir,5,t_3qkV0m,Sarmiento,LOCAL,2,0,9,4,2.0,4.0,18,10,5,0,9,6,2.0,0.0,,,23,8,14,16,190,439,101,356,17,14,10,4,46,44
2026-08-23,m_3xzvfD,6,t_3qkV0m,Sarmiento,LOCAL,0,2,5,3,4.0,2.0,19,11,6,6,9,5,1.0,2.0,1.0,1.0,25,16,9,17,582,178,514,104,13,17,3,6,46,44
2026-08-28,m_1bDP6c,7,t_3qkV0m,Sarmiento,VISITANTE,4,1,2,4,1.0,2.0,12,11,4,6,7,4,2.0,1.0,,,13,12,10,11,336,336,246,254,26,14,18,12,55,48
2026-09-04,m_4fJmCv,8,t_3qkV0m,Sarmiento,VISITANTE,0,2,14,1,2.0,0.0,18,12,3,4,8,6,1.0,3.0,1.0,2.0,24,19,9,6,502,274,408,183,19,20,7,13,57,44
2026-09-13,m_0ZigWJ,9,t_3qkV0m,Sarmiento,LOCAL,1,1,3,7,4.0,1.0,9,17,4,7,3,6,4.0,4.0,3.0,3.0,16,40,13,10,197,563,115,485,30,18,9,8,48,49
2026-01-24,m_43Vm4s,1,t_02LuKO,Talleres,LOCAL,2,1,11,4,1.0,2.0,17,10,6,3,5,6,4.0,1.0,3.0,0.0,20,13,10,10,517,192,446,134,10,15,3,12,44,42
2026-01-27,m_45TuR8,2,t_02LuKO,Talleres,VISITANTE,2,1,6,7,1.0,3.0,10,21,4,8,5,10,1.0,3.0,1.0,2.0,14,20,8,11,351,312,272,224,9,17,5,7,54,50
2026-02-01,m_2citFn,3,t_02LuKO,Talleres,LOCAL,1,2,6,2,2.0,4.0,12,5,2,2,7,2,0.0,1.0,,,28,8,13,10,443,303,345,221,28,9,8,16,46,50
2026-02-09,m_0rf9Wx,4,t_02LuKO,Talleres,VISITANTE,1,1,3,0,1.0,1.0,12,9,5,4,3,4,1.0,3.0,0.0,3.0,13,16,12,12,573,465,481,384,16,21,9,6,62,57
2026-02-14,m_2a1a7F,5,t_02LuKO,Talleres,LOCAL,1,2,2,4,1.0,2.0,8,13,5,6,3,3,4.0,2.0,3.0,2.0,11,15,14,12,286,486,204,397,28,24,11,6,45,54
2026-02-21,m_2M8Y8t,6,t_02LuKO,Talleres,VISITANTE,1,0,2,12,4.0,3.0,8,14,4,4,1,5,1.0,1.0,0.0,1.0,9,28,18,9,236,484,163,405,20,20,13,13,55,51
2026-02-24,m_42bvJB,7,t_02LuKO,Talleres,VISITANTE,0,2,2,1,1.0,3.0,11,9,2,3,6,5,1.0,0.0,1.0,0.0,17,10,8,11,484,292,404,204,18,22,7,13,49,52
2026-03-01,m_3CjTLG,8,t_02LuKO,Talleres,LOCAL,0,0,12,6,1.0,3.0,15,11,6,5,7,3,2.0,1.0,2.0,1.0,22,12,12,10,363,271,272,191,21,10,7,14,54,47
2026-03-12,m_0RZpdm,10,t_02LuKO,Talleres,LOCAL,0,2,8,1,4.0,6.0,17,5,5,3,8,2,2.0,1.0,2.0,0.0,25,6,18,10,410,295,333,211,15,17,11,7,58,48
2026-03-15,m_3W9CKi,11,t_02LuKO,Talleres,VISITANTE,0,0,3,1,1.0,3.0,11,8,2,0,3,5,,,,,10,18,16,17,312,283,243,209,17,21,7,5,54,52
2026-03-21,m_41GmcC,12,t_02LuKO,Talleres,VISITANTE,2,1,5,6,2.0,1.0,8,16,4,4,2,10,3.0,3.0,1.0,2.0,10,34,16,8,347,363,253,267,15,22,10,7,54,61
2026-04-02,m_24NuK9,13,t_02LuKO,Talleres,LOCAL,1,0,3,6,2.0,2.0,8,15,2,1,4,11,1.0,0.0,,,11,20,7,9,445,396,379,337,25,15,6,4,41,43
2026-04-13,m_3SYDN1,14,t_02LuKO,Talleres,VISITANTE,2,1,2,6,2.0,0.0,8,17,5,6,3,11,1.0,1.0,1.0,1.0,11,19,12,7,432,437,351,377,19,14,6,13,58,63
2026-04-19,m_2g93PE,15,t_02LuKO,Talleres,LOCAL,0,2,7,4,2.0,2.0,9,15,1,8,7,5,0.0,2.0,,,13,29,13,10,212,552,122,461,13,8,14,7,45,47
2026-04-25,m_4DTyjs,16,t_02LuKO,Talleres,VISITANTE,0,0,1,6,4.0,1.0,10,16,3,3,3,7,0.0,2.0,0.0,2.0,14,19,10,8,383,455,320,380,21,21,9,9,50,46
2026-05-02,m_3C4rqD,9,t_02LuKO,Talleres,VISITANTE,1,1,8,0,5.0,3.0,25,8,7,1,11,6,2.0,0.0,2.0,0.0,45,12,14,13,432,282,332,185,13,24,5,8,52,46
2026-05-09,m_3c05ZH,1/8,t_02LuKO,Talleres,LOCAL,1,0,3,8,5.0,4.0,14,16,3,2,6,6,3.0,0.0,2.0,0.0,27,19,20,13,259,311,181,230,23,15,5,7,50,54
2026-07-25,m_4P8SSz,1,t_02LuKO,Talleres,VISITANTE,0,1,9,8,2.0,1.0,17,11,5,4,8,4,3.0,3.0,3.0,2.0,25,22,12,14,586,292,528,218,13,15,7,11,52,55
2026-07-30,m_0OoV9x,2,t_02LuKO,Talleres,LOCAL,3,1,5,8,1.0,2.0,11,20,6,6,5,12,4.0,2.0,2.0,1.0,15,31,6,10,371,618,268,531,11,13,8,10,55,65
2026-08-12,m_4f6yGZ,4,t_02LuKO,Talleres,LOCAL,3,0,5,2,2.0,2.0,23,18,7,7,8,9,3.0,1.0,1.0,1.0,32,27,9,4,412,637,335,559,9,7,9,6,55,48
2026-08-18,m_15Akee,5,t_02LuKO,Talleres,VISITANTE,1,3,3,7,3.0,3.0,15,18,5,6,7,8,4.0,4.0,3.0,2.0,17,10,8,14,499,442,435,369,15,18,7,14,50,68
2026-08-25,m_2LhyO1,6,t_02LuKO,Talleres,LOCAL,2,2,10,1,6.0,3.0,26,6,12,3,11,1,5.0,2.0,4.0,0.0,50,12,14,15,556,303,479,222,19,22,6,11,63,54
2026-08-30,m_38lyOU,7,t_02LuKO,Talleres,LOCAL,0,0,6,6,1.0,2.0,16,23,4,5,9,9,1.0,0.0,1.0,0.0,14,30,11,9,353,617,279,551,13,13,12,6,48,48
2026-09-05,m_2ImO5V,8,t_02LuKO,Talleres,VISITANTE,1,0,6,4,2.0,3.0,19,15,4,6,8,7,2.0,0.0,1.0,0.0,24,20,12,15,390,443,304,365,18,22,9,7,53,57
2026-09-12,m_36N9w7,9,t_02LuKO,Talleres,LOCAL,1,2,4,11,3.0,2.0,18,23,4,8,11,8,3.0,3.0,3.0,2.0,20,29,10,12,306,474,216,382,16,22,15,4,45,47
2026-09-20,m_0BTFn7,Clausura - Round 10,t_02LuKO,Talleres,VISITANTE,3,1,4,2,4.0,3.0,17,6,6,1,6,5,3.0,2.0,3.0,1.0,24,11,12,14,317,440,220,344,14,5,10,7,51,52
2026-10-04,m_1bDLdl,Clausura - Round 11,t_02LuKO,Talleres,LOCAL,1,0,5,4,4.0,2.0,11,16,2,6,5,8,1.0,1.0,1.0,1.0,15,24,11,12,381,379,305,313,17,18,5,8,47,58
2026-01-26,m_3gOUak,1,t_1L8FaD,Tigre,LOCAL,2,0,3,6,3.0,3.0,11,9,3,2,5,5,3.0,1.0,1.0,1.0,12,14,16,9,357,326,264,236,10,14,6,2,40,33
2026-01-29,m_4XI4Tz,2,t_1L8FaD,Tigre,VISITANTE,1,1,1,7,1.0,2.0,6,12,3,1,2,8,1.0,0.0,,,3,24,8,6,316,441,219,355,18,17,11,10,49,50
2026-02-02,m_3ACZQ9,3,t_1L8FaD,Tigre,LOCAL,1,3,7,5,4.0,0.0,12,12,3,8,8,4,4.0,4.0,4.0,2.0,15,16,13,10,407,203,354,130,12,10,9,7,33,36
2026-02-07,m_0k3gzI,4,t_1L8FaD,Tigre,VISITANTE,4,1,2,7,4.0,2.0,11,17,6,5,5,5,3.0,1.0,1.0,1.0,8,17,13,9,232,544,142,457,19,16,17,4,50,52
2026-02-12,m_1H9yMb,5,t_1L8FaD,Tigre,LOCAL,0,1,4,7,2.0,3.0,10,14,0,6,8,4,0.0,2.0,0.0,1.0,14,15,17,9,344,283,259,188,16,21,8,6,48,46
2026-02-22,m_10l4Ew,6,t_1L8FaD,Tigre,VISITANTE,0,0,6,4,1.0,8.0,16,14,3,1,9,11,1.0,0.0,1.0,0.0,19,13,10,19,463,297,382,234,21,12,13,11,51,50
2026-02-25,m_2dkzXZ,7,t_1L8FaD,Tigre,VISITANTE,1,2,2,0,1.0,4.0,15,11,6,5,7,5,2.0,1.0,1.0,0.0,14,15,12,18,327,391,253,305,13,17,12,11,51,56
2026-03-02,m_4QwFk6,8,t_1L8FaD,Tigre,LOCAL,2,2,2,9,5.0,1.0,5,21,3,6,2,10,2.0,3.0,1.0,2.0,10,31,18,9,327,342,240,254,33,24,8,12,52,57
2026-03-10,m_4GHjNn,10,t_1L8FaD,Tigre,LOCAL,1,1,3,4,5.0,3.0,9,16,5,4,1,10,1.0,1.0,0.0,1.0,18,26,12,16,439,294,340,199,12,17,7,14,52,56
2026-03-16,m_2yIwhJ,11,t_1L8FaD,Tigre,LOCAL,1,1,2,1,5.0,2.0,8,6,3,3,3,3,3.0,2.0,2.0,1.0,17,14,16,15,549,288,468,197,11,7,8,15,51,55
2026-03-21,m_3Ol2iT,12,t_1L8FaD,Tigre,VISITANTE,1,0,3,7,4.0,3.0,12,22,5,4,6,12,1.0,2.0,0.0,2.0,15,29,14,12,190,513,106,407,31,12,5,8,49,55
2026-04-02,m_41Dxbo,13,t_1L8FaD,Tigre,LOCAL,0,2,2,5,1.0,2.0,18,13,7,4,6,3,3.0,1.0,3.0,0.0,19,17,14,16,317,350,239,263,21,16,10,9,50,59
2026-04-12,m_19b0Rn,14,t_1L8FaD,Tigre,VISITANTE,0,0,3,5,1.0,1.0,12,7,4,1,5,4,1.0,1.0,1.0,1.0,18,14,10,13,366,341,259,236,24,20,6,9,50,53
2026-04-21,m_0QP5Eq,15,t_1L8FaD,Tigre,LOCAL,1,1,3,0,4.0,2.0,5,9,2,2,1,5,0.0,2.0,0.0,1.0,20,11,14,15,532,305,450,224,26,10,12,8,58,61
2026-04-25,m_19Px84,16,t_1L8FaD,Tigre,VISITANTE,0,1,6,3,5.0,4.0,15,10,2,4,10,5,0.0,2.0,0.0,1.0,15,14,15,11,372,346,264,230,12,13,14,10,45,54
2026-05-03,m_0fdjQP,9,t_1L8FaD,Tigre,VISITANTE,1,1,11,3,3.0,2.0,17,15,4,5,6,7,3.0,4.0,3.0,3.0,25,20,17,14,347,282,266,217,19,18,4,7,40,45
2026-07-25,m_2VlptL,1,t_1L8FaD,Tigre,VISITANTE,0,1,5,4,2.0,2.0,18,8,4,2,7,4,0.0,2.0,0.0,1.0,21,11,13,18,491,317,404,234,17,16,5,15,46,54
2026-08-01,m_0afzlB,3,t_1L8FaD,Tigre,VISITANTE,3,1,0,6,2.0,3.0,12,11,5,5,6,4,2.0,1.0,1.0,1.0,16,21,9,15,339,565,244,466,27,23,6,11,62,46
2026-08-06,m_147hOq,2,t_1L8FaD,Tigre,LOCAL,0,0,4,4,4.0,1.0,15,18,6,5,7,8,1.0,6.0,1.0,6.0,21,32,19,6,470,405,392,327,19,20,14,10,53,61
2026-08-08,m_2VSaa1,4,t_1L8FaD,Tigre,LOCAL,0,1,4,2,3.0,2.0,9,5,1,2,3,2,0.0,1.0,,,18,6,17,9,650,301,566,205,24,25,8,7,54,51
2026-08-15,m_0kIwxH,5,t_1L8FaD,Tigre,VISITANTE,0,0,9,7,3.0,2.0,13,22,2,4,5,11,1.0,1.0,1.0,1.0,18,18,9,12,400,336,315,231,20,23,6,13,50,56
2026-08-24,m_2k3hTY,6,t_1L8FaD,Tigre,LOCAL,1,2,5,4,2.0,3.0,11,14,2,2,3,10,2.0,2.0,1.0,0.0,21,21,14,12,482,308,398,218,15,20,11,18,57,51
2026-09-01,m_2eHqO4,7,t_1L8FaD,Tigre,LOCAL,0,0,5,3,3.0,1.0,14,6,2,1,8,5,1.0,0.0,1.0,0.0,17,14,13,11,393,398,304,290,20,15,20,8,67,62
2026-09-05,m_2MnXyo,8,t_1L8FaD,Tigre,VISITANTE,1,2,1,5,4.0,3.0,12,14,3,7,7,4,1.0,3.0,0.0,1.0,20,31,14,15,382,332,300,255,12,22,13,4,53,53
2026-09-13,m_2UjMTH,9,t_1L8FaD,Tigre,LOCAL,1,0,4,4,3.0,3.0,12,13,6,3,6,8,3.0,3.0,2.0,3.0,22,17,8,13,473,331,388,246,28,21,11,19,56,53
2026-09-21,m_0el541,Clausura - Round 10,t_1L8FaD,Tigre,VISITANTE,2,3,7,2,,,13,23,9,8,3,8,5.0,3.0,3.0,2.0,17,25,9,9,355,492,278,416,20,19,13,11,58,66
2026-10-04,m_099zvI,Clausura - Round 11,t_1L8FaD,Tigre,VISITANTE,2,1,4,3,2.0,2.0,13,13,5,4,4,6,1.0,3.0,1.0,3.0,9,20,14,11,362,444,280,351,18,29,7,14,65,58
2026-01-22,m_3Ky5pe,1,t_0oa5Fc,Unión,LOCAL,0,0,3,4,2.0,1.0,19,13,3,5,9,5,2.0,0.0,2.0,0.0,15,15,11,7,424,393,316,276,18,18,10,7,53,63
2026-01-29,m_431211,2,t_0oa5Fc,Unión,VISITANTE,1,2,7,5,1.0,3.0,15,15,5,6,5,6,1.0,3.0,1.0,2.0,19,25,9,7,343,522,254,435,17,24,5,12,50,54
2026-02-03,m_0Xzrp8,3,t_0oa5Fc,Unión,LOCAL,0,4,1,3,1.0,1.0,4,17,1,7,2,6,0.0,4.0,0.0,1.0,3,27,9,13,353,494,281,418,12,19,11,9,40,47
2026-02-07,m_0ofblh,4,t_0oa5Fc,Unión,VISITANTE,0,1,2,3,2.0,1.0,16,9,2,3,5,5,1.0,3.0,1.0,2.0,21,16,16,11,424,404,341,328,21,16,5,10,64,49
2026-02-14,m_0TuvMr,5,t_0oa5Fc,Unión,LOCAL,0,0,6,1,1.0,5.0,23,5,6,3,12,2,8.0,2.0,8.0,2.0,32,14,10,14,334,291,245,195,13,21,8,8,52,51
2026-02-23,m_4P2osf,6,t_0oa5Fc,Unión,LOCAL,0,1,4,1,3.0,3.0,12,20,3,6,4,9,1.0,2.0,1.0,1.0,16,35,9,14,390,336,290,262,20,16,15,15,49,59
2026-02-26,m_0cS0mC,7,t_0oa5Fc,Unión,VISITANTE,3,1,2,7,4.0,4.0,16,14,8,6,5,5,2.0,3.0,1.0,2.0,23,27,17,14,276,451,162,365,33,11,10,15,56,64
2026-03-01,m_15JkYD,8,t_0oa5Fc,Unión,VISITANTE,2,1,2,5,1.0,4.0,7,8,3,2,2,4,3.0,2.0,1.0,1.0,11,15,13,14,283,493,194,396,8,11,8,10,47,43
2026-03-10,m_433Hpb,10,t_0oa5Fc,Unión,VISITANTE,4,4,3,7,0.0,2.0,9,13,6,7,3,4,4.0,5.0,1.0,2.0,18,29,10,12,291,374,195,277,19,22,7,6,56,49
2026-03-16,m_1ifuZW,11,t_0oa5Fc,Unión,LOCAL,1,1,4,5,3.0,2.0,16,14,6,3,7,7,2.0,0.0,2.0,0.0,25,14,8,7,552,339,472,266,24,9,10,14,49,50
2026-03-21,m_1hukZb,12,t_0oa5Fc,Unión,VISITANTE,0,2,6,5,3.0,1.0,19,10,4,6,10,2,1.0,3.0,1.0,1.0,33,13,12,9,490,290,421,228,12,10,5,10,47,40
2026-04-03,m_1wLnDu,13,t_0oa5Fc,Unión,LOCAL,0,2,0,9,3.0,2.0,8,26,5,9,1,10,1.0,3.0,1.0,1.0,13,29,17,10,201,506,116,424,13,6,10,7,52,59
2026-04-11,m_4fxT6w,14,t_0oa5Fc,Unión,VISITANTE,1,2,6,4,5.0,5.0,12,10,2,3,6,5,2.0,3.0,1.0,1.0,15,17,14,17,285,487,196,403,12,16,11,10,45,50
2026-04-17,m_2518A4,15,t_0oa5Fc,Unión,LOCAL,2,3,15,4,3.0,3.0,28,5,10,3,10,2,4.0,3.0,2.0,2.0,54,10,8,14,471,188,383,116,15,23,7,11,65,52
2026-04-27,m_3JhiqO,16,t_0oa5Fc,Unión,VISITANTE,2,2,4,2,4.0,6.0,14,12,6,6,7,3,3.0,4.0,2.0,2.0,14,26,9,8,323,451,232,358,19,16,9,9,66,51
2026-05-02,m_3C4rqD,9,t_0oa5Fc,Unión,LOCAL,1,1,0,8,3.0,5.0,8,25,1,7,6,11,0.0,2.0,0.0,2.0,12,45,13,14,282,432,185,332,24,13,8,5,46,52
2026-05-10,m_3h25YQ,1/8,t_0oa5Fc,Unión,VISITANTE,1,2,5,5,1.0,2.0,18,10,4,6,10,1,2.0,2.0,2.0,1.0,40,16,6,15,401,254,295,150,12,13,5,10,53,59
2026-05-12,m_0yhLBE,1/4,t_0oa5Fc,Unión,VISITANTE,0,2,7,4,3.0,0.0,12,17,4,8,8,5,1.0,3.0,1.0,2.0,12,15,8,4,344,400,249,318,9,21,7,16,61,57
2026-07-25,m_3A4OqU,1,t_0oa5Fc,Unión,VISITANTE,2,2,6,2,3.0,2.0,16,10,5,3,6,5,1.0,2.0,1.0,1.0,24,18,12,15,443,339,353,241,11,19,7,12,52,51
2026-08-01,m_2WYe7B,3,t_0oa5Fc,Unión,VISITANTE,0,2,5,9,0.0,2.0,13,15,4,7,6,3,3.0,3.0,3.0,1.0,20,17,15,14,336,371,265,286,19,17,8,14,48,47
2026-08-06,m_1wAs6k,2,t_0oa5Fc,Unión,LOCAL,1,2,2,4,3.0,0.0,10,11,2,3,6,6,1.0,0.0,,,15,14,7,6,498,340,410,238,18,25,7,12,57,60
2026-08-11,m_23LFB9,4,t_0oa5Fc,Unión,LOCAL,2,1,4,8,4.0,3.0,10,26,4,7,2,11,3.0,3.0,1.0,3.0,16,43,6,16,300,446,220,347,17,15,11,6,47,59
2026-08-15,m_0CvxlD,5,t_0oa5Fc,Unión,VISITANTE,1,0,4,1,1.0,4.0,14,6,8,1,4,3,4.0,0.0,3.0,0.0,24,10,8,22,342,301,240,196,20,28,8,6,46,56
2026-08-21,m_4g29p2,6,t_0oa5Fc,Unión,VISITANTE,3,1,4,4,1.0,3.0,18,13,7,4,7,6,3.0,0.0,1.0,0.0,26,16,9,6,445,325,364,234,20,27,7,13,61,53
2026-08-28,m_1bDP6c,7,t_0oa5Fc,Unión,LOCAL,1,4,4,2,2.0,1.0,11,12,6,4,4,7,1.0,2.0,,,12,13,11,10,336,336,254,246,14,26,12,18,48,55
2026-09-08,m_0rPnpL,8,t_0oa5Fc,Unión,LOCAL,3,2,2,7,1.0,5.0,9,11,4,2,4,6,2.0,0.0,,,9,22,6,12,312,417,222,313,15,17,7,11,46,47
2026-09-12,m_36N9w7,9,t_0oa5Fc,Unión,VISITANTE,2,1,11,4,2.0,3.0,23,18,8,4,8,11,3.0,3.0,2.0,3.0,29,20,12,10,474,306,382,216,22,16,4,15,47,45
2026-09-19,m_17fjdr,Clausura - Round 10,t_0oa5Fc,Unión,LOCAL,2,1,1,6,4.0,2.0,8,21,4,4,2,10,1.0,2.0,0.0,1.0,11,27,12,11,317,366,235,276,6,14,5,5,41,51
2026-10-03,m_4O6zEu,Clausura - Round 11,t_0oa5Fc,Unión,VISITANTE,0,3,1,2,5.0,2.0,4,25,1,7,2,15,0.0,4.0,0.0,4.0,6,42,11,7,301,686,230,613,10,12,10,9,47,64
2026-01-23,m_1JjKsV,1,t_2eRs85,Vélez Sarsfield,VISITANTE,1,0,2,4,5.0,3.0,7,13,3,5,3,5,,,,,9,20,16,10,375,320,281,228,8,20,14,11,54,45
2026-01-27,m_45TuR8,2,t_2eRs85,Vélez Sarsfield,LOCAL,1,2,7,6,3.0,1.0,21,10,8,4,10,5,3.0,1.0,2.0,1.0,20,14,11,8,312,351,224,272,17,9,7,5,50,54
2026-01-31,m_1jdpKo,3,t_2eRs85,Vélez Sarsfield,VISITANTE,1,1,3,6,1.0,1.0,13,12,4,5,4,4,1.0,3.0,1.0,2.0,26,22,9,14,339,294,243,179,10,27,10,8,56,54
2026-02-09,m_14fRnJ,4,t_2eRs85,Vélez Sarsfield,LOCAL,1,2,7,2,1.0,0.0,9,15,3,4,5,10,0.0,4.0,0.0,2.0,7,22,10,11,465,470,376,394,17,17,12,9,58,60
2026-02-14,m_0Wq4zM,5,t_2eRs85,Vélez Sarsfield,VISITANTE,1,1,1,5,2.0,2.0,12,6,2,2,10,1,1.0,1.0,0.0,1.0,26,11,10,14,564,290,465,213,14,18,3,19,56,55
2026-02-22,m_4JeqYL,6,t_2eRs85,Vélez Sarsfield,LOCAL,0,1,7,5,3.0,1.0,12,9,5,4,5,2,2.0,1.0,2.0,1.0,20,9,14,9,569,327,448,198,21,25,12,12,66,77
2026-02-25,m_0rdClw,7,t_2eRs85,Vélez Sarsfield,LOCAL,0,0,4,3,3.0,3.0,12,10,3,4,5,5,0.0,2.0,0.0,2.0,17,11,11,18,583,240,478,145,22,23,8,13,57,62
2026-03-02,m_3WwAlG,8,t_2eRs85,Vélez Sarsfield,VISITANTE,1,0,4,9,4.0,5.0,9,12,1,2,8,2,2.0,1.0,1.0,1.0,16,23,16,13,316,415,245,346,14,20,9,10,59,60
2026-03-10,m_4GHjNn,10,t_2eRs85,Vélez Sarsfield,VISITANTE,1,1,4,3,3.0,5.0,16,9,4,5,10,1,1.0,1.0,1.0,0.0,26,18,16,12,294,439,199,340,17,12,14,7,56,52
2026-03-14,m_3WrGF3,11,t_2eRs85,Vélez Sarsfield,VISITANTE,2,0,7,4,3.0,1.0,14,14,6,4,7,6,3.0,1.0,3.0,1.0,13,19,9,11,371,379,265,287,28,14,12,18,68,60
2026-03-21,m_1CaySw,12,t_2eRs85,Vélez Sarsfield,LOCAL,1,0,2,4,3.0,1.0,16,10,7,5,6,5,,,,,21,18,18,12,340,491,238,395,14,18,7,12,57,54
2026-04-03,m_1tC6eA,13,t_2eRs85,Vélez Sarsfield,VISITANTE,2,3,0,4,2.0,2.0,11,16,3,9,6,5,3.0,2.0,2.0,1.0,16,20,12,12,471,360,375,286,19,15,5,13,65,61
2026-04-14,m_2wfcAu,14,t_2eRs85,Vélez Sarsfield,LOCAL,1,0,4,4,2.0,2.0,21,11,8,2,9,6,7.0,2.0,7.0,2.0,36,19,8,10,397,302,308,207,39,27,11,12,59,64
2026-04-20,m_4X5YYv,15,t_2eRs85,Vélez Sarsfield,VISITANTE,0,0,4,1,2.0,1.0,12,10,5,3,6,5,1.0,2.0,1.0,2.0,12,18,13,16,385,354,293,269,13,15,14,14,65,56
2026-04-27,m_3JhiqO,16,t_2eRs85,Vélez Sarsfield,LOCAL,2,2,2,4,6.0,4.0,12,14,6,6,3,7,4.0,3.0,2.0,2.0,26,14,8,9,451,323,358,232,16,19,9,9,51,66
2026-05-04,m_1P18Zr,9,t_2eRs85,Vélez Sarsfield,LOCAL,1,1,7,4,2.0,5.0,15,9,3,5,8,2,1.0,2.0,0.0,1.0,22,19,10,12,507,331,433,243,25,17,6,5,51,63
2026-05-11,m_4Cpvon,1/8,t_2eRs85,Vélez Sarsfield,LOCAL,0,1,17,0,2.0,5.0,27,7,5,3,10,2,1.0,2.0,1.0,1.0,44,6,9,13,526,232,443,151,11,11,10,11,49,40
2026-07-24,m_0xmq9N,1,t_2eRs85,Vélez Sarsfield,LOCAL,1,0,1,6,2.0,2.0,8,19,5,2,3,10,2.0,4.0,1.0,4.0,14,27,7,9,531,359,431,256,19,13,9,10,65,63
2026-07-30,m_0OoV9x,2,t_2eRs85,Vélez Sarsfield,VISITANTE,1,3,8,5,2.0,1.0,20,11,6,6,12,5,2.0,4.0,1.0,2.0,31,15,10,6,618,371,531,268,13,11,10,8,65,55
2026-08-08,m_4Ha0vK,4,t_2eRs85,Vélez Sarsfield,VISITANTE,1,1,5,4,2.0,4.0,30,8,8,4,14,3,5.0,1.0,4.0,1.0,37,10,12,10,546,403,459,303,21,20,14,8,71,52
2026-08-17,m_43tFlq,5,t_2eRs85,Vélez Sarsfield,LOCAL,1,1,6,9,4.0,3.0,10,20,3,6,6,7,1.0,1.0,1.0,1.0,13,26,15,19,420,355,297,247,22,22,12,14,53,57
2026-08-23,m_4fjPIc,6,t_2eRs85,Vélez Sarsfield,VISITANTE,2,2,5,3,1.0,2.0,11,13,4,3,4,7,2.0,0.0,2.0,0.0,17,23,13,13,430,568,330,469,19,23,11,16,58,58
2026-08-29,m_4bZ5kw,7,t_2eRs85,Vélez Sarsfield,VISITANTE,1,1,2,6,2.0,1.0,7,13,3,5,3,4,2.0,1.0,1.0,1.0,14,20,14,9,200,641,106,542,15,15,11,7,57,66
2026-09-06,m_3kXmim,8,t_2eRs85,Vélez Sarsfield,LOCAL,0,1,1,5,5.0,2.0,6,11,2,3,2,5,0.0,3.0,0.0,2.0,12,29,19,16,472,381,343,251,17,14,16,15,69,66
2026-09-11,m_3tdQH8,9,t_2eRs85,Vélez Sarsfield,VISITANTE,1,1,8,2,,,15,7,6,1,5,3,2.0,1.0,2.0,0.0,33,10,13,13,413,391,324,290,24,19,14,10,63,64
2026-09-21,m_0el541,Clausura - Round 10,t_2eRs85,Vélez Sarsfield,LOCAL,3,2,2,7,,,23,13,8,9,8,3,3.0,5.0,2.0,3.0,25,17,9,9,492,355,416,278,19,20,11,13,66,58
