date,match_id,round_name,team_id,team_name,local_visitante,goles_favor_ultimos_5,goles_favor_ultimos_10,goles_contra_ultimos_5,goles_contra_ultimos_10,corners_favor_ultimos_5,corners_favor_ultimos_10,corners_contra_ultimos_5,corners_contra_ultimos_10,tarjetas_favor_ultimos_5,tarjetas_favor_ultimos_10,tarjetas_contra_ultimos_5,tarjetas_contra_ultimos_10,tiros_favor_ultimos_5,tiros_favor_ultimos_10,tiros_contra_ultimos_5,tiros_contra_ultimos_10,tiros_arco_favor_ultimos_5,tiros_arco_favor_ultimos_10,tiros_arco_contra_ultimos_5,tiros_arco_contra_ultimos_10,tiros_desviados_favor_ultimos_5,tiros_desviados_favor_ultimos_10,tiros_desviados_contra_ultimos_5,tiros_desviados_contra_ultimos_10,big_chances_favor_ultimos_5,big_chances_favor_ultimos_10,big_chances_contra_ultimos_5,big_chances_contra_ultimos_10,big_chances_falladas_favor_ultimos_5,big_chances_falladas_favor_ultimos_10,big_chances_falladas_contra_ultimos_5,big_chances_falladas_contra_ultimos_10,toques_area_favor_ultimos_5,toques_area_favor_ultimos_10,toques_area_contra_ultimos_5,toques_area_contra_ultimos_10,faltas_favor_ultimos_5,faltas_favor_ultimos_10,faltas_contra_ultimos_5,faltas_contra_ultimos_10,pases_favor_ultimos_5,pases_favor_ultimos_10,pases_contra_ultimos_5,pases_contra_ultimos_10,pases_precisos_favor_ultimos_5,pases_precisos_favor_ultimos_10,pases_precisos_contra_ultimos_5,pases_precisos_contra_ultimos_10,tackles_favor_ultimos_5,tackles_favor_ultimos_10,tackles_contra_ultimos_5,tackles_contra_ultimos_10,intercepciones_favor_ultimos_5,intercepciones_favor_ultimos_10,intercepciones_contra_ultimos_5,intercepciones_contra_ultimos_10,recuperaciones_favor_ultimos_5,recuperaciones_favor_ultimos_10,recuperaciones_contra_ultimos_5,recuperaciones_contra_ultimos_10,goles_favor_historico,goles_contra_historico,corners_favor_historico,corners_contra_historico,tarjetas_favor_historico,tarjetas_contra_historico,tiros_favor_historico,tiros_contra_historico,tiros_arco_favor_historico,tiros_arco_contra_historico,tiros_desviados_favor_historico,tiros_desviados_contra_historico,big_chances_favor_historico,big_chances_contra_historico,big_chances_falladas_favor_historico,big_chances_falladas_contra_historico,toques_area_favor_historico,toques_area_contra_historico,faltas_favor_historico,faltas_contra_historico,pases_favor_historico,pases_contra_historico,pases_precisos_favor_historico,pases_precisos_contra_historico,tackles_favor_historico,tackles_contra_historico,intercepciones_favor_historico,intercepciones_contra_historico,recuperaciones_favor_historico,recuperaciones_contra_historico,partidos_previos
2026-01-24,m_43Vm4s,1,t_02LuKO,Talleres,LOCAL,,,,,,,,,,,,,,,,,,,,,,,,,,,,,,,,,,,,,,,,,,,,,,,,,,,,,,,,,,,,,,,,,,,,,,,,,,,,,,,,,,,,,,,,,,,0
2026-01-27,m_45TuR8,2,t_02LuKO,Talleres,VISITANTE,2.0,2.0,1.0,1.0,11.0,11.0,4.0,4.0,1.0,1.0,2.0,2.0,17.0,17.0,10.0,10.0,6.0,6.0,3.0,3.0,5.0,5.0,6.0,6.0,4.0,4.0,1.0,1.0,3.0,3.0,0.0,0.0,20.0,20.0,13.0,13.0,10.0,10.0,10.0,10.0,517.0,517.0,192.0,192.0,446.0,446.0,134.0,134.0,10.0,10.0,15.0,15.0,3.0,3.0,12.0,12.0,44.0,44.0,42.0,42.0,2.0,1.0,11.0,4.0,1.0,2.0,17.0,10.0,6.0,3.0,5.0,6.0,4.0,1.0,3.0,0.0,20.0,13.0,10.0,10.0,517.0,192.0,446.0,134.0,10.0,15.0,3.0,12.0,44.0,42.0,1
2026-02-01,m_2citFn,3,t_02LuKO,Talleres,LOCAL,2.0,2.0,1.0,1.0,8.5,8.5,5.5,5.5,1.0,1.0,2.5,2.5,13.5,13.5,15.5,15.5,5.0,5.0,5.5,5.5,5.0,5.0,8.0,8.0,2.5,2.5,2.0,2.0,2.0,2.0,1.0,1.0,17.0,17.0,16.5,16.5,9.0,9.0,10.5,10.5,434.0,434.0,252.0,252.0,359.0,359.0,179.0,179.0,9.5,9.5,16.0,16.0,4.0,4.0,9.5,9.5,49.0,49.0,46.0,46.0,2.0,1.0,8.5,5.5,1.0,2.5,13.5,15.5,5.0,5.5,5.0,8.0,2.5,2.0,2.0,1.0,17.0,16.5,9.0,10.5,434.0,252.0,359.0,179.0,9.5,16.0,4.0,9.5,49.0,46.0,2
2026-02-09,m_0rf9Wx,4,t_02LuKO,Talleres,VISITANTE,1.6666666666666667,1.6666666666666667,1.3333333333333333,1.3333333333333333,7.666666666666667,7.666666666666667,4.333333333333333,4.333333333333333,1.3333333333333333,1.3333333333333333,3.0,3.0,13.0,13.0,12.0,12.0,4.0,4.0,4.333333333333333,4.333333333333333,5.666666666666667,5.666666666666667,6.0,6.0,1.6666666666666667,1.6666666666666667,1.6666666666666667,1.6666666666666667,2.0,2.0,1.0,1.0,20.666666666666668,20.666666666666668,13.666666666666666,13.666666666666666,10.333333333333334,10.333333333333334,10.333333333333334,10.333333333333334,437.0,437.0,269.0,269.0,354.3333333333333,354.3333333333333,193.0,193.0,15.666666666666666,15.666666666666666,13.666666666666666,13.666666666666666,5.333333333333333,5.333333333333333,11.666666666666666,11.666666666666666,48.0,48.0,47.333333333333336,47.333333333333336,1.6666666666666667,1.3333333333333333,7.666666666666667,4.333333333333333,1.3333333333333333,3.0,13.0,12.0,4.0,4.333333333333333,5.666666666666667,6.0,1.6666666666666667,1.6666666666666667,2.0,1.0,20.666666666666668,13.666666666666666,10.333333333333334,10.333333333333334,437.0,269.0,354.3333333333333,193.0,15.666666666666666,13.666666666666666,5.333333333333333,11.666666666666666,48.0,47.333333333333336,3
2026-02-14,m_2a1a7F,5,t_02LuKO,Talleres,LOCAL,1.5,1.5,1.25,1.25,6.5,6.5,3.25,3.25,1.25,1.25,2.5,2.5,12.75,12.75,11.25,11.25,4.25,4.25,4.25,4.25,5.0,5.0,5.5,5.5,1.5,1.5,2.0,2.0,1.3333333333333333,1.3333333333333333,1.6666666666666667,1.6666666666666667,18.75,18.75,14.25,14.25,10.75,10.75,10.75,10.75,471.0,471.0,318.0,318.0,386.0,386.0,240.75,240.75,15.75,15.75,15.5,15.5,6.25,6.25,10.25,10.25,51.5,51.5,49.75,49.75,1.5,1.25,6.5,3.25,1.25,2.5,12.75,11.25,4.25,4.25,5.0,5.5,1.5,2.0,1.3333333333333333,1.6666666666666667,18.75,14.25,10.75,10.75,471.0,318.0,386.0,240.75,15.75,15.5,6.25,10.25,51.5,49.75,4
2026-02-21,m_2M8Y8t,6,t_02LuKO,Talleres,VISITANTE,1.4,1.4,1.4,1.4,5.6,5.6,3.4,3.4,1.2,1.2,2.4,2.4,11.8,11.8,11.6,11.6,4.4,4.4,4.6,4.6,4.6,4.6,5.0,5.0,2.0,2.0,2.0,2.0,1.75,1.75,1.75,1.75,17.2,17.2,14.4,14.4,11.4,11.4,11.0,11.0,434.0,434.0,351.6,351.6,349.6,349.6,272.0,272.0,18.2,18.2,17.2,17.2,7.2,7.2,9.4,9.4,50.2,50.2,50.6,50.6,1.4,1.4,5.6,3.4,1.2,2.4,11.8,11.6,4.4,4.6,4.6,5.0,2.0,2.0,1.75,1.75,17.2,14.4,11.4,11.0,434.0,351.6,349.6,272.0,18.2,17.2,7.2,9.4,50.2,50.6,5
2026-02-24,m_42bvJB,7,t_02LuKO,Talleres,VISITANTE,1.2,1.3333333333333333,1.2,1.1666666666666667,3.8,5.0,5.0,4.833333333333333,1.8,1.6666666666666667,2.6,2.5,10.0,11.166666666666666,12.4,12.0,4.0,4.333333333333333,4.8,4.5,3.8,4.0,4.8,5.0,1.4,1.8333333333333333,2.0,1.8333333333333333,1.0,1.4,2.0,1.6,15.0,15.833333333333334,17.4,16.666666666666668,13.0,12.5,10.8,10.666666666666666,377.8,401.0,410.0,373.6666666666667,293.0,318.5,326.2,294.1666666666667,20.2,18.5,18.2,17.666666666666668,9.2,8.166666666666666,9.6,10.0,52.4,51.0,52.4,50.666666666666664,1.3333333333333333,1.1666666666666667,5.0,4.833333333333333,1.6666666666666667,2.5,11.166666666666666,12.0,4.333333333333333,4.5,4.0,5.0,1.8333333333333333,1.8333333333333333,1.4,1.6,15.833333333333334,16.666666666666668,12.5,10.666666666666666,401.0,373.6666666666667,318.5,294.1666666666667,18.5,17.666666666666668,8.166666666666666,10.0,51.0,50.666666666666664,6
2026-03-01,m_3CjTLG,8,t_02LuKO,Talleres,LOCAL,0.8,1.1428571428571428,1.4,1.2857142857142858,3.0,4.571428571428571,3.8,4.285714285714286,1.8,1.5714285714285714,2.6,2.5714285714285716,10.2,11.142857142857142,10.0,11.571428571428571,3.6,4.0,3.8,4.285714285714286,4.0,4.285714285714286,3.8,5.0,1.4,1.7142857142857142,1.4,1.5714285714285714,1.0,1.3333333333333333,1.5,1.3333333333333333,15.6,16.0,15.4,15.714285714285714,13.0,11.857142857142858,10.8,10.714285714285714,404.4,412.85714285714283,406.0,362.0,319.4,330.7142857142857,322.2,281.2857142857143,22.0,18.428571428571427,19.2,18.285714285714285,9.6,8.0,10.8,10.428571428571429,51.4,50.714285714285715,52.8,50.857142857142854,1.1428571428571428,1.2857142857142858,4.571428571428571,4.285714285714286,1.5714285714285714,2.5714285714285716,11.142857142857142,11.571428571428571,4.0,4.285714285714286,4.285714285714286,5.0,1.7142857142857142,1.5714285714285714,1.3333333333333333,1.3333333333333333,16.0,15.714285714285714,11.857142857142858,10.714285714285714,412.85714285714283,362.0,330.7142857142857,281.2857142857143,18.428571428571427,18.285714285714285,8.0,10.428571428571429,50.714285714285715,50.857142857142854,7
2026-03-12,m_0RZpdm,10,t_02LuKO,Talleres,LOCAL,0.6,1.0,1.0,1.125,4.2,5.5,4.6,4.5,1.6,1.5,2.4,2.625,10.8,11.625,11.2,11.5,4.4,4.25,4.4,4.375,4.0,4.625,4.0,4.75,1.8,1.75,1.4,1.5,1.2,1.4285714285714286,1.4,1.2857142857142858,14.4,16.75,16.2,15.25,12.8,11.875,10.8,10.625,388.4,406.625,399.6,350.625,304.8,323.375,316.2,270.0,20.6,18.75,19.4,17.25,9.4,7.875,10.4,10.875,53.0,51.125,52.2,50.375,1.0,1.125,5.5,4.5,1.5,2.625,11.625,11.5,4.25,4.375,4.625,4.75,1.75,1.5,1.4285714285714286,1.2857142857142858,16.75,15.25,11.875,10.625,406.625,350.625,323.375,270.0,18.75,17.25,7.875,10.875,51.125,50.375,8
2026-03-15,m_3W9CKi,11,t_02LuKO,Talleres,VISITANTE,0.4,0.8888888888888888,1.2,1.2222222222222223,5.2,5.777777777777778,4.8,4.111111111111111,2.2,1.7777777777777777,3.4,3.0,11.8,12.222222222222221,10.4,10.777777777777779,4.4,4.333333333333333,4.2,4.222222222222222,5.0,5.0,3.6,4.444444444444445,2.0,1.7777777777777777,1.0,1.4444444444444444,1.6,1.5,0.8,1.125,16.8,17.666666666666668,14.2,14.222222222222221,14.0,12.555555555555555,10.4,10.555555555555555,355.8,407.0,365.6,344.44444444444446,275.2,324.44444444444446,281.6,263.44444444444446,20.4,18.333333333333332,18.6,17.22222222222222,9.8,8.222222222222221,10.6,10.444444444444445,52.2,51.888888888888886,50.4,50.111111111111114,0.8888888888888888,1.2222222222222223,5.777777777777778,4.111111111111111,1.7777777777777777,3.0,12.222222222222221,10.777777777777779,4.333333333333333,4.222222222222222,5.0,4.444444444444445,1.7777777777777777,1.4444444444444444,1.5,1.125,17.666666666666668,14.222222222222221,12.555555555555555,10.555555555555555,407.0,344.44444444444446,324.44444444444446,263.44444444444446,18.333333333333332,17.22222222222222,8.222222222222221,10.444444444444445,51.888888888888886,50.111111111111114,9
2026-03-21,m_41GmcC,12,t_02LuKO,Talleres,VISITANTE,0.2,0.8,0.8,1.1,5.4,5.5,4.2,3.8,2.2,1.7,3.6,3.0,12.4,12.1,9.4,10.5,3.8,4.1,3.0,3.8,5.0,4.8,4.0,4.5,1.5,1.7777777777777777,0.75,1.4444444444444444,1.25,1.5,0.5,1.125,16.6,16.9,14.8,14.6,14.4,12.9,11.4,11.2,361.0,397.5,325.0,338.3,283.0,316.3,244.0,258.0,18.2,18.2,18.0,17.6,9.0,8.1,10.4,9.9,54.0,52.1,50.0,50.3,0.8,1.1,5.5,3.8,1.7,3.0,12.1,10.5,4.1,3.8,4.8,4.5,1.7777777777777777,1.4444444444444444,1.5,1.125,16.9,14.6,12.9,11.2,397.5,338.3,316.3,258.0,18.2,17.6,8.1,9.9,52.1,50.3,10
2026-04-02,m_24NuK9,13,t_02LuKO,Talleres,LOCAL,0.4,0.8,1.0,1.1,6.0,4.9,3.0,4.0,1.8,1.8,3.2,2.9,12.4,11.2,9.8,11.1,3.8,3.9,3.0,3.9,5.2,4.5,5.0,4.9,2.0,1.6666666666666667,1.25,1.6666666666666667,1.5,1.25,0.75,1.375,16.8,15.9,16.0,16.7,14.0,13.5,11.2,11.0,383.2,380.5,300.8,355.4,301.0,297.0,216.4,271.3,17.2,18.7,18.4,18.3,8.4,8.8,9.2,9.4,53.8,53.1,52.0,52.2,0.9090909090909091,1.0909090909090908,5.454545454545454,4.0,1.7272727272727273,2.8181818181818183,11.727272727272727,11.0,4.090909090909091,3.8181818181818183,4.545454545454546,5.0,1.9,1.6,1.4444444444444444,1.2222222222222223,16.272727272727273,16.363636363636363,13.181818181818182,10.909090909090908,392.90909090909093,340.54545454545456,310.54545454545456,258.8181818181818,17.90909090909091,18.0,8.272727272727273,9.636363636363637,52.27272727272727,51.27272727272727,11
2026-04-13,m_3SYDN1,14,t_02LuKO,Talleres,VISITANTE,0.6,0.7,0.6,1.0,6.2,4.6,4.0,3.9,2.0,1.9,3.0,2.8,11.8,11.0,11.0,10.5,3.8,3.7,2.6,3.2,4.8,4.4,6.2,5.0,2.0,1.6666666666666667,1.25,1.3333333333333333,1.6666666666666667,1.2857142857142858,1.0,1.2857142857142858,15.6,15.6,18.0,16.7,13.8,13.4,10.8,10.8,375.4,389.9,321.6,363.8,296.0,307.7,243.0,282.6,18.6,20.3,17.0,18.1,8.2,8.9,7.4,9.1,52.2,51.8,50.2,51.5,0.9166666666666666,1.0,5.25,4.166666666666667,1.75,2.75,11.416666666666666,11.333333333333334,3.9166666666666665,3.5833333333333335,4.5,5.5,1.8181818181818181,1.4545454545454546,1.4444444444444444,1.2222222222222223,15.833333333333334,16.666666666666668,12.666666666666666,10.75,397.25,345.1666666666667,316.25,265.3333333333333,18.5,17.75,8.083333333333334,9.166666666666666,51.333333333333336,50.583333333333336,12
2026-04-19,m_2g93PE,15,t_02LuKO,Talleres,LOCAL,1.0,0.8,0.8,0.9,4.2,4.2,4.0,4.3,2.2,1.9,2.4,2.4,10.4,10.6,12.2,11.7,3.6,4.0,2.8,3.6,4.0,4.0,7.8,5.9,1.75,1.7777777777777777,1.25,1.3333333333333333,1.3333333333333333,1.25,1.0,1.25,13.4,13.9,19.4,17.8,13.8,13.3,10.2,10.5,389.2,388.8,354.8,377.2,311.8,308.3,280.2,298.2,18.2,19.4,17.8,18.6,8.0,8.7,7.2,8.8,53.0,53.0,53.4,52.8,1.0,1.0,5.0,4.3076923076923075,1.7692307692307692,2.5384615384615383,11.153846153846153,11.76923076923077,4.0,3.769230769230769,4.384615384615385,5.923076923076923,1.75,1.4166666666666667,1.4,1.2,15.461538461538462,16.846153846153847,12.615384615384615,10.461538461538462,399.9230769230769,352.2307692307692,318.9230769230769,273.9230769230769,18.53846153846154,17.46153846153846,7.923076923076923,9.461538461538462,51.84615384615385,51.53846153846154,13
2026-04-25,m_4DTyjs,16,t_02LuKO,Talleres,VISITANTE,1.0,0.7,0.8,1.0,4.0,4.6,4.6,4.7,1.8,2.0,1.6,2.5,8.8,10.3,14.2,12.3,2.8,3.6,3.8,4.0,3.8,4.4,8.4,6.0,1.25,1.6666666666666667,1.5,1.2222222222222223,1.0,1.4285714285714286,1.5,1.0,11.0,13.9,24.0,19.1,12.8,13.4,10.2,10.3,349.6,352.7,406.2,385.9,269.6,272.4,330.2,305.9,17.8,19.1,16.0,17.3,8.6,9.2,7.2,8.9,50.4,51.3,53.2,51.8,0.9285714285714286,1.0714285714285714,5.142857142857143,4.285714285714286,1.7857142857142858,2.5,11.0,12.0,3.7857142857142856,4.071428571428571,4.571428571428571,5.857142857142857,1.6153846153846154,1.4615384615384615,1.4,1.2,15.285714285714286,17.714285714285715,12.642857142857142,10.428571428571429,386.5,366.5,304.85714285714283,287.2857142857143,18.142857142857142,16.785714285714285,8.357142857142858,9.285714285714286,51.357142857142854,51.214285714285715,14
2026-05-02,m_3C4rqD,9,t_02LuKO,Talleres,VISITANTE,1.0,0.6,0.8,0.8,3.6,4.5,5.6,4.9,2.4,2.3,1.2,2.4,8.6,10.5,15.8,12.6,3.0,3.4,4.4,3.7,3.8,4.4,8.8,6.4,1.0,1.2222222222222223,1.6,1.2222222222222223,0.6666666666666666,1.0,1.6666666666666667,1.0,11.8,14.2,24.2,19.5,11.6,13.0,8.4,9.9,363.8,362.4,440.6,382.8,285.0,284.0,364.4,304.2,18.6,18.4,16.0,17.0,9.0,9.0,8.0,9.2,49.6,51.8,52.0,51.0,0.8666666666666667,1.0,4.866666666666666,4.4,1.9333333333333333,2.4,10.933333333333334,12.266666666666667,3.7333333333333334,4.0,4.466666666666667,5.933333333333334,1.5,1.5,1.2727272727272727,1.2727272727272727,15.2,17.8,12.466666666666667,10.266666666666667,386.26666666666665,372.4,305.8666666666667,293.46666666666664,18.333333333333332,17.066666666666666,8.4,9.266666666666667,51.266666666666666,50.86666666666667,15
2026-05-09,m_3c05ZH,1/8,t_02LuKO,Talleres,LOCAL,0.8,0.6,0.8,0.9,4.2,5.1,4.4,3.7,3.0,2.4,1.6,2.4,12.0,12.2,14.2,12.0,3.6,3.7,3.8,3.4,5.6,5.4,8.0,6.5,0.8,1.3333333333333333,1.0,1.1111111111111112,1.0,1.2857142857142858,1.0,0.8571428571428571,18.8,17.8,19.8,17.9,11.2,12.6,9.4,10.3,380.8,382.0,424.4,362.6,300.8,300.9,348.0,282.2,18.2,17.7,16.4,17.4,8.0,8.2,8.2,8.7,49.2,51.5,49.0,50.5,0.875,1.0,5.0625,4.125,2.125,2.4375,11.8125,12.0,3.9375,3.8125,4.875,5.9375,1.5333333333333334,1.4,1.3333333333333333,1.1666666666666667,17.0625,17.4375,12.5625,10.4375,389.125,366.75,307.5,286.6875,18.0,17.5,8.1875,9.1875,51.3125,50.5625,16
2026-07-25,m_4P8SSz,1,t_02LuKO,Talleres,VISITANTE,0.8,0.7,0.8,0.7,4.2,5.2,4.8,4.4,3.6,2.8,2.0,2.5,13.2,12.5,14.4,12.7,3.8,3.8,4.0,3.3,6.0,5.4,7.0,6.6,1.2,1.5555555555555556,1.0,1.1111111111111112,1.25,1.4285714285714286,0.75,0.8571428571428571,22.0,18.8,19.6,18.8,13.8,13.8,10.2,10.5,343.6,359.5,407.4,364.5,261.2,278.6,326.6,284.8,17.8,18.2,16.4,16.7,7.8,8.0,8.8,8.1,51.0,51.6,51.2,50.7,0.8823529411764706,0.9411764705882353,4.9411764705882355,4.352941176470588,2.2941176470588234,2.5294117647058822,11.941176470588236,12.235294117647058,3.8823529411764706,3.7058823529411766,4.9411764705882355,5.9411764705882355,1.625,1.3125,1.3846153846153846,1.0769230769230769,17.647058823529413,17.529411764705884,13.0,10.588235294117647,381.47058823529414,363.47058823529414,300.05882352941177,283.3529411764706,18.294117647058822,17.352941176470587,8.0,9.058823529411764,51.23529411764706,50.76470588235294,17
2026-07-30,m_0OoV9x,2,t_02LuKO,Talleres,LOCAL,0.4,0.7,0.8,0.8,5.6,4.9,5.2,4.6,3.6,2.9,2.2,2.3,15.0,12.7,13.2,12.7,3.8,3.7,3.6,3.2,7.0,5.5,5.6,6.7,1.6,1.6666666666666667,1.4,1.3333333333333333,1.75,1.5714285714285714,1.0,1.0,24.8,19.1,20.2,19.8,13.8,13.8,11.6,10.9,374.4,381.8,378.4,366.6,296.6,304.2,294.8,287.5,16.6,17.4,16.6,17.2,8.0,8.0,8.4,7.8,49.8,51.4,49.6,51.5,0.8333333333333334,0.9444444444444444,5.166666666666667,4.555555555555555,2.2777777777777777,2.4444444444444446,12.222222222222221,12.166666666666666,3.9444444444444446,3.7222222222222223,5.111111111111111,5.833333333333333,1.7058823529411764,1.411764705882353,1.5,1.1428571428571428,18.055555555555557,17.77777777777778,12.944444444444445,10.777777777777779,392.8333333333333,359.5,312.72222222222223,279.72222222222223,18.0,17.22222222222222,7.944444444444445,9.166666666666666,51.27777777777778,51.0,18
2026-08-12,m_4f6yGZ,4,t_02LuKO,Talleres,LOCAL,1.0,1.0,0.6,0.7,5.2,4.6,6.0,5.3,3.4,2.6,2.2,1.9,15.4,12.1,14.2,14.2,4.8,3.8,3.2,3.5,6.6,5.2,7.0,7.7,2.4,1.8888888888888888,1.4,1.4444444444444444,1.8,1.5714285714285714,1.0,1.1428571428571428,25.2,18.1,20.6,22.3,12.4,12.6,11.6,10.9,406.2,377.9,391.6,398.9,325.8,297.7,308.8,319.5,16.2,17.0,17.6,16.8,6.8,7.7,9.0,8.1,51.8,51.1,53.2,53.2,0.9473684210526315,0.9473684210526315,5.157894736842105,4.7368421052631575,2.210526315789474,2.4210526315789473,12.157894736842104,12.578947368421053,4.052631578947368,3.8421052631578947,5.105263157894737,6.157894736842105,1.8333333333333333,1.4444444444444444,1.5333333333333334,1.1333333333333333,17.894736842105264,18.473684210526315,12.578947368421053,10.736842105263158,391.6842105263158,373.10526315789474,310.36842105263156,292.94736842105266,17.63157894736842,17.0,7.947368421052632,9.210526315789474,51.473684210526315,51.73684210526316,19
2026-08-18,m_15Akee,5,t_02LuKO,Talleres,VISITANTE,1.6,1.3,0.6,0.7,6.0,4.8,5.2,5.4,3.0,2.7,2.4,1.8,18.0,13.3,14.6,15.2,5.6,4.3,4.0,4.2,7.6,5.7,7.4,8.1,3.0,2.0,1.2,1.4,2.0,1.5,0.8,1.125,28.8,20.3,22.2,23.2,12.2,11.9,10.8,9.6,412.0,387.9,428.0,434.3,328.8,306.9,344.6,354.5,13.8,16.2,14.8,15.4,6.8,7.9,8.4,8.2,52.8,51.2,53.6,52.8,1.05,0.9,5.15,4.6,2.2,2.4,12.7,12.85,4.2,4.0,5.25,6.3,1.894736842105263,1.4210526315789473,1.5,1.125,18.6,18.9,12.4,10.4,392.7,386.3,311.6,306.25,17.2,16.5,8.0,9.05,51.65,51.55,20
2026-08-25,m_2LhyO1,6,t_02LuKO,Talleres,LOCAL,1.6,1.2,1.0,0.9,5.0,4.6,6.6,5.5,2.6,2.8,2.4,2.0,16.0,14.0,16.6,15.4,5.2,4.4,5.0,4.4,6.8,6.2,7.8,7.9,3.4,2.1,2.0,1.5,2.2,1.75,1.2,1.125,23.2,21.0,21.8,20.8,11.0,11.1,11.0,10.2,425.4,403.1,460.0,442.2,349.4,325.1,381.4,364.7,14.2,16.2,13.6,15.0,7.2,7.6,9.6,8.9,52.4,50.8,58.0,53.5,1.0476190476190477,1.0,5.0476190476190474,4.714285714285714,2.238095238095238,2.4285714285714284,12.80952380952381,13.095238095238095,4.238095238095238,4.095238095238095,5.333333333333333,6.380952380952381,2.0,1.55,1.588235294117647,1.1764705882352942,18.523809523809526,18.476190476190474,12.19047619047619,10.571428571428571,397.76190476190476,388.95238095238096,317.4761904761905,309.23809523809524,17.095238095238095,16.571428571428573,7.9523809523809526,9.285714285714286,51.57142857142857,52.333333333333336,21
2026-08-30,m_38lyOU,7,t_02LuKO,Talleres,LOCAL,1.8,1.3,1.4,1.1,6.4,5.3,5.2,5.0,2.8,3.2,2.2,2.1,18.4,15.8,14.6,14.5,7.0,5.4,5.2,4.6,7.8,6.9,6.8,6.9,3.8,2.5,2.4,1.7,2.6,2.0,1.2,1.0,27.8,24.9,20.4,20.0,9.8,11.8,11.4,10.8,484.8,414.2,458.4,432.9,409.0,335.1,379.8,353.2,13.4,15.6,15.0,15.7,7.4,7.6,10.4,9.6,55.0,53.0,58.0,54.6,1.0909090909090908,1.0454545454545454,5.2727272727272725,4.545454545454546,2.409090909090909,2.4545454545454546,13.409090909090908,12.772727272727273,4.590909090909091,4.045454545454546,5.590909090909091,6.136363636363637,2.142857142857143,1.5714285714285714,1.7222222222222223,1.1111111111111112,19.954545454545453,18.181818181818183,12.272727272727273,10.772727272727273,404.95454545454544,385.04545454545456,324.8181818181818,305.27272727272725,17.181818181818183,16.818181818181817,7.863636363636363,9.363636363636363,52.09090909090909,52.40909090909091,22
2026-09-05,m_2ImO5V,8,t_02LuKO,Talleres,VISITANTE,1.8,1.1,1.2,1.0,5.8,5.7,4.8,5.0,2.6,3.1,2.4,2.3,18.2,16.6,17.0,15.1,6.8,5.3,5.4,4.5,8.0,7.5,7.8,6.7,3.4,2.5,1.8,1.6,2.2,2.0,0.8,0.8888888888888888,25.6,25.2,22.0,21.1,9.6,11.7,10.4,11.0,438.2,406.3,523.4,450.9,359.2,327.9,446.4,370.6,13.4,15.0,14.6,15.6,8.4,8.2,9.4,8.9,54.2,52.0,56.6,53.1,1.0434782608695652,1.0,5.304347826086956,4.608695652173913,2.347826086956522,2.4347826086956523,13.521739130434783,13.217391304347826,4.565217391304348,4.086956521739131,5.739130434782608,6.260869565217392,2.090909090909091,1.5,1.6842105263157894,1.0526315789473684,19.695652173913043,18.695652173913043,12.217391304347826,10.695652173913043,402.69565217391306,395.1304347826087,322.82608695652175,315.95652173913044,17.0,16.652173913043477,8.043478260869565,9.217391304347826,51.91304347826087,52.21739130434783,23
2026-09-12,m_36N9w7,9,t_02LuKO,Talleres,LOCAL,1.4,1.2,1.0,0.8,6.0,5.6,4.0,5.0,2.8,3.1,2.6,2.4,19.8,17.6,16.0,15.1,6.4,5.6,5.4,4.3,8.6,7.6,6.8,6.9,3.0,2.7,1.4,1.4,2.0,1.9,0.6,0.8,27.4,26.3,19.8,20.2,10.8,11.6,11.4,11.5,442.0,424.1,488.4,440.0,366.4,346.1,413.2,361.0,14.8,15.5,16.4,17.0,8.6,7.7,8.8,8.9,53.8,52.8,55.0,54.1,1.0416666666666667,0.9583333333333334,5.333333333333333,4.583333333333333,2.3333333333333335,2.4583333333333335,13.75,13.291666666666666,4.541666666666667,4.166666666666667,5.833333333333333,6.291666666666667,2.0869565217391304,1.434782608695652,1.65,1.0,19.875,18.75,12.208333333333334,10.875,402.1666666666667,397.125,322.0416666666667,318.0,17.041666666666668,16.875,8.083333333333334,9.125,51.958333333333336,52.416666666666664,24
2026-09-20,m_0BTFn7,Clausura - Round 10,t_02LuKO,Talleres,VISITANTE,1.0,1.3,1.4,1.0,5.8,5.9,5.8,5.5,3.0,3.0,2.6,2.5,18.8,18.4,17.0,15.8,5.8,5.7,5.6,4.8,9.2,8.4,6.6,7.0,3.0,3.0,1.8,1.5,2.4,2.2,0.8,0.8,25.0,26.9,20.2,21.2,11.0,11.6,13.0,11.9,420.8,416.4,455.8,441.9,342.6,335.7,377.8,361.2,16.2,15.0,19.4,17.1,9.8,8.3,8.4,8.4,51.8,52.3,54.8,54.2,1.04,1.0,5.28,4.84,2.36,2.44,13.92,13.68,4.52,4.32,6.04,6.36,2.125,1.5,1.7142857142857142,1.0476190476190477,19.88,19.16,12.12,10.92,398.32,400.2,317.8,320.56,17.0,17.08,8.36,8.92,51.68,52.2,25
2026-10-04,m_1bDLdl,Clausura - Round 11,t_02LuKO,Talleres,LOCAL,1.4,1.5,1.0,1.0,6.0,5.5,4.8,5.7,3.2,2.9,2.6,2.5,19.2,17.6,14.6,15.6,6.0,5.6,4.6,4.8,9.0,7.9,6.0,6.9,2.8,3.1,1.4,1.7,2.4,2.3,0.6,0.9,26.4,24.8,20.4,21.1,11.8,11.4,13.0,12.0,384.4,404.9,455.4,457.7,299.6,324.5,372.8,377.1,16.0,15.1,16.8,15.2,10.4,8.8,7.0,8.3,52.0,52.2,51.6,54.8,1.1153846153846154,1.0,5.230769230769231,4.730769230769231,2.423076923076923,2.4615384615384617,14.038461538461538,13.384615384615385,4.576923076923077,4.1923076923076925,6.038461538461538,6.3076923076923075,2.16,1.52,1.7727272727272727,1.0454545454545454,20.03846153846154,18.846153846153847,12.115384615384615,11.038461538461538,395.1923076923077,401.7307692307692,314.03846153846155,321.46153846153845,16.884615384615383,16.615384615384617,8.423076923076923,8.846153846153847,51.65384615384615,52.19230769230769,26
2026-01-24,m_1bOPPX,1,t_0SmVI4,Independiente Rivadavia,LOCAL,,,,,,,,,,,,,,,,,,,,,,,,,,,,,,,,,,,,,,,,,,,,,,,,,,,,,,,,,,,,,,,,,,,,,,,,,,,,,,,,,,,,,,,,,,,0
2026-01-27,m_2jeBEO,2,t_0SmVI4,Independiente Rivadavia,VISITANTE,1.0,1.0,2.0,2.0,3.0,3.0,1.0,1.0,3.0,3.0,2.0,2.0,14.0,14.0,11.0,11.0,5.0,5.0,5.0,5.0,6.0,6.0,5.0,5.0,1.0,1.0,2.0,2.0,0.0,0.0,1.0,1.0,19.0,19.0,15.0,15.0,11.0,11.0,13.0,13.0,296.0,296.0,216.0,216.0,200.0,200.0,137.0,137.0,17.0,17.0,25.0,25.0,9.0,9.0,11.0,11.0,46.0,46.0,48.0,48.0,1.0,2.0,3.0,1.0,3.0,2.0,14.0,11.0,5.0,5.0,6.0,5.0,1.0,2.0,0.0,1.0,19.0,15.0,11.0,13.0,296.0,216.0,200.0,137.0,17.0,25.0,9.0,11.0,46.0,48.0,1
2026-02-04,m_2PMEYZ,3,t_0SmVI4,Independiente Rivadavia,LOCAL,1.5,1.5,1.5,1.5,4.0,4.0,1.5,1.5,3.5,3.5,2.0,2.0,11.0,11.0,10.0,10.0,5.5,5.5,3.5,3.5,4.0,4.0,4.5,4.5,1.5,1.5,2.0,2.0,0.0,0.0,1.0,1.0,14.0,14.0,16.5,16.5,12.5,12.5,13.5,13.5,282.5,282.5,318.0,318.0,191.0,191.0,236.5,236.5,17.0,17.0,25.5,25.5,8.5,8.5,12.0,12.0,43.5,43.5,46.5,46.5,1.5,1.5,4.0,1.5,3.5,2.0,11.0,10.0,5.5,3.5,4.0,4.5,1.5,2.0,0.0,1.0,14.0,16.5,12.5,13.5,282.5,318.0,191.0,236.5,17.0,25.5,8.5,12.0,43.5,46.5,2
2026-02-10,m_3jKKF8,4,t_0SmVI4,Independiente Rivadavia,VISITANTE,1.3333333333333333,1.3333333333333333,1.6666666666666667,1.6666666666666667,3.0,3.0,2.3333333333333335,2.3333333333333335,3.3333333333333335,3.3333333333333335,1.3333333333333333,1.3333333333333333,12.666666666666666,12.666666666666666,13.0,13.0,6.0,6.0,5.0,5.0,4.666666666666667,4.666666666666667,5.666666666666667,5.666666666666667,1.6666666666666667,1.6666666666666667,2.6666666666666665,2.6666666666666665,0.3333333333333333,0.3333333333333333,1.3333333333333333,1.3333333333333333,16.0,16.0,20.333333333333332,20.333333333333332,11.666666666666666,11.666666666666666,12.333333333333334,12.333333333333334,322.0,322.0,304.6666666666667,304.6666666666667,230.33333333333334,230.33333333333334,221.0,221.0,16.0,16.0,22.333333333333332,22.333333333333332,7.0,7.0,11.0,11.0,45.0,45.0,52.0,52.0,1.3333333333333333,1.6666666666666667,3.0,2.3333333333333335,3.3333333333333335,1.3333333333333333,12.666666666666666,13.0,6.0,5.0,4.666666666666667,5.666666666666667,1.6666666666666667,2.6666666666666665,0.3333333333333333,1.3333333333333333,16.0,20.333333333333332,11.666666666666666,12.333333333333334,322.0,304.6666666666667,230.33333333333334,221.0,16.0,22.333333333333332,7.0,11.0,45.0,52.0,3
2026-02-15,m_4RVX9V,5,t_0SmVI4,Independiente Rivadavia,LOCAL,1.25,1.25,1.25,1.25,3.25,3.25,2.5,2.5,2.75,2.75,2.0,2.0,13.25,13.25,12.75,12.75,5.25,5.25,3.75,3.75,5.5,5.5,7.0,7.0,1.5,1.5,2.0,2.0,0.5,0.5,1.0,1.0,17.75,17.75,20.25,20.25,11.0,11.0,12.25,12.25,332.25,332.25,315.0,315.0,232.75,232.75,221.75,221.75,15.75,15.75,19.5,19.5,7.25,7.25,14.0,14.0,46.25,46.25,52.75,52.75,1.25,1.25,3.25,2.5,2.75,2.0,13.25,12.75,5.25,3.75,5.5,7.0,1.5,2.0,0.5,1.0,17.75,20.25,11.0,12.25,332.25,315.0,232.75,221.75,15.75,19.5,7.25,14.0,46.25,52.75,4
2026-02-21,m_49Gg2q,6,t_0SmVI4,Independiente Rivadavia,LOCAL,1.2,1.2,1.0,1.0,3.6,3.6,3.6,3.6,2.6,2.6,2.0,2.0,12.8,12.8,13.4,13.4,4.8,4.8,3.6,3.6,5.4,5.4,7.8,7.8,1.6,1.6,2.2,2.2,0.6,0.6,1.4,1.4,17.6,17.6,20.8,20.8,11.2,11.2,12.6,12.6,336.8,336.8,315.0,315.0,243.8,243.8,226.2,226.2,15.8,15.8,18.2,18.2,7.4,7.4,12.6,12.6,47.4,47.4,53.4,53.4,1.2,1.0,3.6,3.6,2.6,2.0,12.8,13.4,4.8,3.6,5.4,7.8,1.6,2.2,0.6,1.4,17.6,20.8,11.2,12.6,336.8,315.0,243.8,226.2,15.8,18.2,7.4,12.6,47.4,53.4,5
2026-02-26,m_2ASJLP,7,t_0SmVI4,Independiente Rivadavia,VISITANTE,1.4,1.3333333333333333,1.2,1.3333333333333333,4.8,4.5,4.0,3.5,2.0,2.1666666666666665,2.0,2.0,13.4,13.5,14.8,14.166666666666666,4.8,4.833333333333333,3.6,3.8333333333333335,6.2,6.166666666666667,8.4,7.833333333333333,1.8,1.6666666666666667,2.8,2.6666666666666665,0.8,0.6666666666666666,1.8,1.6666666666666667,18.4,18.5,23.8,22.333333333333332,10.2,10.333333333333334,12.2,12.333333333333334,354.4,344.6666666666667,318.2,301.1666666666667,263.8,253.16666666666666,229.4,214.0,16.4,16.5,16.8,18.166666666666668,6.8,7.166666666666667,12.6,12.333333333333334,44.4,44.666666666666664,51.4,50.833333333333336,1.3333333333333333,1.3333333333333333,4.5,3.5,2.1666666666666665,2.0,13.5,14.166666666666666,4.833333333333333,3.8333333333333335,6.166666666666667,7.833333333333333,1.6666666666666667,2.6666666666666665,0.6666666666666666,1.6666666666666667,18.5,22.333333333333332,10.333333333333334,12.333333333333334,344.6666666666667,301.1666666666667,253.16666666666666,214.0,16.5,18.166666666666668,7.166666666666667,12.333333333333334,44.666666666666664,50.833333333333336,6
2026-03-03,m_1IrvXt,8,t_0SmVI4,Independiente Rivadavia,LOCAL,1.2,1.2857142857142858,1.2,1.2857142857142858,4.2,4.142857142857143,5.0,4.0,1.8,2.2857142857142856,2.2,2.142857142857143,13.6,12.857142857142858,15.6,14.0,4.0,4.428571428571429,4.0,3.857142857142857,6.8,6.0,9.0,7.714285714285714,1.6,1.5714285714285714,2.6,2.4285714285714284,1.0,0.6666666666666666,2.0,1.6666666666666667,17.6,16.571428571428573,22.4,20.714285714285715,9.6,10.428571428571429,11.2,11.857142857142858,372.0,346.42857142857144,312.6,314.14285714285717,278.0,253.14285714285714,224.6,228.0,15.4,15.857142857142858,13.8,17.142857142857142,7.2,7.571428571428571,12.2,12.142857142857142,47.0,46.0,51.6,50.142857142857146,1.2857142857142858,1.2857142857142858,4.142857142857143,4.0,2.2857142857142856,2.142857142857143,12.857142857142858,14.0,4.428571428571429,3.857142857142857,6.0,7.714285714285714,1.5714285714285714,2.4285714285714284,0.6666666666666666,1.6666666666666667,16.571428571428573,20.714285714285715,10.428571428571429,11.857142857142858,346.42857142857144,314.14285714285717,253.14285714285714,228.0,15.857142857142858,17.142857142857142,7.571428571428571,12.142857142857142,46.0,50.142857142857146,7
2026-03-12,m_1DO56u,10,t_0SmVI4,Independiente Rivadavia,LOCAL,1.2,1.25,1.0,1.25,4.4,3.875,4.6,3.75,1.8,2.375,2.2,1.875,12.8,12.75,14.2,13.75,3.2,4.25,3.4,4.0,6.8,6.0,8.4,7.375,1.4,1.5,2.2,2.375,0.75,0.5714285714285714,2.0,1.7142857142857142,16.2,16.125,19.6,19.875,9.6,10.375,11.8,12.0,407.2,375.25,303.6,304.0,313.4,282.25,217.2,218.625,15.0,15.375,14.2,17.25,8.6,8.0,12.8,12.125,45.6,45.375,48.6,49.875,1.25,1.25,3.875,3.75,2.375,1.875,12.75,13.75,4.25,4.0,6.0,7.375,1.5,2.375,0.5714285714285714,1.7142857142857142,16.125,19.875,10.375,12.0,375.25,304.0,282.25,218.625,15.375,17.25,8.0,12.125,45.375,49.875,8
2026-03-15,m_4KLddA,11,t_0SmVI4,Independiente Rivadavia,VISITANTE,1.4,1.3333333333333333,1.2,1.2222222222222223,3.8,3.5555555555555554,5.2,4.0,2.4,2.5555555555555554,2.6,2.3333333333333335,11.4,12.222222222222221,16.2,14.666666666666666,3.2,4.111111111111111,5.6,4.777777777777778,5.8,5.666666666666667,7.8,7.444444444444445,1.6,1.5555555555555556,2.6,2.3333333333333335,0.5,0.5,2.25,1.625,13.0,15.11111111111111,21.2,20.77777777777778,10.0,10.444444444444445,11.2,11.666666666666666,375.2,356.1111111111111,337.0,327.22222222222223,290.4,264.77777777777777,261.4,243.77777777777777,14.0,14.777777777777779,14.0,16.444444444444443,9.0,8.222222222222221,9.6,11.555555555555555,44.0,45.0,48.6,50.44444444444444,1.3333333333333333,1.2222222222222223,3.5555555555555554,4.0,2.5555555555555554,2.3333333333333335,12.222222222222221,14.666666666666666,4.111111111111111,4.777777777777778,5.666666666666667,7.444444444444445,1.5555555555555556,2.3333333333333335,0.5,1.625,15.11111111111111,20.77777777777778,10.444444444444445,11.666666666666666,356.1111111111111,327.22222222222223,264.77777777777777,243.77777777777777,14.777777777777779,16.444444444444443,8.222222222222221,11.555555555555555,45.0,50.44444444444444,9
2026-03-23,m_3SxiDH,12,t_0SmVI4,Independiente Rivadavia,LOCAL,1.8,1.5,1.6,1.3,3.2,3.4,4.4,4.0,2.4,2.5,3.2,2.6,11.8,12.3,14.8,14.1,3.2,4.0,5.6,4.6,6.2,5.8,6.4,7.1,1.8,1.7,2.0,2.1,0.5,0.5555555555555556,1.5,1.4444444444444444,12.4,15.0,19.0,19.9,9.8,10.5,10.8,11.7,381.8,359.3,345.2,330.1,296.2,270.0,269.4,247.8,13.0,14.4,15.0,16.6,9.6,8.5,9.2,10.9,44.2,45.8,46.2,49.8,1.5,1.3,3.4,4.0,2.5,2.6,12.3,14.1,4.0,4.6,5.8,7.1,1.7,2.1,0.5555555555555556,1.4444444444444444,15.0,19.9,10.5,11.7,359.3,330.1,270.0,247.8,14.4,16.6,8.5,10.9,45.8,49.8,10
2026-04-02,m_41Dxbo,13,t_0SmVI4,Independiente Rivadavia,VISITANTE,1.4,1.4,1.4,1.3,2.0,3.4,4.4,4.2,2.8,2.4,2.8,2.4,11.0,12.2,12.8,13.8,2.8,3.8,5.4,4.5,5.8,6.0,5.6,7.0,1.8,1.8,1.4,2.1,0.75,0.7777777777777778,1.0,1.4444444444444444,12.2,15.3,15.0,19.4,10.6,10.4,11.4,11.8,411.6,383.0,341.2,329.7,330.0,296.9,268.0,248.7,11.2,13.8,14.2,15.5,11.0,8.9,8.6,10.6,47.2,45.8,46.2,48.8,1.3636363636363635,1.3636363636363635,3.3636363636363638,3.909090909090909,2.4545454545454546,2.3636363636363638,12.363636363636363,13.545454545454545,3.909090909090909,4.545454545454546,6.0,6.818181818181818,1.7272727272727273,2.090909090909091,0.7,1.4,15.636363636363637,19.0,10.454545454545455,11.909090909090908,375.09090909090907,319.3636363636364,288.09090909090907,238.54545454545453,14.090909090909092,16.363636363636363,8.909090909090908,10.636363636363637,45.81818181818182,48.72727272727273,11
2026-04-11,m_0sFzNT,14,t_0SmVI4,Independiente Rivadavia,LOCAL,1.6,1.4,1.2,1.2,2.6,3.4,3.4,4.2,2.6,2.2,2.4,2.3,11.8,12.7,13.8,14.7,3.2,3.6,6.0,5.0,5.4,6.1,5.4,7.2,1.8,1.7,1.8,2.2,0.6,0.7777777777777778,1.4,1.6666666666666667,14.6,16.1,16.6,19.5,11.6,10.6,12.4,11.8,410.2,391.1,326.2,319.4,332.0,305.0,253.4,239.0,12.0,13.7,16.2,15.0,10.8,9.0,8.4,10.3,48.2,47.6,47.0,49.3,1.4166666666666667,1.25,3.5,3.75,2.4166666666666665,2.25,12.416666666666666,13.916666666666666,3.9166666666666665,4.75,5.75,6.75,1.6666666666666667,2.1666666666666665,0.6363636363636364,1.5454545454545454,15.75,19.0,10.916666666666666,12.083333333333334,373.0,319.1666666666667,286.0,238.58333333333334,14.25,16.75,8.916666666666666,10.583333333333334,46.916666666666664,48.833333333333336,12
2026-04-20,m_0fOliE,15,t_0SmVI4,Independiente Rivadavia,VISITANTE,1.6,1.4,1.6,1.3,3.0,3.7,4.0,4.3,2.8,2.3,3.2,2.7,10.8,11.8,13.6,13.9,2.8,3.0,6.4,4.9,5.4,6.1,5.2,6.8,1.8,1.6,1.8,2.0,0.75,0.75,1.25,1.625,13.8,15.0,18.0,18.8,13.0,11.3,12.4,12.1,373.8,390.5,346.8,325.2,299.8,306.6,276.8,247.0,13.2,14.1,16.0,15.1,9.2,8.9,7.4,10.1,49.0,47.3,48.0,48.3,1.3846153846153846,1.3846153846153846,3.5384615384615383,3.8461538461538463,2.5384615384615383,2.3846153846153846,12.0,13.692307692307692,3.6923076923076925,4.923076923076923,5.769230769230769,6.538461538461538,1.6153846153846154,2.1538461538461537,0.6363636363636364,1.5454545454545454,15.23076923076923,19.153846153846153,11.384615384615385,12.153846153846153,374.6923076923077,320.46153846153845,289.0,241.0,14.538461538461538,16.76923076923077,8.461538461538462,10.307692307692308,46.76923076923077,49.15384615384615,13
2026-04-26,m_1qQfO1,16,t_0SmVI4,Independiente Rivadavia,LOCAL,1.2,1.3,1.4,1.3,3.4,3.6,4.0,4.6,2.2,2.3,2.4,2.5,12.4,11.9,12.4,14.3,2.6,2.9,5.0,5.3,7.2,6.5,5.2,6.5,2.2,1.9,1.6,2.1,1.75,1.125,1.25,1.75,15.6,14.3,17.2,19.2,12.4,11.2,13.0,12.1,413.6,394.4,293.2,315.1,339.4,314.9,219.0,240.2,13.8,13.9,18.0,16.0,8.2,8.6,7.8,8.7,49.8,46.9,46.6,47.6,1.2857142857142858,1.2857142857142858,3.5,4.0,2.4285714285714284,2.357142857142857,12.285714285714286,13.857142857142858,3.5714285714285716,4.857142857142857,6.214285714285714,6.642857142857143,1.7857142857142858,2.0714285714285716,0.9166666666666666,1.5,15.285714285714286,19.5,11.142857142857142,12.142857142857142,376.64285714285717,315.07142857142856,291.42857142857144,234.92857142857142,14.428571428571429,17.0,8.214285714285714,10.214285714285714,46.714285714285715,49.07142857142857,14
2026-05-03,m_3MfCw1,9,t_0SmVI4,Independiente Rivadavia,VISITANTE,0.8,1.3,2.0,1.8,3.4,3.3,5.4,4.9,3.0,2.7,1.8,2.5,11.2,11.5,15.2,15.0,2.4,2.8,6.4,6.0,6.6,6.4,5.8,6.1,1.8,1.8,2.8,2.4,1.5,1.0,1.75,1.625,15.0,13.7,20.8,19.9,13.8,11.8,13.6,12.2,372.6,377.2,273.0,309.1,301.8,299.0,200.6,235.0,14.0,13.5,17.6,16.3,7.4,8.5,8.0,8.6,47.0,45.6,45.0,45.6,1.2666666666666666,1.5333333333333334,3.4,4.466666666666667,2.6666666666666665,2.3333333333333335,11.933333333333334,14.466666666666667,3.466666666666667,5.2,6.066666666666666,6.666666666666667,1.7333333333333334,2.3333333333333335,0.8461538461538461,1.5384615384615385,15.0,20.2,11.6,12.333333333333334,363.73333333333335,311.06666666666666,280.6,232.06666666666666,14.266666666666667,16.933333333333334,8.133333333333333,9.933333333333334,46.2,48.2,15
2026-05-10,m_3h25YQ,1/8,t_0SmVI4,Independiente Rivadavia,LOCAL,1.0,1.2,1.8,1.6,4.2,3.1,5.8,5.1,3.2,3.0,1.8,2.3,11.6,11.3,17.2,15.0,2.6,2.7,6.4,5.9,6.4,6.1,6.8,6.2,1.4,1.6,2.8,2.1,1.0,0.875,2.0,1.5,15.2,13.7,25.2,20.1,13.6,12.1,12.2,11.8,354.6,383.1,287.8,314.5,277.4,303.7,209.2,238.6,16.6,13.9,20.2,17.2,6.0,8.5,7.4,8.0,50.2,48.7,48.0,47.1,1.25,1.5,3.625,4.5,2.6875,2.1875,12.125,14.6875,3.5,5.125,6.125,6.8125,1.625,2.3125,0.7857142857142857,1.5714285714285714,15.5,20.9375,11.4375,12.0,368.6875,309.5,284.75,229.375,14.875,17.5625,8.0,9.625,47.1875,48.5,16
2026-07-26,m_38l4Ru,1,t_0SmVI4,Independiente Rivadavia,VISITANTE,1.0,1.3,2.0,1.6,4.2,3.4,6.4,4.9,3.2,2.9,1.8,2.1,11.0,11.4,17.2,15.5,3.0,3.1,5.8,5.9,6.0,5.7,7.6,6.5,1.6,1.7,2.6,2.2,1.25,0.8888888888888888,1.75,1.5555555555555556,15.0,14.8,29.4,23.0,13.4,12.5,10.6,11.5,335.4,372.8,304.6,315.4,254.8,293.4,220.4,236.9,16.0,14.0,18.4,17.3,6.2,8.5,6.4,7.4,50.2,49.2,48.6,47.8,1.2941176470588236,1.4705882352941178,3.7058823529411766,4.529411764705882,2.6470588235294117,2.1176470588235294,12.0,14.882352941176471,3.6470588235294117,5.0588235294117645,5.823529411764706,7.0,1.6470588235294117,2.2941176470588234,0.8,1.6,15.529411764705882,22.058823529411764,11.647058823529411,11.647058823529411,361.94117647058823,314.88235294117646,276.8235294117647,233.23529411764707,14.764705882352942,17.235294117647058,8.117647058823529,9.352941176470589,47.88235294117647,48.76470588235294,17
2026-07-30,m_4ZaB72,2,t_0SmVI4,Independiente Rivadavia,LOCAL,0.8,1.2,1.4,1.5,4.6,3.8,6.2,5.1,2.8,2.8,1.2,2.2,11.4,11.1,16.0,14.8,3.4,3.1,4.6,5.5,5.6,5.5,7.2,6.2,1.75,1.7777777777777777,2.75,2.2222222222222223,1.25,1.0,1.75,1.5,19.0,16.4,26.6,22.3,13.0,13.0,10.6,11.5,328.2,351.0,283.8,315.3,246.0,272.9,198.0,237.4,14.8,14.0,19.2,17.6,7.4,8.3,7.8,7.6,48.8,48.9,45.6,46.8,1.2222222222222223,1.3888888888888888,3.8333333333333335,4.5,2.611111111111111,2.0555555555555554,11.833333333333334,14.333333333333334,3.611111111111111,4.833333333333333,5.722222222222222,6.722222222222222,1.6470588235294117,2.2941176470588234,0.8,1.6,16.27777777777778,21.22222222222222,11.833333333333334,11.722222222222221,361.77777777777777,310.27777777777777,277.05555555555554,229.05555555555554,14.61111111111111,17.444444444444443,8.166666666666666,9.61111111111111,47.333333333333336,48.166666666666664,18
2026-08-08,m_0eUxKc,4,t_0SmVI4,Independiente Rivadavia,LOCAL,1.0,1.1,1.8,1.6,5.2,4.3,5.6,4.8,3.25,2.6666666666666665,1.0,1.7777777777777777,11.0,11.7,17.0,14.7,4.2,3.4,5.2,5.1,4.6,5.9,6.8,6.0,1.25,1.7777777777777777,3.0,2.2222222222222223,0.75,1.25,1.75,1.5,18.8,17.2,28.0,22.6,13.0,12.7,10.6,11.8,344.4,379.0,287.4,290.3,259.6,299.5,204.8,211.9,15.0,14.4,17.6,17.8,6.8,7.5,8.4,8.1,48.0,48.9,46.6,46.6,1.2105263157894737,1.4210526315789473,3.9473684210526314,4.421052631578948,2.611111111111111,2.0555555555555554,11.947368421052632,14.68421052631579,3.736842105263158,4.947368421052632,5.7894736842105265,6.684210526315789,1.6666666666666667,2.2777777777777777,0.875,1.5625,16.210526315789473,21.736842105263158,11.631578947368421,11.736842105263158,368.1578947368421,307.7894736842105,283.05263157894734,227.0,14.578947368421053,17.157894736842106,7.842105263157895,9.736842105263158,47.05263157894737,48.421052631578945,19
2026-08-15,m_2rJ3SG,5,t_0SmVI4,Independiente Rivadavia,VISITANTE,1.0,0.9,1.2,1.6,5.4,4.4,4.2,4.8,2.5,2.7777777777777777,0.75,1.3333333333333333,10.8,11.0,16.0,15.6,4.4,3.4,3.8,5.1,4.2,5.4,7.4,6.6,1.5,1.6666666666666667,2.5,2.6666666666666665,1.0,1.25,2.0,1.875,18.2,16.6,26.6,23.7,11.6,12.7,9.6,11.6,370.4,371.5,349.6,311.3,276.8,289.3,259.4,230.0,15.4,14.7,18.6,18.1,7.8,7.6,8.0,8.0,51.0,49.0,50.8,47.9,1.2,1.45,3.9,4.4,2.6315789473684212,2.0,11.65,14.85,3.7,4.85,5.6,6.85,1.6842105263157894,2.3684210526315788,0.8823529411764706,1.6470588235294117,15.8,21.8,11.6,11.65,365.4,320.7,279.65,238.9,14.55,17.35,8.05,9.45,47.4,48.85,20
2026-08-22,m_2IoMcO,6,t_0SmVI4,Independiente Rivadavia,VISITANTE,0.8,0.9,1.4,1.6,4.8,4.5,4.0,4.9,2.75,3.0,1.0,1.4444444444444444,9.6,10.6,14.4,15.8,4.0,3.3,3.6,5.0,3.8,5.1,6.4,6.6,1.75,1.5555555555555556,2.25,2.5555555555555554,1.25,1.125,1.75,1.875,16.8,16.0,23.8,24.5,12.2,12.9,9.6,10.9,367.2,360.9,374.4,331.1,279.8,278.6,284.4,246.8,13.8,15.2,18.0,19.1,10.0,8.0,7.8,7.6,50.4,50.3,51.4,49.7,1.1428571428571428,1.4761904761904763,3.9047619047619047,4.380952380952381,2.7,1.95,11.523809523809524,14.619047619047619,3.619047619047619,4.761904761904762,5.571428571428571,6.714285714285714,1.65,2.3,0.8888888888888888,1.6111111111111112,15.80952380952381,21.61904761904762,11.619047619047619,11.428571428571429,368.3333333333333,324.95238095238096,283.57142857142856,242.47619047619048,14.619047619047619,17.666666666666668,8.476190476190476,9.19047619047619,47.95238095238095,49.19047619047619,21
2026-08-31,m_3p9B98,7,t_0SmVI4,Independiente Rivadavia,LOCAL,0.4,0.7,1.2,1.6,4.4,4.3,5.2,5.8,3.0,3.111111111111111,1.25,1.5555555555555556,9.8,10.4,13.4,15.3,3.6,3.3,3.4,4.6,4.4,5.2,6.0,6.8,1.5,1.5555555555555556,2.25,2.4444444444444446,1.25,1.25,1.75,1.75,16.8,15.9,21.2,25.3,11.6,12.5,10.0,10.3,379.2,357.3,393.0,348.8,291.8,273.3,304.2,262.3,15.4,15.7,17.8,18.1,11.2,8.7,8.4,7.4,48.8,49.5,52.2,50.4,1.0909090909090908,1.4090909090909092,3.8636363636363638,4.681818181818182,2.7142857142857144,1.9523809523809523,11.5,14.545454545454545,3.6363636363636362,4.681818181818182,5.5,6.7727272727272725,1.619047619047619,2.2857142857142856,0.8947368421052632,1.631578947368421,15.818181818181818,21.863636363636363,11.636363636363637,11.272727272727273,365.8636363636364,332.6363636363636,280.22727272727275,249.36363636363637,14.909090909090908,17.363636363636363,8.818181818181818,9.136363636363637,48.09090909090909,49.54545454545455,22
2026-09-06,m_32YJGL,8,t_0SmVI4,Independiente Rivadavia,VISITANTE,0.6,0.7,1.8,1.6,4.2,4.4,5.0,5.6,3.0,2.888888888888889,1.75,1.4444444444444444,10.2,10.8,16.0,16.0,3.8,3.6,5.0,4.8,4.6,5.1,6.4,6.8,1.6,1.6666666666666667,2.6,2.6666666666666665,1.4,1.3333333333333333,1.8,1.7777777777777777,13.8,16.4,24.0,25.3,11.0,12.0,10.4,10.5,387.6,357.9,405.2,344.5,297.2,271.6,313.2,255.6,16.4,15.6,16.0,17.6,12.0,9.7,8.2,8.0,51.0,49.9,54.8,50.2,1.0869565217391304,1.4782608695652173,3.9130434782608696,4.608695652173913,2.6818181818181817,2.0,11.478260869565217,14.695652173913043,3.652173913043478,4.869565217391305,5.478260869565218,6.6521739130434785,1.6363636363636365,2.3636363636363638,0.95,1.65,15.73913043478261,21.82608695652174,11.652173913043478,11.434782608695652,367.39130434782606,330.9130434782609,281.4347826086956,247.34782608695653,15.0,17.130434782608695,9.0,9.304347826086957,48.130434782608695,49.608695652173914,23
2026-09-12,m_2lA7Wg,9,t_0SmVI4,Independiente Rivadavia,LOCAL,0.6,0.8,2.0,1.9,3.0,4.1,4.8,5.2,3.4,3.3333333333333335,1.8,1.4444444444444444,9.4,10.2,14.8,15.9,3.6,3.9,5.6,5.4,3.6,4.1,5.8,6.3,1.6,1.4444444444444444,3.0,3.0,1.2,1.0,2.0,1.8888888888888888,13.2,16.0,23.8,25.9,12.6,12.8,10.2,10.4,363.4,353.9,454.8,371.1,272.0,265.8,355.8,280.3,18.2,16.6,17.4,17.5,13.4,10.1,9.0,8.7,54.4,51.2,56.2,51.4,1.0833333333333333,1.5416666666666667,3.75,4.5,2.782608695652174,2.0,11.416666666666666,14.708333333333334,3.7083333333333335,5.083333333333333,5.333333333333333,6.5,1.6521739130434783,2.4347826086956523,0.9523809523809523,1.6666666666666667,15.583333333333334,22.166666666666668,11.833333333333334,11.416666666666666,367.1666666666667,338.4166666666667,280.75,253.83333333333334,15.333333333333334,17.208333333333332,9.0,9.583333333333334,48.583333333333336,50.041666666666664,24
2026-01-22,m_4LyLYK,1,t_0bW0AU,Banfield,LOCAL,,,,,,,,,,,,,,,,,,,,,,,,,,,,,,,,,,,,,,,,,,,,,,,,,,,,,,,,,,,,,,,,,,,,,,,,,,,,,,,,,,,,,,,,,,,0
2026-01-30,m_2daQ30,2,t_0bW0AU,Banfield,VISITANTE,1.0,1.0,1.0,1.0,2.0,2.0,4.0,4.0,4.0,4.0,4.0,4.0,11.0,11.0,14.0,14.0,4.0,4.0,4.0,4.0,5.0,5.0,4.0,4.0,2.0,2.0,2.0,2.0,1.0,1.0,1.0,1.0,13.0,13.0,15.0,15.0,14.0,14.0,8.0,8.0,408.0,408.0,236.0,236.0,315.0,315.0,156.0,156.0,20.0,20.0,14.0,14.0,10.0,10.0,20.0,20.0,53.0,53.0,36.0,36.0,1.0,1.0,2.0,4.0,4.0,4.0,11.0,14.0,4.0,4.0,5.0,4.0,2.0,2.0,1.0,1.0,13.0,15.0,14.0,8.0,408.0,236.0,315.0,156.0,20.0,14.0,10.0,20.0,53.0,36.0,1
2026-02-03,m_1P4cPw,3,t_0bW0AU,Banfield,LOCAL,0.5,0.5,1.0,1.0,2.0,2.0,6.5,6.5,3.0,3.0,4.0,4.0,10.0,10.0,18.5,18.5,3.0,3.0,6.5,6.5,5.5,5.5,4.0,4.0,1.5,1.5,2.5,2.5,1.0,1.0,1.5,1.5,13.0,13.0,18.5,18.5,16.0,16.0,11.0,11.0,325.0,325.0,310.0,310.0,238.5,238.5,229.5,229.5,15.0,15.0,12.0,12.0,9.5,9.5,16.5,16.5,44.0,44.0,34.5,34.5,0.5,1.0,2.0,6.5,3.0,4.0,10.0,18.5,3.0,6.5,5.5,4.0,1.5,2.5,1.0,1.5,13.0,18.5,16.0,11.0,325.0,310.0,238.5,229.5,15.0,12.0,9.5,16.5,44.0,34.5,2
2026-02-08,m_2MVqzf,4,t_0bW0AU,Banfield,VISITANTE,1.0,1.0,1.0,1.0,2.6666666666666665,2.6666666666666665,5.0,5.0,2.6666666666666665,2.6666666666666665,3.3333333333333335,3.3333333333333335,11.333333333333334,11.333333333333334,17.333333333333332,17.333333333333332,3.3333333333333335,3.3333333333333335,5.666666666666667,5.666666666666667,6.0,6.0,5.333333333333333,5.333333333333333,1.6666666666666667,1.6666666666666667,2.3333333333333335,2.3333333333333335,1.0,1.0,1.3333333333333333,1.3333333333333333,20.333333333333332,20.333333333333332,20.0,20.0,13.0,13.0,11.666666666666666,11.666666666666666,324.0,324.0,289.3333333333333,289.3333333333333,234.0,234.0,203.0,203.0,18.666666666666668,18.666666666666668,11.333333333333334,11.333333333333334,8.333333333333334,8.333333333333334,12.333333333333334,12.333333333333334,47.666666666666664,47.666666666666664,37.666666666666664,37.666666666666664,1.0,1.0,2.6666666666666665,5.0,2.6666666666666665,3.3333333333333335,11.333333333333334,17.333333333333332,3.3333333333333335,5.666666666666667,6.0,5.333333333333333,1.6666666666666667,2.3333333333333335,1.0,1.3333333333333333,20.333333333333332,20.0,13.0,11.666666666666666,324.0,289.3333333333333,234.0,203.0,18.666666666666668,11.333333333333334,8.333333333333334,12.333333333333334,47.666666666666664,37.666666666666664,3
2026-02-14,m_3g6NsD,5,t_0bW0AU,Banfield,LOCAL,1.0,1.0,0.75,0.75,4.75,4.75,4.0,4.0,3.0,3.0,3.0,3.0,12.5,12.5,14.5,14.5,4.25,4.25,5.0,5.0,5.5,5.5,4.25,4.25,1.5,1.5,2.25,2.25,1.0,1.0,1.5,1.5,21.75,21.75,17.25,17.25,13.75,13.75,11.0,11.0,372.25,372.25,291.0,291.0,287.25,287.25,210.75,210.75,18.0,18.0,12.75,12.75,7.0,7.0,11.75,11.75,45.75,45.75,38.0,38.0,1.0,0.75,4.75,4.0,3.0,3.0,12.5,14.5,4.25,5.0,5.5,4.25,1.5,2.25,1.0,1.5,21.75,17.25,13.75,11.0,372.25,291.0,287.25,210.75,18.0,12.75,7.0,11.75,45.75,38.0,4
2026-02-21,m_4dWdyt,6,t_0bW0AU,Banfield,LOCAL,0.8,0.8,1.0,1.0,5.4,5.4,3.8,3.8,2.6,2.6,3.4,3.4,12.2,12.2,13.8,13.8,3.8,3.8,5.0,5.0,5.4,5.4,4.0,4.0,1.2,1.2,2.2,2.2,0.8,0.8,1.4,1.4,20.6,20.6,16.0,16.0,12.4,12.4,11.6,11.6,353.2,353.2,310.8,310.8,266.6,266.6,229.6,229.6,17.8,17.8,14.0,14.0,7.2,7.2,12.6,12.6,45.0,45.0,39.6,39.6,0.8,1.0,5.4,3.8,2.6,3.4,12.2,13.8,3.8,5.0,5.4,4.0,1.2,2.2,0.8,1.4,20.6,16.0,12.4,11.6,353.2,310.8,266.6,229.6,17.8,14.0,7.2,12.6,45.0,39.6,5
2026-02-26,m_25L4uT,7,t_0bW0AU,Banfield,VISITANTE,0.6,0.6666666666666666,1.4,1.3333333333333333,5.4,4.833333333333333,3.8,3.8333333333333335,2.4,2.6666666666666665,3.2,3.3333333333333335,12.0,11.833333333333334,14.4,14.333333333333334,3.4,3.5,6.0,5.666666666666667,5.8,5.666666666666667,4.4,4.333333333333333,1.2,1.3333333333333333,2.4,2.3333333333333335,1.0,1.0,1.4,1.3333333333333333,21.6,20.166666666666668,17.6,17.166666666666668,13.2,13.333333333333334,13.0,12.166666666666666,318.6,333.5,314.6,301.5,235.0,248.33333333333334,235.2,222.0,18.6,18.833333333333332,16.6,16.166666666666668,6.6,7.166666666666667,10.0,11.666666666666666,44.8,46.166666666666664,42.6,41.5,0.6666666666666666,1.3333333333333333,4.833333333333333,3.8333333333333335,2.6666666666666665,3.3333333333333335,11.833333333333334,14.333333333333334,3.5,5.666666666666667,5.666666666666667,4.333333333333333,1.3333333333333333,2.3333333333333335,1.0,1.3333333333333333,20.166666666666668,17.166666666666668,13.333333333333334,12.166666666666666,333.5,301.5,248.33333333333334,222.0,18.833333333333332,16.166666666666668,7.166666666666667,11.666666666666666,46.166666666666664,41.5,6
2026-03-03,m_0KBmAa,8,t_0bW0AU,Banfield,LOCAL,1.2,1.0,1.4,1.2857142857142858,6.2,5.0,2.6,3.7142857142857144,2.2,2.4285714285714284,2.8,3.142857142857143,15.2,13.714285714285714,11.0,13.142857142857142,4.6,4.142857142857143,4.6,5.142857142857143,7.2,6.714285714285714,4.4,4.285714285714286,1.4,1.4285714285714286,2.0,2.142857142857143,1.0,1.0,1.25,1.3333333333333333,24.2,21.0,15.8,16.571428571428573,12.6,13.571428571428571,12.8,12.285714285714286,377.6,362.57142857142856,293.8,298.42857142857144,291.2,276.14285714285717,211.4,216.57142857142858,21.0,19.285714285714285,19.0,17.0,8.0,8.428571428571429,9.2,11.285714285714286,49.0,47.57142857142857,46.0,42.714285714285715,1.0,1.2857142857142858,5.0,3.7142857142857144,2.4285714285714284,3.142857142857143,13.714285714285714,13.142857142857142,4.142857142857143,5.142857142857143,6.714285714285714,4.285714285714286,1.4285714285714286,2.142857142857143,1.0,1.3333333333333333,21.0,16.571428571428573,13.571428571428571,12.285714285714286,362.57142857142856,298.42857142857144,276.14285714285717,216.57142857142858,19.285714285714285,17.0,8.428571428571429,11.285714285714286,47.57142857142857,42.714285714285715,7
2026-03-11,m_2bEX07,10,t_0bW0AU,Banfield,LOCAL,1.2,1.125,1.2,1.125,6.4,5.0,3.0,3.75,2.4,2.5,2.6,2.875,15.2,13.75,10.8,13.25,4.2,3.875,3.8,4.5,7.4,6.875,4.4,4.75,1.6,1.625,1.6,1.875,1.5,1.2857142857142858,1.0,1.1428571428571428,21.4,21.0,15.6,17.25,14.0,13.625,11.6,11.625,360.0,346.5,334.4,317.5,277.2,261.0,252.4,233.875,19.6,19.25,21.4,17.625,9.0,8.75,10.0,10.875,47.6,47.625,45.0,42.25,1.125,1.125,5.0,3.75,2.5,2.875,13.75,13.25,3.875,4.5,6.875,4.75,1.625,1.875,1.2857142857142858,1.1428571428571428,21.0,17.25,13.625,11.625,346.5,317.5,261.0,233.875,19.25,17.625,8.75,10.875,47.625,42.25,8
2026-03-15,m_0FP8kh,11,t_0bW0AU,Banfield,VISITANTE,1.2,1.1111111111111112,1.6,1.2222222222222223,5.8,5.333333333333333,3.4,3.6666666666666665,2.8,2.888888888888889,3.0,3.0,15.6,14.222222222222221,12.2,13.222222222222221,3.8,4.0,4.4,4.666666666666667,8.0,6.888888888888889,5.2,4.777777777777778,1.6,1.5555555555555556,1.6,1.8888888888888888,1.5,1.25,0.75,1.125,22.0,21.88888888888889,16.2,16.666666666666668,13.2,13.444444444444445,11.0,11.0,333.6,350.77777777777777,344.4,320.6666666666667,250.2,266.6666666666667,258.2,237.11111111111111,18.4,18.22222222222222,23.0,18.444444444444443,9.4,8.333333333333334,9.6,10.555555555555555,50.0,48.111111111111114,48.8,44.0,1.1111111111111112,1.2222222222222223,5.333333333333333,3.6666666666666665,2.888888888888889,3.0,14.222222222222221,13.222222222222221,4.0,4.666666666666667,6.888888888888889,4.777777777777778,1.5555555555555556,1.8888888888888888,1.25,1.125,21.88888888888889,16.666666666666668,13.444444444444445,11.0,350.77777777777777,320.6666666666667,266.6666666666667,237.11111111111111,18.22222222222222,18.444444444444443,8.333333333333334,10.555555555555555,48.111111111111114,44.0,9
2026-03-21,m_3Ol2iT,12,t_0bW0AU,Banfield,LOCAL,1.4,1.1,1.6,1.3,4.2,4.8,4.0,3.9,2.8,2.7,2.6,3.0,14.8,13.5,14.2,14.0,3.8,3.8,4.6,4.8,7.6,6.5,6.4,5.2,1.8,1.5,1.8,2.0,1.75,1.2222222222222223,1.0,1.2222222222222223,20.8,20.7,19.8,17.9,14.2,13.3,10.2,10.9,324.8,339.0,383.8,347.3,244.6,255.6,298.8,264.2,19.8,18.8,24.6,19.3,11.0,9.1,8.2,10.4,51.6,48.3,49.4,44.5,1.1,1.3,4.8,3.9,2.7,3.0,13.5,14.0,3.8,4.8,6.5,5.2,1.5,2.0,1.2222222222222223,1.2222222222222223,20.7,17.9,13.3,10.9,339.0,347.3,255.6,264.2,18.8,19.3,9.1,10.4,48.3,44.5,10
2026-04-06,m_1ABinW,13,t_0bW0AU,Banfield,VISITANTE,1.4,1.0,1.2,1.3,5.2,5.3,3.8,3.8,2.8,2.6,2.8,3.0,17.2,14.6,13.2,13.8,4.2,3.8,3.8,4.9,8.6,7.2,6.4,5.4,1.8,1.5,1.4,1.9,1.75,1.3333333333333333,0.75,1.1111111111111112,23.0,22.3,18.2,17.9,13.0,13.1,10.0,11.5,380.4,349.5,370.8,342.7,294.6,264.8,283.2,259.2,17.4,18.0,25.4,21.0,11.2,8.9,7.8,8.9,52.2,48.5,49.0,45.8,1.0,1.2727272727272727,5.0,3.8181818181818183,2.727272727272727,3.090909090909091,14.272727272727273,13.818181818181818,3.8181818181818183,4.818181818181818,7.0,5.2727272727272725,1.5454545454545454,1.9090909090909092,1.3,1.1,21.454545454545453,17.636363636363637,13.181818181818182,11.181818181818182,354.8181818181818,333.0,269.3636363636364,249.8181818181818,18.181818181818183,20.363636363636363,9.0,9.909090909090908,48.90909090909091,44.90909090909091,11
2026-04-13,m_2pE60O,14,t_0bW0AU,Banfield,VISITANTE,1.4,1.3,1.4,1.4,5.8,6.0,3.4,3.0,2.8,2.5,2.8,2.8,15.6,15.4,13.8,12.4,4.0,4.3,4.0,4.3,7.0,7.1,6.4,5.4,1.6,1.5,1.4,1.7,1.6,1.3333333333333333,0.6,0.8888888888888888,21.6,22.9,17.6,16.7,11.8,12.2,9.4,11.1,384.2,380.9,366.6,330.2,304.0,297.6,285.2,248.3,16.0,18.5,26.0,22.5,9.6,8.8,9.6,9.4,51.2,50.1,49.8,47.9,1.1666666666666667,1.3333333333333333,5.333333333333333,3.5833333333333335,2.5833333333333335,3.0,14.5,13.416666666666666,4.083333333333333,4.666666666666667,6.833333333333333,5.166666666666667,1.5,1.8333333333333333,1.2727272727272727,1.0,21.25,17.0,12.833333333333334,11.083333333333334,371.5833333333333,326.8333333333333,287.75,245.16666666666666,17.916666666666668,20.75,8.916666666666666,10.583333333333334,49.083333333333336,45.666666666666664,12
2026-04-20,m_0fOliE,15,t_0bW0AU,Banfield,LOCAL,1.0,1.1,1.6,1.4,5.0,5.7,3.6,3.3,3.0,2.7,3.4,3.0,15.2,15.2,14.6,12.7,4.2,4.2,4.8,4.3,6.6,7.0,6.0,5.2,1.0,1.3,1.6,1.6,1.25,1.375,0.75,0.875,19.0,20.2,16.2,15.9,11.0,12.5,11.8,11.7,392.6,376.3,385.0,359.7,316.0,296.6,308.6,280.5,16.0,17.8,24.8,23.1,10.4,9.7,9.4,9.7,52.6,50.1,53.0,49.0,1.0769230769230769,1.3076923076923077,5.0,3.6923076923076925,2.6923076923076925,3.076923076923077,14.307692307692308,13.76923076923077,4.0,4.615384615384615,6.769230769230769,5.230769230769231,1.3846153846153846,1.7692307692307692,1.2727272727272727,1.0,20.23076923076923,16.846153846153847,12.615384615384615,11.692307692307692,364.2307692307692,343.46153846153845,282.15384615384613,262.61538461538464,18.0,20.384615384615383,9.384615384615385,10.307692307692308,49.53846153846154,46.38461538461539,13
2026-04-26,m_2uyJMX,16,t_0bW0AU,Banfield,VISITANTE,0.8,1.0,1.2,1.4,4.6,5.2,3.6,3.5,2.2,2.5,2.8,2.9,14.8,15.2,15.2,13.7,4.0,3.9,4.0,4.2,6.8,7.4,7.4,6.3,1.0,1.3,2.0,1.8,1.25,1.375,1.5,1.125,18.0,20.0,17.0,16.6,11.0,12.1,12.2,11.6,364.6,349.1,396.2,370.3,284.8,267.5,320.6,289.4,18.0,18.2,22.4,22.7,11.2,10.3,8.8,9.2,51.8,50.9,50.6,49.7,1.0,1.2142857142857142,5.071428571428571,3.642857142857143,2.642857142857143,2.9285714285714284,14.428571428571429,13.928571428571429,4.0,4.428571428571429,6.857142857142857,5.714285714285714,1.3571428571428572,1.9285714285714286,1.25,1.25,20.5,16.785714285714285,12.571428571428571,11.428571428571429,355.7142857142857,347.64285714285717,273.14285714285717,266.92857142857144,18.142857142857142,19.857142857142858,9.357142857142858,9.928571428571429,49.42857142857143,46.357142857142854,14
2026-05-02,m_1UxCxs,9,t_0bW0AU,Banfield,VISITANTE,0.8,1.1,1.0,1.3,5.2,4.7,2.8,3.4,2.0,2.4,3.0,2.8,16.6,15.7,13.0,13.6,5.0,4.4,3.2,3.9,7.2,7.4,6.6,6.5,1.6,1.7,1.8,1.8,1.75,1.75,1.25,1.125,20.2,20.5,13.6,16.7,12.4,13.3,12.6,11.4,395.6,360.2,348.2,366.0,312.2,278.4,266.4,282.6,17.8,18.8,21.2,22.9,11.4,11.2,8.8,8.5,55.8,53.7,52.6,51.0,1.0,1.2,4.933333333333334,3.533333333333333,2.466666666666667,3.0,14.533333333333333,13.666666666666666,4.2,4.266666666666667,6.733333333333333,5.666666666666667,1.5333333333333334,1.9333333333333333,1.3846153846153846,1.2307692307692308,20.533333333333335,16.466666666666665,13.0,11.466666666666667,357.8666666666667,347.6,274.46666666666664,264.93333333333334,18.466666666666665,19.933333333333334,9.866666666666667,9.866666666666667,50.8,47.2,15
2026-07-25,m_19ZLfE,1,t_0bW0AU,Banfield,VISITANTE,1.2,1.3,1.0,1.1,5.0,5.1,2.6,3.2,1.4,2.1,2.4,2.6,15.4,16.3,13.6,13.4,5.4,4.8,3.6,3.7,6.2,7.4,6.6,6.5,1.6,1.7,2.2,1.8,1.75,1.75,2.0,1.375,18.8,20.9,15.0,16.6,11.4,12.2,11.8,10.9,378.2,379.3,397.0,383.9,298.8,296.7,312.4,297.8,18.8,18.1,18.2,21.8,11.2,11.2,9.8,8.8,58.4,55.3,57.4,53.2,1.0625,1.1875,5.0,3.4375,2.3125,2.875,14.625,13.75,4.3125,4.4375,6.75,5.6875,1.5625,2.0,1.4285714285714286,1.3571428571428572,20.625,16.8125,12.625,11.375,362.125,353.0,278.5625,269.375,18.375,19.6875,9.6875,9.875,51.875,48.8125,16
2026-07-28,m_0U4Xso,2,t_0bW0AU,Banfield,LOCAL,0.6,1.0,0.8,1.1,3.6,4.7,3.2,3.3,1.8,2.3,2.2,2.5,13.0,14.3,16.0,14.9,4.2,4.1,5.2,4.6,5.8,6.4,7.4,6.9,1.4,1.5,2.6,2.0,1.5,1.5555555555555556,2.5,1.4444444444444444,17.6,19.6,18.8,18.2,12.0,11.9,12.0,10.7,333.8,359.0,442.0,404.3,250.4,277.2,352.8,319.0,19.2,17.6,16.2,21.1,11.2,10.4,8.8,9.2,59.6,55.4,57.4,53.6,1.0,1.1764705882352942,4.823529411764706,3.4705882352941178,2.3529411764705883,2.764705882352941,14.058823529411764,14.176470588235293,4.117647058823529,4.823529411764706,6.529411764705882,5.823529411764706,1.4705882352941178,2.0588235294117645,1.3333333333333333,1.4,20.176470588235293,17.529411764705884,12.588235294117647,11.352941176470589,360.47058823529414,360.70588235294116,276.7647058823529,276.8235294117647,18.294117647058822,19.41176470588235,9.588235294117647,10.058823529411764,52.1764705882353,49.11764705882353,17
2026-08-01,m_0OvFHa,3,t_0bW0AU,Banfield,VISITANTE,1.0,1.0,1.2,1.4,4.2,4.6,3.0,3.3,1.2,2.1,1.4,2.4,13.2,14.2,15.8,15.2,4.6,4.4,6.0,5.4,5.4,6.0,7.8,6.9,2.2,1.6,3.0,2.3,1.6,1.4444444444444444,2.2,1.5555555555555556,21.2,20.1,20.8,18.5,12.0,11.5,10.4,11.1,362.6,377.6,384.8,384.9,273.4,294.7,295.6,302.1,20.0,18.0,18.4,21.6,10.6,10.5,9.6,9.5,58.0,55.3,57.6,55.3,1.0555555555555556,1.2777777777777777,4.777777777777778,3.5,2.2777777777777777,2.611111111111111,14.0,14.333333333333334,4.166666666666667,5.0,6.388888888888889,5.944444444444445,1.6111111111111112,2.111111111111111,1.375,1.375,20.5,17.944444444444443,12.444444444444445,11.333333333333334,363.77777777777777,354.94444444444446,279.72222222222223,271.77777777777777,18.555555555555557,19.833333333333332,9.722222222222221,10.11111111111111,51.888888888888886,49.5,18
2026-08-10,m_2ckNSG,4,t_0bW0AU,Banfield,LOCAL,1.0,0.9,1.2,1.2,4.0,4.3,3.8,3.7,0.8,1.5,1.6,2.2,12.8,13.8,14.2,14.7,4.4,4.2,5.6,4.8,5.2,6.0,6.4,6.9,2.2,1.6,2.2,2.1,1.6,1.4444444444444444,1.4,1.4444444444444444,19.8,18.9,20.6,18.8,12.4,11.7,12.6,12.4,372.8,368.7,383.2,389.7,279.0,281.9,288.6,304.6,20.6,19.3,20.4,21.4,10.2,10.7,10.4,9.6,60.0,55.9,59.0,54.8,1.0,1.2105263157894737,4.7894736842105265,3.6842105263157894,2.1578947368421053,2.5789473684210527,14.0,14.0,4.105263157894737,4.7368421052631575,6.421052631578948,5.894736842105263,1.5789473684210527,2.0,1.3529411764705883,1.2941176470588236,20.31578947368421,17.789473684210527,12.526315789473685,11.736842105263158,360.2105263157895,357.0,274.6842105263158,272.63157894736844,18.789473684210527,20.0,9.578947368421053,10.052631578947368,52.21052631578947,49.68421052631579,19
2026-08-14,m_0M3QLL,5,t_0bW0AU,Banfield,VISITANTE,1.2,1.0,1.0,1.0,3.6,4.4,4.2,3.5,1.0,1.5,1.4,2.2,12.4,14.5,15.8,14.4,4.0,4.5,6.2,4.7,5.4,6.3,7.4,7.0,2.2,1.9,2.8,2.3,1.6,1.6666666666666667,2.2,1.7777777777777777,21.4,20.8,24.2,18.9,10.8,11.6,13.2,12.9,380.8,388.2,394.8,371.5,287.4,299.8,308.2,287.3,21.0,19.4,22.0,21.6,9.8,10.6,10.8,9.8,58.2,57.0,61.2,56.9,1.05,1.15,4.6,3.7,2.1,2.6,14.0,14.2,4.15,4.75,6.4,6.1,1.7,2.15,1.4444444444444444,1.5,20.75,18.4,12.45,11.9,363.6,359.4,277.7,275.75,19.1,20.45,9.85,10.1,52.65,50.7,20
2026-08-23,m_3yRTgE,6,t_0bW0AU,Banfield,VISITANTE,1.0,1.1,0.8,0.9,2.6,3.8,5.0,3.8,1.4,1.4,1.6,2.0,10.4,12.9,17.4,15.5,3.2,4.3,5.2,4.4,4.4,5.3,9.6,8.1,2.0,1.8,2.6,2.4,1.2,1.4444444444444444,2.0,2.0,18.6,18.7,26.6,20.8,11.6,11.5,13.0,12.4,326.2,352.2,445.4,421.2,233.8,266.3,364.2,338.3,22.6,20.7,22.4,20.3,10.6,10.9,9.6,9.7,51.2,54.8,56.0,56.7,1.0476190476190477,1.0952380952380953,4.428571428571429,3.8095238095238093,2.0952380952380953,2.5714285714285716,13.619047619047619,14.619047619047619,4.0476190476190474,4.619047619047619,6.190476190476191,6.619047619047619,1.6666666666666667,2.142857142857143,1.368421052631579,1.5263157894736843,20.142857142857142,19.142857142857142,12.380952380952381,11.761904761904763,353.57142857142856,375.0,267.9047619047619,291.95238095238096,19.38095238095238,20.333333333333332,9.904761904761905,9.80952380952381,51.714285714285715,50.523809523809526,21
2026-08-30,m_1oO6B7,7,t_0bW0AU,Banfield,LOCAL,1.2,0.9,1.0,0.9,2.8,3.2,4.8,4.0,1.4,1.6,1.6,1.9,12.0,12.5,16.0,16.0,4.2,4.2,4.2,4.7,4.6,5.2,9.2,8.3,2.4,1.9,2.8,2.7,1.4,1.4444444444444444,2.0,2.2222222222222223,19.0,18.3,23.6,21.2,12.2,12.1,13.2,12.6,324.2,329.0,423.2,432.6,233.2,241.8,342.6,347.7,22.2,20.7,23.6,19.9,11.6,11.4,8.8,8.8,50.8,55.2,56.4,56.9,1.0454545454545454,1.1363636363636365,4.363636363636363,3.772727272727273,2.1363636363636362,2.5,13.590909090909092,14.590909090909092,4.136363636363637,4.681818181818182,6.090909090909091,6.590909090909091,1.6818181818181819,2.227272727272727,1.35,1.55,19.90909090909091,18.90909090909091,12.5,11.772727272727273,352.22727272727275,374.90909090909093,266.8636363636364,291.77272727272725,19.181818181818183,20.363636363636363,10.045454545454545,9.772727272727273,51.86363636363637,50.77272727272727,22
2026-09-05,m_3GuLGz,8,t_0bW0AU,Banfield,VISITANTE,1.4,1.2,0.8,1.0,2.6,3.4,4.8,3.9,1.2,1.2,1.8,1.6,13.2,13.2,15.6,15.7,4.8,4.7,3.6,4.8,5.0,5.2,9.2,8.5,3.0,2.6,2.4,2.7,2.0,1.8,1.8,2.0,20.8,21.0,22.4,21.6,12.8,12.4,12.8,11.6,342.4,352.5,429.6,407.2,251.6,262.5,347.0,321.3,20.4,20.2,21.6,20.0,10.2,10.4,8.6,9.1,51.2,54.6,55.2,56.4,1.1304347826086956,1.173913043478261,4.304347826086956,3.782608695652174,2.0434782608695654,2.4347826086956523,13.826086956521738,14.608695652173912,4.304347826086956,4.695652173913044,6.086956521739131,6.6521739130434785,1.9130434782608696,2.1739130434782608,1.5238095238095237,1.4761904761904763,20.565217391304348,18.91304347826087,12.521739130434783,11.652173913043478,359.1304347826087,371.17391304347825,273.60869565217394,288.1304347826087,18.956521739130434,20.217391304347824,9.826086956521738,9.782608695652174,51.73913043478261,50.73913043478261,23
2026-09-14,m_0WEWh7,9,t_0bW0AU,Banfield,LOCAL,1.6,1.3,1.4,1.3,2.4,3.2,5.0,4.4,2.0,1.4,2.2,1.9,13.0,12.9,18.2,16.2,4.8,4.6,5.4,5.5,4.8,5.0,9.8,8.1,3.4,2.8,3.0,2.6,2.2,1.9,2.0,1.7,23.2,21.5,23.0,21.8,12.6,12.5,12.6,12.6,342.4,357.6,411.8,397.5,256.8,267.9,330.2,309.4,19.2,19.9,22.4,21.4,10.4,10.3,8.2,9.3,50.0,55.0,54.6,56.8,1.125,1.25,4.291666666666667,3.9583333333333335,2.125,2.5,13.791666666666666,14.875,4.25,4.875,6.083333333333333,6.708333333333333,1.9583333333333333,2.2083333333333335,1.5454545454545454,1.4545454545454546,20.916666666666668,18.875,12.541666666666666,11.916666666666666,356.5,368.4166666666667,270.9583333333333,284.625,18.875,20.5,9.75,9.666666666666666,51.75,50.708333333333336,24
2026-09-14,m_1qLG6R,Clausura - Round 9,t_0bW0AU,Banfield,LOCAL,1.4,1.3,1.6,1.3,3.4,3.5,4.4,4.3,1.8,1.4,2.0,1.7,12.0,12.2,16.2,16.0,4.4,4.2,5.2,5.7,4.6,5.0,8.4,7.9,3.0,2.6,2.4,2.6,1.8,1.7,1.2,1.7,20.6,21.0,19.6,21.9,11.4,11.1,13.0,13.1,346.0,363.4,384.4,389.6,258.0,272.7,297.8,303.0,17.6,19.3,21.8,21.9,9.6,9.7,9.0,9.9,47.2,52.7,49.4,55.3,1.12,1.24,4.36,3.84,2.04,2.48,13.6,14.6,4.2,4.84,6.04,6.56,1.96,2.2,1.5217391304347827,1.434782608695652,20.72,18.64,12.24,12.12,360.08,364.4,273.76,280.16,18.8,20.72,9.8,9.88,51.56,50.44,25
2026-09-19,m_1rGQaB,Clausura - Round 10,t_0bW0AU,Banfield,VISITANTE,1.4,1.2,1.8,1.3,4.4,3.5,3.4,4.2,1.4,1.4,2.0,1.8,12.6,11.5,13.2,15.3,4.6,3.9,5.6,5.4,5.2,4.8,5.6,7.6,3.2,2.6,2.4,2.5,2.0,1.6,1.0,1.5,22.2,20.4,15.4,21.0,10.2,10.9,14.6,13.8,404.6,365.4,300.6,373.0,311.8,272.8,209.2,286.7,16.0,19.3,23.4,22.9,9.6,10.1,11.2,10.4,50.0,50.6,48.8,52.4,1.1153846153846154,1.2307692307692308,4.423076923076923,3.730769230769231,1.9615384615384615,2.4615384615384617,13.423076923076923,14.346153846153847,4.153846153846154,4.8076923076923075,6.0,6.423076923076923,1.9615384615384615,2.1923076923076925,1.5,1.4166666666666667,20.53846153846154,18.423076923076923,11.961538461538462,12.307692307692308,363.38461538461536,360.6923076923077,276.34615384615387,276.03846153846155,18.73076923076923,20.923076923076923,9.846153846153847,10.076923076923077,51.38461538461539,50.19230769230769,26
2026-01-22,m_3Ky5pe,1,t_0oa5Fc,Unión,LOCAL,,,,,,,,,,,,,,,,,,,,,,,,,,,,,,,,,,,,,,,,,,,,,,,,,,,,,,,,,,,,,,,,,,,,,,,,,,,,,,,,,,,,,,,,,,,0
2026-01-29,m_431211,2,t_0oa5Fc,Unión,VISITANTE,0.0,0.0,0.0,0.0,3.0,3.0,4.0,4.0,2.0,2.0,1.0,1.0,19.0,19.0,13.0,13.0,3.0,3.0,5.0,5.0,9.0,9.0,5.0,5.0,2.0,2.0,0.0,0.0,2.0,2.0,0.0,0.0,15.0,15.0,15.0,15.0,11.0,11.0,7.0,7.0,424.0,424.0,393.0,393.0,316.0,316.0,276.0,276.0,18.0,18.0,18.0,18.0,10.0,10.0,7.0,7.0,53.0,53.0,63.0,63.0,0.0,0.0,3.0,4.0,2.0,1.0,19.0,13.0,3.0,5.0,9.0,5.0,2.0,0.0,2.0,0.0,15.0,15.0,11.0,7.0,424.0,393.0,316.0,276.0,18.0,18.0,10.0,7.0,53.0,63.0,1
2026-02-03,m_0Xzrp8,3,t_0oa5Fc,Unión,LOCAL,0.5,0.5,1.0,1.0,5.0,5.0,4.5,4.5,1.5,1.5,2.0,2.0,17.0,17.0,14.0,14.0,4.0,4.0,5.5,5.5,7.0,7.0,5.5,5.5,1.5,1.5,1.5,1.5,1.5,1.5,1.0,1.0,17.0,17.0,20.0,20.0,10.0,10.0,7.0,7.0,383.5,383.5,457.5,457.5,285.0,285.0,355.5,355.5,17.5,17.5,21.0,21.0,7.5,7.5,9.5,9.5,51.5,51.5,58.5,58.5,0.5,1.0,5.0,4.5,1.5,2.0,17.0,14.0,4.0,5.5,7.0,5.5,1.5,1.5,1.5,1.0,17.0,20.0,10.0,7.0,383.5,457.5,285.0,355.5,17.5,21.0,7.5,9.5,51.5,58.5,2
2026-02-07,m_0ofblh,4,t_0oa5Fc,Unión,VISITANTE,0.3333333333333333,0.3333333333333333,2.0,2.0,3.6666666666666665,3.6666666666666665,4.0,4.0,1.3333333333333333,1.3333333333333333,1.6666666666666667,1.6666666666666667,12.666666666666666,12.666666666666666,15.0,15.0,3.0,3.0,6.0,6.0,5.333333333333333,5.333333333333333,5.666666666666667,5.666666666666667,1.0,1.0,2.3333333333333335,2.3333333333333335,1.0,1.0,1.0,1.0,12.333333333333334,12.333333333333334,22.333333333333332,22.333333333333332,9.666666666666666,9.666666666666666,9.0,9.0,373.3333333333333,373.3333333333333,469.6666666666667,469.6666666666667,283.6666666666667,283.6666666666667,376.3333333333333,376.3333333333333,15.666666666666666,15.666666666666666,20.333333333333332,20.333333333333332,8.666666666666666,8.666666666666666,9.333333333333334,9.333333333333334,47.666666666666664,47.666666666666664,54.666666666666664,54.666666666666664,0.3333333333333333,2.0,3.6666666666666665,4.0,1.3333333333333333,1.6666666666666667,12.666666666666666,15.0,3.0,6.0,5.333333333333333,5.666666666666667,1.0,2.3333333333333335,1.0,1.0,12.333333333333334,22.333333333333332,9.666666666666666,9.0,373.3333333333333,469.6666666666667,283.6666666666667,376.3333333333333,15.666666666666666,20.333333333333332,8.666666666666666,9.333333333333334,47.666666666666664,54.666666666666664,3
2026-02-14,m_0TuvMr,5,t_0oa5Fc,Unión,LOCAL,0.25,0.25,1.75,1.75,3.25,3.25,3.75,3.75,1.5,1.5,1.5,1.5,13.5,13.5,13.5,13.5,2.75,2.75,5.25,5.25,5.25,5.25,5.5,5.5,1.0,1.0,2.5,2.5,1.0,1.0,1.25,1.25,14.5,14.5,20.75,20.75,11.25,11.25,9.5,9.5,386.0,386.0,453.25,453.25,298.0,298.0,364.25,364.25,17.0,17.0,19.25,19.25,7.75,7.75,9.5,9.5,51.75,51.75,53.25,53.25,0.25,1.75,3.25,3.75,1.5,1.5,13.5,13.5,2.75,5.25,5.25,5.5,1.0,2.5,1.0,1.25,14.5,20.75,11.25,9.5,386.0,453.25,298.0,364.25,17.0,19.25,7.75,9.5,51.75,53.25,4
2026-02-23,m_4P2osf,6,t_0oa5Fc,Unión,LOCAL,0.2,0.2,1.4,1.4,3.8,3.8,3.2,3.2,1.4,1.4,2.2,2.2,15.4,15.4,11.8,11.8,3.4,3.4,4.8,4.8,6.6,6.6,4.8,4.8,2.4,2.4,2.4,2.4,2.4,2.4,1.4,1.4,18.0,18.0,19.4,19.4,11.0,11.0,10.4,10.4,375.6,375.6,420.8,420.8,287.4,287.4,330.4,330.4,16.2,16.2,19.6,19.6,7.8,7.8,9.2,9.2,51.8,51.8,52.8,52.8,0.2,1.4,3.8,3.2,1.4,2.2,15.4,11.8,3.4,4.8,6.6,4.8,2.4,2.4,2.4,1.4,18.0,19.4,11.0,10.4,375.6,420.8,287.4,330.4,16.2,19.6,7.8,9.2,51.8,52.8,5
2026-02-26,m_0cS0mC,7,t_0oa5Fc,Unión,VISITANTE,0.2,0.16666666666666666,1.6,1.3333333333333333,4.0,3.8333333333333335,2.6,2.8333333333333335,1.6,1.6666666666666667,2.6,2.3333333333333335,14.0,14.833333333333334,13.2,13.166666666666666,3.4,3.3333333333333335,5.0,5.0,5.6,6.166666666666667,5.6,5.5,2.2,2.1666666666666665,2.8,2.3333333333333335,2.2,2.1666666666666665,1.6,1.3333333333333333,18.2,17.666666666666668,23.4,22.0,10.6,10.666666666666666,11.8,11.0,368.8,378.0,409.4,406.6666666666667,282.2,287.8333333333333,327.6,319.0,16.6,16.833333333333332,19.2,19.0,8.8,9.0,10.8,10.166666666666666,51.0,51.333333333333336,52.0,53.833333333333336,0.16666666666666666,1.3333333333333333,3.8333333333333335,2.8333333333333335,1.6666666666666667,2.3333333333333335,14.833333333333334,13.166666666666666,3.3333333333333335,5.0,6.166666666666667,5.5,2.1666666666666665,2.3333333333333335,2.1666666666666665,1.3333333333333333,17.666666666666668,22.0,10.666666666666666,11.0,378.0,406.6666666666667,287.8333333333333,319.0,16.833333333333332,19.0,9.0,10.166666666666666,51.333333333333336,53.833333333333336,6
2026-03-01,m_15JkYD,8,t_0oa5Fc,Unión,VISITANTE,0.6,0.5714285714285714,1.4,1.2857142857142858,3.0,3.5714285714285716,3.0,3.4285714285714284,2.2,2.0,2.8,2.5714285714285716,14.2,15.0,13.0,13.285714285714286,4.0,4.0,5.0,5.142857142857143,5.6,6.0,5.4,5.428571428571429,2.4,2.142857142857143,2.8,2.4285714285714284,2.2,2.0,1.6,1.4285714285714286,19.0,18.428571428571427,23.8,22.714285714285715,12.2,11.571428571428571,13.2,11.428571428571429,355.4,363.42857142857144,395.2,413.0,263.8,269.85714285714283,313.6,325.57142857142856,19.8,19.142857142857142,16.6,17.857142857142858,9.8,9.142857142857142,11.4,10.857142857142858,52.2,52.0,54.0,55.285714285714285,0.5714285714285714,1.2857142857142858,3.5714285714285716,3.4285714285714284,2.0,2.5714285714285716,15.0,13.285714285714286,4.0,5.142857142857143,6.0,5.428571428571429,2.142857142857143,2.4285714285714284,2.0,1.4285714285714286,18.428571428571427,22.714285714285715,11.571428571428571,11.428571428571429,363.42857142857144,413.0,269.85714285714283,325.57142857142856,19.142857142857142,17.857142857142858,9.142857142857142,10.857142857142858,52.0,55.285714285714285,7
2026-03-10,m_433Hpb,10,t_0oa5Fc,Unión,VISITANTE,1.0,0.75,0.8,1.25,3.2,3.375,3.4,3.625,2.2,1.875,3.4,2.75,14.8,14.0,11.2,12.625,4.4,3.875,4.0,4.75,5.6,5.5,5.0,5.25,3.0,2.25,2.4,2.375,2.4,1.875,1.6,1.375,20.6,17.5,21.4,21.75,13.0,11.75,13.4,11.75,341.4,353.375,395.0,423.0,246.4,260.375,309.2,334.375,19.0,17.75,15.0,17.0,9.2,9.0,11.6,10.75,53.6,51.375,53.2,53.75,0.75,1.25,3.375,3.625,1.875,2.75,14.0,12.625,3.875,4.75,5.5,5.25,2.25,2.375,1.875,1.375,17.5,21.75,11.75,11.75,353.375,423.0,260.375,334.375,17.75,17.0,9.0,10.75,51.375,53.75,8
2026-03-16,m_1ifuZW,11,t_0oa5Fc,Unión,LOCAL,1.8,1.1111111111111112,1.4,1.5555555555555556,3.4,3.3333333333333335,4.2,4.0,1.8,1.6666666666666667,3.6,2.6666666666666665,13.4,13.444444444444445,12.0,12.666666666666666,5.2,4.111111111111111,4.8,5.0,5.2,5.222222222222222,4.8,5.111111111111111,3.6,2.4444444444444446,2.8,2.6666666666666665,2.4,1.7777777777777777,1.6,1.4444444444444444,20.0,17.555555555555557,24.0,22.555555555555557,11.8,11.555555555555555,13.6,11.777777777777779,314.8,346.44444444444446,389.0,417.55555555555554,217.2,253.11111111111111,299.0,328.0,18.6,17.88888888888889,16.2,17.555555555555557,9.6,8.777777777777779,10.8,10.222222222222221,52.0,51.888888888888886,53.2,53.22222222222222,1.1111111111111112,1.5555555555555556,3.3333333333333335,4.0,1.6666666666666667,2.6666666666666665,13.444444444444445,12.666666666666666,4.111111111111111,5.0,5.222222222222222,5.111111111111111,2.4444444444444446,2.6666666666666665,1.7777777777777777,1.4444444444444444,17.555555555555557,22.555555555555557,11.555555555555555,11.777777777777779,346.44444444444446,417.55555555555554,253.11111111111111,328.0,17.88888888888889,17.555555555555557,8.777777777777779,10.222222222222221,51.888888888888886,53.22222222222222,9
2026-03-21,m_1hukZb,12,t_0oa5Fc,Unión,VISITANTE,2.0,1.1,1.6,1.5,3.0,3.4,5.0,4.1,2.2,1.8,3.0,2.6,12.0,13.7,13.8,12.8,5.2,4.3,4.8,4.8,4.2,5.4,5.8,5.3,2.4,2.4,2.4,2.4,1.2,1.8,1.2,1.3,18.6,18.3,24.0,21.7,11.4,11.2,12.2,11.3,358.4,367.0,398.6,409.7,262.6,275.0,313.2,321.8,20.8,18.5,13.8,16.7,10.0,8.9,12.0,10.6,51.4,51.6,53.0,52.9,1.1,1.5,3.4,4.1,1.8,2.6,13.7,12.8,4.3,4.8,5.4,5.3,2.4,2.4,1.8,1.3,18.3,21.7,11.2,11.3,367.0,409.7,275.0,321.8,18.5,16.7,8.9,10.6,51.6,52.9,10
2026-04-03,m_1wLnDu,13,t_0oa5Fc,Unión,LOCAL,2.0,1.1,1.8,1.7,3.4,3.7,5.8,4.2,2.2,1.9,2.6,2.6,13.4,13.7,11.8,12.5,5.4,4.4,4.8,4.9,5.4,5.5,4.4,5.0,2.4,2.3,2.6,2.7,1.2,1.7,1.2,1.4,22.0,20.1,19.6,21.5,12.0,11.3,11.2,11.5,378.4,373.6,389.4,399.4,288.8,285.5,306.4,317.0,19.2,17.9,12.6,15.9,8.0,8.4,11.0,10.9,51.0,51.0,49.2,50.6,1.0,1.5454545454545454,3.6363636363636362,4.181818181818182,1.9090909090909092,2.4545454545454546,14.181818181818182,12.545454545454545,4.2727272727272725,4.909090909090909,5.818181818181818,5.0,2.272727272727273,2.4545454545454546,1.7272727272727273,1.2727272727272727,19.636363636363637,20.90909090909091,11.272727272727273,11.090909090909092,378.1818181818182,398.8181818181818,288.27272727272725,313.27272727272725,17.90909090909091,16.09090909090909,8.545454545454545,10.545454545454545,51.18181818181818,51.72727272727273,11
2026-04-11,m_4fxT6w,14,t_0oa5Fc,Unión,VISITANTE,1.4,1.0,2.0,1.7,3.0,3.0,6.2,4.6,2.0,2.1,2.2,2.5,11.8,13.0,14.2,13.6,4.8,4.4,5.4,5.2,4.6,5.1,5.4,5.4,2.2,2.3,2.6,2.7,1.2,1.7,1.0,1.3,20.0,19.5,20.0,21.9,12.0,12.1,10.4,11.8,363.4,359.4,400.4,397.8,279.6,271.7,318.2,315.9,15.2,17.5,11.6,14.1,8.0,8.9,9.4,10.4,50.2,51.2,48.2,51.1,0.9166666666666666,1.5833333333333333,3.3333333333333335,4.583333333333333,2.0,2.4166666666666665,13.666666666666666,13.666666666666666,4.333333333333333,5.25,5.416666666666667,5.416666666666667,2.1666666666666665,2.5,1.6666666666666667,1.25,19.083333333333332,21.583333333333332,11.75,11.0,363.4166666666667,407.75,273.9166666666667,322.5,17.5,15.25,8.666666666666666,10.25,51.25,52.333333333333336,12
2026-04-17,m_2518A4,15,t_0oa5Fc,Unión,LOCAL,1.2,1.1,2.2,1.5,3.8,3.5,6.0,4.7,2.8,2.5,2.4,2.9,12.8,13.8,14.6,12.9,4.6,4.5,5.6,4.8,5.4,5.5,5.6,5.3,2.0,2.5,2.8,2.6,1.2,1.8,1.0,1.3,20.8,20.7,20.4,20.9,12.2,12.6,11.0,12.2,363.8,352.6,399.2,397.1,280.0,263.2,319.6,314.4,16.0,17.5,12.6,13.8,8.6,8.9,9.4,10.5,49.8,51.7,49.6,51.4,0.9230769230769231,1.6153846153846154,3.5384615384615383,4.538461538461538,2.230769230769231,2.6153846153846154,13.538461538461538,13.384615384615385,4.153846153846154,5.076923076923077,5.461538461538462,5.384615384615385,2.1538461538461537,2.5384615384615383,1.6153846153846154,1.2307692307692308,18.76923076923077,21.23076923076923,11.923076923076923,11.461538461538462,357.38461538461536,413.84615384615387,267.9230769230769,328.6923076923077,17.076923076923077,15.307692307692308,8.846153846153847,10.23076923076923,50.76923076923077,52.15384615384615,13
2026-04-27,m_3JhiqO,16,t_0oa5Fc,Unión,VISITANTE,0.8,1.3,2.0,1.7,6.2,4.8,5.4,4.8,3.4,2.6,2.6,3.1,16.6,15.0,13.0,12.5,5.4,5.3,4.8,4.8,6.8,6.0,5.2,5.0,2.0,2.8,2.4,2.6,1.4,1.9,1.0,1.3,28.0,24.0,16.6,20.3,11.8,11.8,11.4,12.5,399.8,357.3,362.0,375.5,317.6,267.4,287.4,293.2,15.2,16.9,12.8,14.5,8.6,9.1,10.4,10.6,51.6,51.8,50.2,51.7,1.0,1.7142857142857142,4.357142857142857,4.5,2.2857142857142856,2.642857142857143,14.571428571428571,12.785714285714286,4.571428571428571,4.928571428571429,5.785714285714286,5.142857142857143,2.2857142857142856,2.5714285714285716,1.6428571428571428,1.2857142857142858,21.285714285714285,20.428571428571427,11.642857142857142,11.642857142857142,365.5,397.7142857142857,276.14285714285717,313.5,16.928571428571427,15.857142857142858,8.714285714285714,10.285714285714286,51.785714285714285,52.142857142857146,14
2026-05-02,m_3C4rqD,9,t_0oa5Fc,Unión,LOCAL,1.0,1.5,2.2,1.9,6.2,4.6,4.8,4.9,3.6,2.9,3.4,3.2,16.2,14.1,12.6,13.2,5.4,5.3,5.4,5.1,6.8,5.5,4.4,5.1,2.2,2.3,3.2,2.8,1.4,1.3,1.4,1.3,25.8,22.2,19.0,21.5,12.0,11.7,11.6,11.9,354.0,356.2,384.4,391.5,269.6,266.1,305.8,309.5,14.2,17.5,14.2,14.0,8.4,9.2,9.4,10.7,55.0,53.2,50.4,51.7,1.0666666666666667,1.7333333333333334,4.333333333333333,4.333333333333333,2.4,2.8666666666666667,14.533333333333333,12.733333333333333,4.666666666666667,5.0,5.866666666666666,5.0,2.3333333333333335,2.6666666666666665,1.6666666666666667,1.3333333333333333,20.8,20.8,11.466666666666667,11.4,362.6666666666667,401.26666666666665,273.2,316.46666666666664,17.066666666666666,15.866666666666667,8.733333333333333,10.2,52.733333333333334,52.06666666666667,15
2026-05-10,m_3h25YQ,1/8,t_0oa5Fc,Unión,VISITANTE,1.2,1.6,2.0,1.9,5.0,4.2,5.4,5.6,3.6,2.9,4.2,3.4,14.0,13.7,15.6,13.7,4.8,5.1,5.6,5.2,6.0,5.7,6.2,5.3,2.0,2.2,3.0,2.8,1.2,1.2,1.6,1.4,21.6,21.8,25.4,22.5,12.2,12.1,12.6,11.9,312.4,345.4,412.8,401.1,222.4,255.6,326.6,316.5,16.6,17.9,14.8,13.7,9.0,8.5,8.4,9.7,54.8,52.9,52.8,51.0,1.0625,1.6875,4.0625,4.5625,2.4375,3.0,14.125,13.5,4.4375,5.125,5.875,5.375,2.1875,2.625,1.5625,1.375,20.25,22.3125,11.5625,11.5625,357.625,403.1875,267.6875,317.4375,17.5,15.6875,8.6875,9.875,52.3125,52.0625,16
2026-05-12,m_0yhLBE,1/4,t_0oa5Fc,Unión,VISITANTE,1.4,1.4,2.0,2.0,6.0,4.5,4.6,5.4,3.2,2.6,4.2,3.2,16.0,13.9,12.4,13.3,4.6,4.7,5.0,5.2,7.8,6.2,4.4,4.9,2.2,2.2,2.8,2.7,1.4,1.3,1.6,1.3,27.0,23.5,22.8,21.4,10.0,11.0,13.6,12.0,352.4,357.9,362.4,381.4,258.2,268.9,271.8,295.0,16.4,15.8,16.2,13.9,8.0,8.0,9.0,9.2,55.0,52.6,52.8,50.5,1.0588235294117647,1.7058823529411764,4.117647058823529,4.588235294117647,2.3529411764705883,2.9411764705882355,14.352941176470589,13.294117647058824,4.411764705882353,5.176470588235294,6.117647058823529,5.117647058823529,2.176470588235294,2.588235294117647,1.588235294117647,1.3529411764705883,21.41176470588235,21.941176470588236,11.235294117647058,11.764705882352942,360.1764705882353,394.4117647058824,269.29411764705884,307.5882352941176,17.176470588235293,15.529411764705882,8.470588235294118,9.882352941176471,52.35294117647059,52.470588235294116,17
2026-07-25,m_3A4OqU,1,t_0oa5Fc,Unión,VISITANTE,1.2,1.2,2.0,2.1,6.2,5.0,4.6,5.3,2.8,2.8,3.2,2.8,16.0,14.4,13.8,14.2,5.0,4.8,6.0,5.8,8.2,6.8,4.4,5.0,2.0,2.0,2.8,2.8,1.4,1.3,1.8,1.4,26.4,23.6,22.4,21.4,8.8,10.5,11.0,11.0,364.2,364.0,345.0,372.1,268.8,274.4,254.8,287.2,15.8,15.9,17.2,14.9,7.2,7.9,10.2,9.8,58.2,54.0,54.2,51.9,1.0,1.7222222222222223,4.277777777777778,4.555555555555555,2.388888888888889,2.7777777777777777,14.222222222222221,13.5,4.388888888888889,5.333333333333333,6.222222222222222,5.111111111111111,2.111111111111111,2.611111111111111,1.5555555555555556,1.3888888888888888,20.88888888888889,21.555555555555557,11.055555555555555,11.333333333333334,359.27777777777777,394.72222222222223,268.1666666666667,308.1666666666667,16.72222222222222,15.833333333333334,8.38888888888889,10.222222222222221,52.833333333333336,52.72222222222222,18
2026-08-01,m_2WYe7B,3,t_0oa5Fc,Unión,VISITANTE,1.2,1.0,1.8,1.9,4.4,5.3,4.2,4.8,2.8,3.1,3.0,2.8,13.6,15.1,14.8,13.9,4.0,4.7,6.0,5.4,7.4,7.1,5.0,5.1,1.4,1.7,2.6,2.5,1.2,1.3,1.6,1.3,20.4,24.2,24.0,20.3,9.6,10.7,11.2,11.3,358.6,379.2,375.2,368.6,262.8,290.2,279.8,283.6,15.0,15.1,16.4,14.6,7.2,7.9,10.4,10.4,55.6,53.6,54.0,52.1,1.0526315789473684,1.736842105263158,4.368421052631579,4.421052631578948,2.4210526315789473,2.736842105263158,14.31578947368421,13.31578947368421,4.421052631578948,5.2105263157894735,6.2105263157894735,5.105263157894737,2.0526315789473686,2.5789473684210527,1.5263157894736843,1.368421052631579,21.05263157894737,21.36842105263158,11.105263157894736,11.526315789473685,363.6842105263158,391.7894736842105,272.63157894736844,304.63157894736844,16.42105263157895,16.0,8.31578947368421,10.31578947368421,52.78947368421053,52.63157894736842,19
2026-08-06,m_1wAs6k,2,t_0oa5Fc,Unión,LOCAL,0.8,0.9,1.8,2.0,4.6,5.4,5.6,5.2,2.0,2.8,2.2,2.8,13.4,14.8,15.4,14.0,3.6,4.5,6.2,5.8,7.2,7.0,5.0,4.7,1.4,1.8,2.4,2.8,1.4,1.4,1.4,1.4,21.6,23.7,22.2,20.6,10.8,11.4,12.4,12.0,361.2,357.6,359.2,371.8,269.4,269.5,265.4,285.6,15.0,14.6,16.6,15.4,7.0,7.7,11.4,10.4,52.0,53.5,53.2,51.8,1.0,1.75,4.4,4.65,2.3,2.7,14.25,13.4,4.4,5.3,6.2,5.0,2.1,2.6,1.6,1.35,21.0,21.15,11.3,11.65,362.3,390.75,272.25,303.7,16.55,16.05,8.3,10.5,52.55,52.35,20
2026-08-11,m_23LFB9,4,t_0oa5Fc,Unión,LOCAL,0.8,1.0,2.0,2.0,5.0,5.0,4.8,5.1,2.0,2.8,1.2,2.7,13.8,13.9,12.6,14.1,3.8,4.3,5.4,5.5,7.2,6.6,4.0,5.1,1.6,1.8,2.0,2.5,1.75,1.4444444444444444,1.25,1.4444444444444444,22.2,21.9,16.0,20.7,9.6,10.9,10.8,11.7,404.4,358.4,340.8,376.8,314.4,268.4,246.6,286.6,13.8,15.2,19.0,16.9,6.8,7.9,12.8,10.6,54.2,54.5,54.8,53.8,1.0,1.7619047619047619,4.285714285714286,4.619047619047619,2.3333333333333335,2.5714285714285716,14.047619047619047,13.285714285714286,4.285714285714286,5.190476190476191,6.190476190476191,5.0476190476190474,2.0476190476190474,2.4761904761904763,1.6,1.35,20.714285714285715,20.80952380952381,11.095238095238095,11.380952380952381,368.76190476190476,388.3333333333333,278.8095238095238,300.57142857142856,16.61904761904762,16.476190476190474,8.238095238095237,10.571428571428571,52.76190476190476,52.714285714285715,21
2026-08-15,m_0CvxlD,5,t_0oa5Fc,Unión,VISITANTE,1.0,1.2,1.8,1.9,4.8,5.4,5.4,5.0,2.6,2.9,1.4,2.8,12.2,14.1,15.8,14.1,3.8,4.2,5.6,5.3,5.6,6.7,6.0,5.2,1.8,2.0,2.2,2.5,1.5,1.4444444444444444,1.75,1.6666666666666667,17.4,22.2,21.4,22.1,9.6,9.8,11.0,12.3,384.2,368.3,379.2,370.8,299.4,278.8,286.0,278.9,14.8,15.6,19.4,17.8,8.0,8.0,12.0,10.5,53.0,54.0,54.8,53.8,1.0454545454545454,1.7272727272727273,4.2727272727272725,4.7727272727272725,2.409090909090909,2.590909090909091,13.863636363636363,13.863636363636363,4.2727272727272725,5.2727272727272725,6.0,5.318181818181818,2.090909090909091,2.5,1.5714285714285714,1.4285714285714286,20.5,21.818181818181817,10.863636363636363,11.590909090909092,365.6363636363636,390.95454545454544,276.1363636363636,302.6818181818182,16.636363636363637,16.40909090909091,8.363636363636363,10.363636363636363,52.5,53.0,22
2026-08-21,m_4g29p2,6,t_0oa5Fc,Unión,VISITANTE,1.2,1.2,1.4,1.7,4.2,5.2,4.8,4.7,2.2,2.5,2.2,2.7,12.6,14.3,13.6,13.7,4.6,4.8,4.2,5.1,4.8,6.5,5.6,5.0,2.4,2.2,1.6,2.2,2.0,1.6666666666666667,1.25,1.5555555555555556,19.8,23.1,20.4,21.4,9.6,9.2,14.6,12.8,383.8,374.0,359.4,352.2,297.6,283.2,261.6,258.2,17.0,16.4,20.8,19.0,8.2,7.7,10.0,10.1,50.0,54.1,54.6,54.4,1.0434782608695652,1.6521739130434783,4.260869565217392,4.608695652173913,2.347826086956522,2.652173913043478,13.869565217391305,13.521739130434783,4.434782608695652,5.086956521739131,5.913043478260869,5.217391304347826,2.1739130434782608,2.391304347826087,1.6363636363636365,1.3636363636363635,20.652173913043477,21.304347826086957,10.73913043478261,12.043478260869565,364.60869565217394,387.04347826086956,274.5652173913044,298.04347826086956,16.782608695652176,16.91304347826087,8.347826086956522,10.173913043478262,52.21739130434783,53.130434782608695,23
2026-08-28,m_1bDP6c,7,t_0oa5Fc,Unión,LOCAL,1.4,1.3,1.2,1.5,3.8,4.1,5.2,4.7,1.8,2.3,2.4,2.7,13.0,13.3,14.2,14.5,5.0,4.5,4.4,5.2,5.0,6.2,5.8,5.4,2.8,2.1,1.2,1.9,2.0,1.5555555555555556,1.0,1.3333333333333333,20.2,20.3,20.0,22.0,9.0,9.3,12.8,12.0,384.2,371.4,356.6,365.9,299.8,281.3,260.2,270.0,18.8,16.9,22.4,19.4,8.2,7.7,10.2,10.3,51.8,53.7,55.0,54.5,1.125,1.625,4.25,4.583333333333333,2.2916666666666665,2.6666666666666665,14.041666666666666,13.5,4.541666666666667,5.041666666666667,5.958333333333333,5.25,2.2083333333333335,2.2916666666666665,1.608695652173913,1.3043478260869565,20.875,21.083333333333332,10.666666666666666,11.791666666666666,367.9583333333333,384.4583333333333,278.2916666666667,295.375,16.916666666666668,17.333333333333332,8.291666666666666,10.291666666666666,52.583333333333336,53.125,24
2026-09-08,m_0rPnpL,8,t_0oa5Fc,Unión,LOCAL,1.6,1.2,1.6,1.7,3.6,4.1,3.8,4.7,2.2,2.1,2.2,2.2,12.6,13.0,13.6,14.5,5.4,4.5,3.8,5.0,4.6,5.9,6.6,5.8,2.4,1.9,1.0,1.7,1.6666666666666667,1.5,1.0,1.25,18.6,20.1,19.2,20.7,8.2,9.5,12.0,12.2,384.2,372.7,349.6,354.4,297.6,283.5,252.2,258.8,17.8,16.4,24.2,20.4,9.0,8.0,11.0,11.2,51.8,51.9,56.6,54.9,1.12,1.72,4.24,4.48,2.28,2.6,13.92,13.44,4.6,5.0,5.88,5.32,2.16,2.28,1.608695652173913,1.3043478260869565,20.52,20.76,10.68,11.72,366.68,382.52,277.32,293.4,16.8,17.68,8.44,10.6,52.4,53.2,25
2026-09-12,m_36N9w7,9,t_0oa5Fc,Unión,VISITANTE,2.0,1.4,1.6,1.8,3.6,4.3,4.4,4.6,1.8,1.9,3.2,2.2,12.4,13.1,13.6,13.1,5.8,4.8,3.6,4.5,4.2,5.7,6.6,5.3,2.6,2.1,1.0,1.5,1.6666666666666667,1.7142857142857142,1.0,1.1428571428571428,17.4,19.8,20.8,18.4,8.0,8.8,13.2,12.0,347.0,375.7,365.0,352.9,260.0,287.2,267.2,256.9,17.2,15.5,22.6,20.8,9.0,7.9,10.8,11.8,49.6,51.9,54.0,54.4,1.1923076923076923,1.7307692307692308,4.153846153846154,4.576923076923077,2.230769230769231,2.6923076923076925,13.73076923076923,13.346153846153847,4.576923076923077,4.884615384615385,5.8076923076923075,5.346153846153846,2.1538461538461537,2.1923076923076925,1.608695652173913,1.3043478260869565,20.076923076923077,20.807692307692307,10.5,11.73076923076923,364.5769230769231,383.84615384615387,275.1923076923077,294.15384615384613,16.73076923076923,17.653846153846153,8.384615384615385,10.615384615384615,52.15384615384615,52.96153846153846,26
2026-09-19,m_17fjdr,Clausura - Round 10,t_0oa5Fc,Unión,LOCAL,2.0,1.5,1.6,1.7,5.0,4.9,3.6,4.5,1.4,2.0,3.2,2.3,15.0,13.6,12.0,13.9,6.6,5.2,3.0,4.3,5.4,5.5,6.6,6.3,2.6,2.2,1.0,1.6,2.0,1.7142857142857142,1.0,1.4285714285714286,20.0,18.7,16.2,18.8,9.2,9.4,12.0,11.5,381.8,383.0,337.0,358.1,292.4,295.9,241.0,263.5,18.2,16.5,22.8,21.1,7.6,7.8,12.6,12.3,49.6,51.3,51.2,53.0,1.2222222222222223,1.7037037037037037,4.407407407407407,4.555555555555555,2.2222222222222223,2.7037037037037037,14.074074074074074,13.518518518518519,4.703703703703703,4.851851851851852,5.888888888888889,5.555555555555555,2.185185185185185,2.2222222222222223,1.625,1.375,20.40740740740741,20.77777777777778,10.555555555555555,11.666666666666666,368.6296296296296,380.962962962963,279.14814814814815,291.25925925925924,16.925925925925927,17.59259259259259,8.222222222222221,10.777777777777779,51.96296296296296,52.666666666666664,27
2026-10-03,m_4O6zEu,Clausura - Round 11,t_0oa5Fc,Unión,VISITANTE,2.2,1.7,1.8,1.6,4.4,4.3,4.6,4.7,2.0,2.1,2.8,2.5,13.8,13.2,15.0,14.3,5.8,5.2,3.6,3.9,5.0,4.9,8.0,6.8,2.0,2.2,1.4,1.5,1.0,1.5714285714285714,1.3333333333333333,1.2857142857142858,17.4,18.6,19.6,20.0,10.0,9.8,9.8,12.2,376.8,380.3,350.0,354.7,291.4,294.5,257.0,259.3,15.4,16.2,20.0,20.4,7.0,7.6,12.4,11.2,48.6,49.3,50.2,52.4,1.25,1.6785714285714286,4.285714285714286,4.607142857142857,2.2857142857142856,2.6785714285714284,13.857142857142858,13.785714285714286,4.678571428571429,4.821428571428571,5.75,5.714285714285714,2.142857142857143,2.2142857142857144,1.56,1.36,20.071428571428573,21.0,10.607142857142858,11.642857142857142,366.7857142857143,380.42857142857144,277.57142857142856,290.7142857142857,16.535714285714285,17.464285714285715,8.107142857142858,10.571428571428571,51.57142857142857,52.607142857142854,28
2026-01-25,m_2hYXmh,1,t_0otcXZ,Boca Juniors,LOCAL,,,,,,,,,,,,,,,,,,,,,,,,,,,,,,,,,,,,,,,,,,,,,,,,,,,,,,,,,,,,,,,,,,,,,,,,,,,,,,,,,,,,,,,,,,,0
2026-01-29,m_09UPPR,2,t_0otcXZ,Boca Juniors,VISITANTE,1.0,1.0,0.0,0.0,12.0,12.0,1.0,1.0,1.0,1.0,5.0,5.0,19.0,19.0,6.0,6.0,3.0,3.0,1.0,1.0,8.0,8.0,3.0,3.0,2.0,2.0,0.0,0.0,1.0,1.0,0.0,0.0,19.0,19.0,7.0,7.0,9.0,9.0,19.0,19.0,574.0,574.0,155.0,155.0,505.0,505.0,80.0,80.0,12.0,12.0,16.0,16.0,4.0,4.0,4.0,4.0,39.0,39.0,28.0,28.0,1.0,0.0,12.0,1.0,1.0,5.0,19.0,6.0,3.0,1.0,8.0,3.0,2.0,0.0,1.0,0.0,19.0,7.0,9.0,19.0,574.0,155.0,505.0,80.0,12.0,16.0,4.0,4.0,39.0,28.0,1
2026-02-01,m_2jSZpM,3,t_0otcXZ,Boca Juniors,LOCAL,1.5,1.5,0.5,0.5,8.5,8.5,4.0,4.0,1.5,1.5,3.0,3.0,16.0,16.0,8.0,8.0,5.0,5.0,2.0,2.0,6.0,6.0,2.5,2.5,3.0,3.0,1.0,1.0,2.0,2.0,0.5,0.5,18.5,18.5,19.5,19.5,11.5,11.5,13.5,13.5,402.0,402.0,309.5,309.5,338.0,338.0,238.5,238.5,16.0,16.0,17.5,17.5,4.5,4.5,6.0,6.0,40.0,40.0,33.5,33.5,1.5,0.5,8.5,4.0,1.5,3.0,16.0,8.0,5.0,2.0,6.0,2.5,3.0,1.0,2.0,0.5,18.5,19.5,11.5,13.5,402.0,309.5,338.0,238.5,16.0,17.5,4.5,6.0,40.0,33.5,2
2026-02-09,m_14fRnJ,4,t_0otcXZ,Boca Juniors,VISITANTE,1.6666666666666667,1.6666666666666667,0.3333333333333333,0.3333333333333333,6.333333333333333,6.333333333333333,3.0,3.0,2.0,2.0,3.0,3.0,13.333333333333334,13.333333333333334,7.333333333333333,7.333333333333333,5.0,5.0,1.6666666666666667,1.6666666666666667,5.0,5.0,2.6666666666666665,2.6666666666666665,2.6666666666666665,2.6666666666666665,1.0,1.0,1.3333333333333333,1.3333333333333333,0.6666666666666666,0.6666666666666666,19.666666666666668,19.666666666666668,16.666666666666668,16.666666666666668,12.333333333333334,12.333333333333334,16.666666666666668,16.666666666666668,401.6666666666667,401.6666666666667,295.3333333333333,295.3333333333333,331.6666666666667,331.6666666666667,225.0,225.0,16.333333333333332,16.333333333333332,17.333333333333332,17.333333333333332,5.333333333333333,5.333333333333333,7.333333333333333,7.333333333333333,43.0,43.0,37.666666666666664,37.666666666666664,1.6666666666666667,0.3333333333333333,6.333333333333333,3.0,2.0,3.0,13.333333333333334,7.333333333333333,5.0,1.6666666666666667,5.0,2.6666666666666665,2.6666666666666665,1.0,1.3333333333333333,0.6666666666666666,19.666666666666668,16.666666666666668,12.333333333333334,16.666666666666668,401.6666666666667,295.3333333333333,331.6666666666667,225.0,16.333333333333332,17.333333333333332,5.333333333333333,7.333333333333333,43.0,37.666666666666664,3
2026-02-15,m_31Xzsf,5,t_0otcXZ,Boca Juniors,LOCAL,1.75,1.75,0.5,0.5,5.25,5.25,4.0,4.0,1.5,1.5,2.5,2.5,13.75,13.75,7.75,7.75,4.75,4.75,2.0,2.0,6.25,6.25,3.25,3.25,3.0,3.0,0.75,0.75,1.5,1.5,0.5,0.5,20.25,20.25,14.25,14.25,12.0,12.0,15.0,15.0,418.75,418.75,337.75,337.75,347.25,347.25,262.75,262.75,16.5,16.5,17.25,17.25,6.25,6.25,8.5,8.5,47.25,47.25,42.75,42.75,1.75,0.5,5.25,4.0,1.5,2.5,13.75,7.75,4.75,2.0,6.25,3.25,3.0,0.75,1.5,0.5,20.25,14.25,12.0,15.0,418.75,337.75,347.25,262.75,16.5,17.25,6.25,8.5,47.25,42.75,4
2026-02-20,m_0WMvJY,6,t_0otcXZ,Boca Juniors,LOCAL,1.4,1.4,0.4,0.4,4.4,4.4,3.6,3.6,1.4,1.4,2.2,2.2,13.0,13.0,9.0,9.0,4.4,4.4,1.8,1.8,6.0,6.0,4.6,4.6,3.0,3.0,0.6,0.6,1.8,1.8,0.4,0.4,19.0,19.0,12.8,12.8,10.8,10.8,14.4,14.4,439.8,439.8,330.0,330.0,362.8,362.8,252.2,252.2,17.6,17.6,18.2,18.2,7.4,7.4,8.6,8.6,49.4,49.4,46.6,46.6,1.4,0.4,4.4,3.6,1.4,2.2,13.0,9.0,4.4,1.8,6.0,4.6,3.0,0.6,1.8,0.4,19.0,12.8,10.8,14.4,439.8,330.0,362.8,252.2,17.6,18.2,7.4,8.6,49.4,46.6,5
2026-02-28,m_3ZmoAF,8,t_0otcXZ,Boca Juniors,LOCAL,1.2,1.1666666666666667,0.4,0.3333333333333333,3.6,5.0,4.0,3.5,1.6,1.5,2.2,2.6666666666666665,10.0,11.5,9.0,8.5,3.8,3.6666666666666665,2.0,1.8333333333333333,4.8,5.333333333333333,4.4,4.166666666666667,2.8,2.6666666666666665,0.6,0.5,1.8,1.6666666666666667,0.4,0.3333333333333333,18.0,18.166666666666668,14.0,12.833333333333334,11.4,11.0,13.6,14.5,387.0,418.1666666666667,369.8,334.0,302.6,336.3333333333333,289.0,254.16666666666666,19.8,18.5,18.4,18.0,9.6,8.666666666666666,9.4,8.5,52.6,50.333333333333336,51.4,47.5,1.1666666666666667,0.3333333333333333,5.0,3.5,1.5,2.6666666666666665,11.5,8.5,3.6666666666666665,1.8333333333333333,5.333333333333333,4.166666666666667,2.6666666666666665,0.5,1.6666666666666667,0.3333333333333333,18.166666666666668,12.833333333333334,11.0,14.5,418.1666666666667,334.0,336.3333333333333,254.16666666666666,18.5,18.0,8.666666666666666,8.5,50.333333333333336,47.5,6
2026-03-05,m_3bNpUp,7,t_0otcXZ,Boca Juniors,VISITANTE,1.0,1.1428571428571428,0.4,0.42857142857142855,4.4,5.571428571428571,3.2,3.4285714285714284,1.8,1.7142857142857142,2.8,2.857142857142857,11.2,12.571428571428571,8.2,8.142857142857142,3.4,3.857142857142857,2.0,2.0,6.0,6.0,4.2,3.7142857142857144,2.4,2.5714285714285716,0.2,0.42857142857142855,1.6,1.7142857142857142,0.2,0.2857142857142857,20.4,19.857142857142858,8.6,11.714285714285714,10.8,11.0,15.4,14.857142857142858,456.0,440.57142857142856,326.4,321.57142857142856,366.0,358.0,239.6,239.28571428571428,19.8,18.714285714285715,18.6,18.285714285714285,9.8,8.285714285714286,10.6,9.285714285714286,57.6,52.57142857142857,57.2,50.42857142857143,1.1428571428571428,0.42857142857142855,5.571428571428571,3.4285714285714284,1.7142857142857142,2.857142857142857,12.571428571428571,8.142857142857142,3.857142857142857,2.0,6.0,3.7142857142857144,2.5714285714285716,0.42857142857142855,1.7142857142857142,0.2857142857142857,19.857142857142858,11.714285714285714,11.0,14.857142857142858,440.57142857142856,321.57142857142856,358.0,239.28571428571428,18.714285714285715,18.285714285714285,8.285714285714286,9.285714285714286,52.57142857142857,50.42857142857143,7
2026-03-11,m_0EJRQi,10,t_0otcXZ,Boca Juniors,LOCAL,1.2,1.375,0.4,0.375,4.2,5.0,4.6,4.0,1.8,1.875,2.8,2.875,11.8,12.375,8.8,8.25,3.4,4.0,2.2,2.0,6.2,5.75,4.6,3.875,2.4,2.5,0.2,0.5,1.6,1.5,0.2,0.375,19.4,19.5,9.6,12.25,9.6,10.625,12.6,14.125,482.2,452.0,368.2,340.875,390.4,368.375,278.0,258.125,21.2,19.375,16.2,16.625,10.2,8.375,10.4,9.25,58.8,52.875,59.0,51.0,1.375,0.375,5.0,4.0,1.875,2.875,12.375,8.25,4.0,2.0,5.75,3.875,2.5,0.5,1.5,0.375,19.5,12.25,10.625,14.125,452.0,340.875,368.375,258.125,19.375,16.625,8.375,9.25,52.875,51.0,8
2026-03-16,m_1ifuZW,11,t_0otcXZ,Boca Juniors,VISITANTE,1.0,1.3333333333333333,0.4,0.4444444444444444,4.0,4.555555555555555,3.6,3.7777777777777777,2.4,2.0,3.2,2.888888888888889,11.0,12.222222222222221,7.8,7.777777777777778,3.2,3.888888888888889,2.0,2.0,5.8,6.0,4.0,3.6666666666666665,1.8,2.3333333333333335,0.6,0.6666666666666666,1.4,1.4444444444444444,0.4,0.4444444444444444,19.6,19.88888888888889,10.4,12.11111111111111,9.0,10.333333333333334,13.4,14.11111111111111,490.0,458.3333333333333,318.6,327.1111111111111,397.4,375.1111111111111,231.0,245.11111111111111,20.8,18.88888888888889,16.8,17.0,9.6,8.11111111111111,11.0,9.88888888888889,55.2,51.666666666666664,56.2,50.22222222222222,1.3333333333333333,0.4444444444444444,4.555555555555555,3.7777777777777777,2.0,2.888888888888889,12.222222222222221,7.777777777777778,3.888888888888889,2.0,6.0,3.6666666666666665,2.3333333333333335,0.6666666666666666,1.4444444444444444,0.4444444444444444,19.88888888888889,12.11111111111111,10.333333333333334,14.11111111111111,458.3333333333333,327.1111111111111,375.1111111111111,245.11111111111111,18.88888888888889,17.0,8.11111111111111,9.88888888888889,51.666666666666664,50.22222222222222,9
2026-03-22,m_3kkhBc,12,t_0otcXZ,Boca Juniors,LOCAL,1.2,1.3,0.6,0.5,4.8,4.6,4.0,3.8,2.6,2.0,3.6,2.9,11.8,12.4,8.2,8.6,3.2,3.8,3.0,2.4,6.2,6.1,3.4,4.0,1.2,2.1,1.0,0.8,0.8,1.3,0.8,0.6,19.6,19.3,14.0,13.4,9.2,10.0,12.6,13.5,453.0,446.4,369.2,349.6,365.6,364.2,283.4,267.8,18.2,17.9,17.2,17.7,10.0,8.7,11.2,9.9,53.6,51.5,53.6,50.1,1.3,0.5,4.6,3.8,2.0,2.9,12.4,8.6,3.8,2.4,6.1,4.0,2.1,0.8,1.3,0.6,19.3,13.4,10.0,13.5,446.4,349.6,364.2,267.8,17.9,17.7,8.7,9.9,51.5,50.1,10
2026-04-02,m_24NuK9,13,t_0otcXZ,Boca Juniors,VISITANTE,1.6,1.4,0.6,0.5,4.6,4.1,4.6,4.3,2.2,1.9,3.0,2.6,14.6,12.3,9.4,9.2,4.2,4.0,3.6,2.8,7.2,6.0,4.2,4.3,2.0,2.4,1.2,0.9,1.4,1.6,1.0,0.7,23.4,20.7,16.2,15.1,7.4,9.4,11.6,12.6,512.8,449.9,351.8,360.8,432.6,367.6,269.4,279.2,16.2,18.0,15.6,17.0,8.6,9.1,11.0,10.2,50.6,51.6,52.4,51.9,1.3636363636363635,0.45454545454545453,4.818181818181818,4.0,1.8181818181818181,2.8181818181818183,12.909090909090908,8.909090909090908,3.909090909090909,2.6363636363636362,6.181818181818182,4.181818181818182,2.3636363636363638,0.8181818181818182,1.5454545454545454,0.6363636363636364,20.545454545454547,14.363636363636363,9.363636363636363,13.181818181818182,461.1818181818182,342.09090909090907,380.09090909090907,261.09090909090907,17.454545454545453,16.90909090909091,8.636363636363637,9.636363636363637,50.45454545454545,49.72727272727273,11
2026-04-11,m_1uocnY,14,t_0otcXZ,Boca Juniors,LOCAL,1.4,1.2,0.6,0.5,4.0,4.2,4.6,3.9,2.0,1.9,2.6,2.7,13.8,12.5,9.8,9.0,3.4,3.4,3.4,2.7,7.4,6.7,4.8,4.5,1.6,2.0,1.4,0.8,1.25,1.4444444444444444,1.25,0.6666666666666666,21.4,20.9,17.4,13.0,7.0,8.9,9.6,12.5,477.0,466.5,391.4,358.9,402.4,384.2,315.2,277.4,15.2,17.5,16.6,17.6,8.2,9.0,9.4,10.0,46.0,51.8,47.0,52.1,1.25,0.5,4.916666666666667,3.9166666666666665,1.8333333333333333,2.75,13.083333333333334,8.833333333333334,3.6666666666666665,2.5833333333333335,6.583333333333333,4.166666666666667,2.1666666666666665,0.8333333333333334,1.5454545454545454,0.6363636363636364,20.5,14.083333333333334,9.333333333333334,12.666666666666666,455.75,350.6666666666667,376.5,270.9166666666667,17.25,17.583333333333332,8.25,9.333333333333334,49.833333333333336,49.0,12
2026-04-19,m_0FlMqm,15,t_0otcXZ,Boca Juniors,VISITANTE,1.0,1.1,0.8,0.6,4.4,4.3,3.6,4.1,2.0,1.9,2.0,2.4,13.4,12.6,10.4,9.6,2.6,3.0,4.0,3.1,7.6,6.9,4.8,4.7,1.4,1.9,2.0,1.1,1.5,1.5555555555555556,1.75,0.8888888888888888,20.4,19.9,19.4,14.5,8.8,9.2,9.2,10.9,440.6,461.4,407.8,388.0,362.6,376.5,331.0,304.5,12.4,16.8,19.2,17.7,8.0,9.1,11.8,11.1,47.8,53.3,48.6,53.8,1.2307692307692308,0.5384615384615384,4.769230769230769,3.8461538461538463,1.9230769230769231,2.5384615384615383,12.76923076923077,9.076923076923077,3.4615384615384617,2.769230769230769,6.461538461538462,4.230769230769231,2.076923076923077,1.0769230769230769,1.5,0.8333333333333334,19.846153846153847,15.0,9.923076923076923,12.23076923076923,447.61538461538464,366.61538461538464,366.15384615384613,286.15384615384613,16.692307692307693,17.615384615384617,8.23076923076923,10.23076923076923,50.92307692307692,50.07692307692308,13
2026-04-23,m_3puHKN,16,t_0otcXZ,Boca Juniors,VISITANTE,0.8,0.9,0.8,0.6,5.4,4.7,3.4,3.5,2.6,2.5,2.4,2.8,13.8,12.4,11.6,9.7,2.6,2.9,4.6,3.3,6.6,6.2,5.0,4.5,1.2,1.5,2.0,1.3,1.25,1.3333333333333333,1.75,1.0,19.8,19.7,20.8,15.6,10.0,9.5,10.2,11.8,432.4,461.2,409.4,364.0,353.6,375.5,329.6,280.3,12.0,16.4,20.6,18.7,9.0,9.3,10.6,10.8,49.6,52.4,50.6,53.4,1.1428571428571428,0.5714285714285714,4.857142857142857,3.642857142857143,2.2142857142857144,2.7142857142857144,12.785714285714286,9.142857142857142,3.4285714285714284,2.9285714285714284,6.214285714285714,4.142857142857143,1.9285714285714286,1.1428571428571428,1.3846153846153846,0.8461538461538461,19.857142857142858,15.214285714285714,10.214285714285714,12.714285714285714,449.07142857142856,356.5,367.42857142857144,275.2857142857143,16.428571428571427,18.285714285714285,8.428571428571429,10.142857142857142,50.92857142857143,50.357142857142854,14
2026-05-02,m_3crdvk,9,t_0otcXZ,Boca Juniors,VISITANTE,1.4,1.3,0.6,0.6,4.6,4.7,3.4,3.7,2.6,2.6,2.0,2.8,13.2,12.5,10.0,9.1,3.4,3.3,3.6,3.3,5.8,6.0,4.6,4.0,2.0,1.6,1.8,1.4,1.5,1.1111111111111112,1.5,1.1111111111111112,20.6,20.1,19.4,16.7,10.8,10.0,9.6,11.1,440.8,446.9,380.6,374.9,362.2,363.9,303.0,293.2,15.2,16.7,18.0,17.6,7.6,8.8,10.4,10.8,51.2,52.4,51.4,52.5,1.3333333333333333,0.5333333333333333,4.6,3.6666666666666665,2.2,2.6,12.666666666666666,9.066666666666666,3.6666666666666665,2.8,6.0,4.2,2.066666666666667,1.1333333333333333,1.3571428571428572,0.8571428571428571,19.733333333333334,15.4,10.266666666666667,12.2,444.53333333333336,359.93333333333334,363.53333333333336,279.53333333333336,17.0,17.8,8.333333333333334,10.066666666666666,51.4,50.53333333333333,15
2026-05-09,m_0kTolw,1/8,t_0otcXZ,Boca Juniors,LOCAL,1.2,1.4,1.0,0.8,3.8,4.2,2.8,3.7,3.2,2.7,2.2,2.6,12.4,13.5,9.8,9.6,3.2,3.7,4.2,3.9,6.0,6.6,4.0,4.1,1.2,1.6,2.2,1.7,0.5,1.0,1.75,1.3333333333333333,17.4,20.4,18.6,17.4,13.4,10.4,9.8,10.7,376.0,444.4,434.8,393.3,293.0,362.8,355.0,312.2,15.4,15.8,19.2,17.4,9.0,8.8,11.8,11.4,52.8,51.7,51.6,52.0,1.3125,0.625,4.5,3.625,2.25,2.625,12.75,9.1875,3.6875,3.125,6.125,4.125,2.0,1.25,1.2666666666666666,0.9333333333333333,19.5625,15.6875,10.625,12.125,434.5625,371.0625,352.875,290.4375,16.8125,17.625,8.75,10.3125,51.1875,50.3125,16
2026-07-26,m_4Gu3AR,1,t_0otcXZ,Boca Juniors,VISITANTE,1.8,1.6,1.2,0.9,2.8,3.4,5.6,5.1,3.8,2.9,2.0,2.3,11.0,12.4,15.4,12.6,3.8,3.6,6.0,4.7,4.2,5.8,5.8,5.3,1.6,1.6,2.8,2.1,0.4,0.7777777777777778,2.0,1.6666666666666667,15.0,18.2,28.0,22.7,14.6,10.8,10.4,10.0,363.8,420.4,483.8,437.6,269.4,335.9,394.2,354.7,16.4,15.8,18.4,17.5,9.8,9.0,12.0,10.7,57.4,51.7,58.6,52.8,1.411764705882353,0.7058823529411765,4.294117647058823,4.411764705882353,2.411764705882353,2.5294117647058822,12.470588235294118,10.764705882352942,3.7058823529411766,3.588235294117647,5.882352941176471,4.647058823529412,2.0,1.411764705882353,1.1875,1.0625,18.88235294117647,18.176470588235293,10.882352941176471,12.0,428.70588235294116,389.8235294117647,345.0,307.1764705882353,17.0,17.823529411764707,8.705882352941176,10.117647058823529,52.05882352941177,51.8235294117647,17
2026-08-02,m_2Vtk92,3,t_0otcXZ,Boca Juniors,VISITANTE,1.6,1.3,1.6,1.2,3.8,4.1,5.4,4.5,3.2,2.6,2.6,2.3,11.8,12.6,14.2,12.3,4.2,3.4,5.8,4.9,4.8,6.2,5.0,4.9,1.6,1.5,2.6,2.3,0.4,0.8888888888888888,1.4,1.5555555555555556,16.0,18.2,24.0,21.7,12.8,10.8,13.0,11.1,452.4,446.5,408.4,408.1,363.2,362.9,318.0,324.5,16.4,14.4,18.6,18.9,10.6,9.3,9.4,10.6,55.8,51.8,56.0,52.3,1.3333333333333333,0.8333333333333334,4.5,4.277777777777778,2.2777777777777777,2.5555555555555554,12.5,10.5,3.6666666666666665,3.611111111111111,6.0,4.444444444444445,1.9444444444444444,1.5,1.1764705882352942,1.0,18.77777777777778,17.5,10.722222222222221,12.444444444444445,448.94444444444446,378.22222222222223,365.3333333333333,295.0,16.61111111111111,17.88888888888889,8.88888888888889,10.0,52.27777777777778,51.72222222222222,18
2026-08-05,m_26MC0h,2,t_0otcXZ,Boca Juniors,LOCAL,2.0,1.4,1.8,1.3,3.6,4.5,6.6,5.0,2.4,2.5,2.2,2.3,11.0,12.4,15.2,13.4,4.0,3.3,5.6,5.1,4.6,5.6,6.0,5.5,1.6,1.4,3.4,2.7,0.4,0.7777777777777778,2.2,2.0,15.0,17.4,25.2,23.0,12.4,11.2,11.4,10.8,414.8,423.6,444.0,426.7,329.2,341.4,360.8,345.2,17.2,14.6,18.2,19.4,9.2,9.1,9.4,10.0,54.4,52.0,56.2,53.4,1.368421052631579,0.8947368421052632,4.526315789473684,4.421052631578948,2.263157894736842,2.5789473684210527,12.31578947368421,10.736842105263158,3.5789473684210527,3.6315789473684212,5.7894736842105265,4.631578947368421,1.8421052631578947,1.736842105263158,1.1111111111111112,1.2222222222222223,18.57894736842105,17.842105263157894,10.789473684210526,12.368421052631579,440.05263157894734,379.5263157894737,357.36842105263156,297.7894736842105,16.63157894736842,18.263157894736842,8.631578947368421,9.947368421052632,51.8421052631579,51.89473684210526,19
2026-08-08,m_4Ha0vK,4,t_0otcXZ,Boca Juniors,LOCAL,1.4,1.4,1.8,1.2,4.4,4.5,6.2,4.8,2.2,2.4,2.6,2.3,11.2,12.2,15.2,12.6,3.0,3.2,6.2,4.9,4.8,5.3,5.6,5.1,1.2,1.6,3.4,2.6,0.4,0.8888888888888888,2.2,1.8888888888888888,17.0,18.8,25.2,22.3,13.4,12.1,12.6,11.1,460.4,450.6,438.6,409.6,373.0,367.6,354.0,328.5,16.4,15.8,19.6,18.8,8.8,8.2,10.4,10.4,54.2,52.7,56.0,53.7,1.35,0.85,4.55,4.3,2.2,2.6,12.3,10.6,3.5,3.65,5.7,4.55,1.85,1.7,1.105263157894737,1.2105263157894737,19.05,17.85,11.05,12.3,448.5,379.6,365.9,298.15,16.85,18.25,8.45,10.15,52.1,51.9,20
2026-08-16,m_07PgTk,5,t_0otcXZ,Boca Juniors,VISITANTE,1.4,1.3,1.6,1.3,4.6,4.2,6.6,4.7,2.4,2.8,2.4,2.3,10.0,11.2,19.0,14.4,3.0,3.1,6.2,5.2,3.8,4.9,7.8,5.9,1.2,1.2,3.8,3.0,0.6,0.5555555555555556,2.6,2.2222222222222223,15.6,16.5,28.6,23.6,12.2,12.8,12.8,11.3,484.0,430.0,440.2,437.5,395.0,344.0,355.0,355.0,17.6,16.5,20.8,20.0,7.4,8.2,10.4,11.1,55.0,53.9,60.8,56.2,1.3333333333333333,0.8571428571428571,4.523809523809524,4.333333333333333,2.2857142857142856,2.5714285714285716,12.095238095238095,11.523809523809524,3.5238095238095237,3.857142857142857,5.571428571428571,5.0,1.8095238095238095,1.8571428571428572,1.1,1.35,18.61904761904762,18.761904761904763,11.0,12.285714285714286,446.3333333333333,387.5238095238095,362.9047619047619,305.8095238095238,17.0,18.38095238095238,8.428571428571429,10.333333333333334,52.095238095238095,52.80952380952381,21
2026-08-24,m_0kNt0b,6,t_0otcXZ,Boca Juniors,VISITANTE,1.0,1.4,1.4,1.3,5.0,3.9,4.6,5.1,1.6,2.7,2.6,2.3,11.0,11.0,14.6,15.0,3.8,3.8,4.8,5.4,4.4,4.3,6.2,6.0,1.0,1.3,3.8,3.3,0.6,0.5,2.6,2.3,17.4,16.2,22.8,25.4,11.4,13.0,13.6,12.0,482.0,422.9,417.4,450.6,398.6,334.0,337.0,365.6,16.6,16.5,19.8,19.1,9.0,9.4,10.8,11.4,52.6,55.0,57.2,57.9,1.3181818181818181,0.8636363636363636,4.454545454545454,4.454545454545454,2.227272727272727,2.5454545454545454,12.136363636363637,11.636363636363637,3.727272727272727,3.8636363636363638,5.545454545454546,5.0,1.7727272727272727,1.9545454545454546,1.0476190476190477,1.4285714285714286,18.545454545454547,19.227272727272727,11.0,12.363636363636363,440.8181818181818,396.09090909090907,357.1818181818182,313.95454545454544,16.90909090909091,18.272727272727273,8.772727272727273,10.272727272727273,52.18181818181818,53.04545454545455,22
2026-08-29,m_0rmcr6,7,t_0otcXZ,Boca Juniors,LOCAL,1.2,1.4,1.0,1.3,3.6,3.7,5.2,5.3,2.0,2.6,2.6,2.6,11.4,11.6,16.2,15.2,3.6,3.9,5.0,5.4,4.8,4.8,7.2,6.1,1.2,1.4,3.4,3.0,0.6,0.5,2.6,2.0,16.6,16.3,25.0,24.5,11.6,12.2,11.8,12.4,404.0,428.2,475.0,441.7,323.6,343.4,393.8,355.9,17.4,16.9,20.4,19.5,9.0,9.8,10.6,10.0,51.8,53.8,55.0,55.5,1.3043478260869565,0.8695652173913043,4.304347826086956,4.478260869565218,2.217391304347826,2.5652173913043477,12.26086956521739,11.73913043478261,3.652173913043478,3.9130434782608696,5.739130434782608,5.043478260869565,1.7826086956521738,1.9130434782608696,1.0454545454545454,1.3636363636363635,18.304347826086957,19.130434782608695,10.91304347826087,12.304347826086957,439.17391304347825,399.2608695652174,356.2608695652174,316.4782608695652,16.782608695652176,18.434782608695652,8.91304347826087,10.130434782608695,52.17391304347826,52.43478260869565,23
2026-09-05,m_4BLbJI,8,t_0otcXZ,Boca Juniors,VISITANTE,0.8,1.4,0.8,1.3,3.2,3.4,6.0,6.3,1.8,2.1,2.4,2.3,11.6,11.3,17.0,16.1,3.6,3.8,5.0,5.3,5.4,5.0,7.0,6.5,1.8,1.7,2.6,3.0,1.2,0.8,1.8,2.0,19.0,17.0,23.8,24.5,12.2,12.3,11.2,11.3,426.4,420.6,502.2,473.1,341.6,335.4,414.6,387.7,19.4,18.3,19.2,18.7,10.4,9.8,11.2,10.3,57.0,55.7,56.4,56.3,1.25,0.875,4.25,4.75,2.1666666666666665,2.5416666666666665,12.166666666666666,12.041666666666666,3.5833333333333335,3.9166666666666665,5.708333333333333,5.125,1.8333333333333333,1.9166666666666667,1.1304347826086956,1.3478260869565217,18.666666666666668,19.083333333333332,11.083333333333334,12.125,437.2083333333333,405.0833333333333,354.0833333333333,322.125,17.208333333333332,18.458333333333332,9.0,10.208333333333334,52.916666666666664,52.833333333333336,24
2026-09-12,m_2HZGss,9,t_0otcXZ,Boca Juniors,LOCAL,1.0,1.2,1.2,1.5,3.4,3.9,6.6,6.4,2.4,2.3,2.2,2.4,11.6,11.4,18.8,17.0,4.4,3.7,5.6,5.9,5.2,5.0,8.0,6.8,1.6,1.4,2.8,3.1,1.2,0.8,2.0,2.1,17.4,17.2,24.2,24.7,10.6,12.0,10.2,11.4,369.8,415.1,517.0,477.8,284.0,328.5,427.4,390.7,17.8,17.1,17.8,18.7,11.8,10.3,8.8,9.6,55.0,54.6,54.6,55.3,1.28,0.92,4.32,4.76,2.24,2.52,12.16,12.24,3.68,4.04,5.6,5.24,1.8,1.92,1.125,1.375,18.72,19.12,10.96,11.88,432.76,407.08,349.52,324.0,17.04,18.16,9.12,9.88,52.68,52.44,25
2026-10-03,m_4O6zEu,Clausura - Round 11,t_0otcXZ,Boca Juniors,LOCAL,1.4,1.4,1.2,1.4,3.0,3.8,6.8,6.7,2.2,2.3,2.2,2.3,11.8,10.9,15.8,17.4,4.8,3.9,4.2,5.2,5.0,4.4,7.2,7.5,2.2,1.7,2.0,2.9,1.4,1.0,1.2,1.9,17.8,16.7,20.2,24.4,11.6,11.9,9.8,11.3,396.8,440.4,492.4,466.3,317.2,356.1,406.8,380.9,17.8,17.7,16.6,18.7,12.4,9.9,7.2,8.8,53.2,54.1,49.4,55.1,1.3461538461538463,0.9230769230769231,4.230769230769231,4.8076923076923075,2.269230769230769,2.5,12.038461538461538,12.346153846153847,3.769230769230769,3.923076923076923,5.461538461538462,5.423076923076923,1.8846153846153846,1.8846153846153846,1.16,1.32,18.46153846153846,19.03846153846154,11.115384615384615,11.807692307692308,436.8076923076923,407.6923076923077,354.11538461538464,325.2307692307692,17.153846153846153,18.03846153846154,9.192307692307692,9.73076923076923,52.30769230769231,52.15384615384615,26
2026-01-24,m_0U6amu,1,t_0rGDE4,Gimnasia LP,LOCAL,,,,,,,,,,,,,,,,,,,,,,,,,,,,,,,,,,,,,,,,,,,,,,,,,,,,,,,,,,,,,,,,,,,,,,,,,,,,,,,,,,,,,,,,,,,0
2026-01-28,m_01aTkm,2,t_0rGDE4,Gimnasia LP,VISITANTE,2.0,2.0,1.0,1.0,4.0,4.0,5.0,5.0,2.0,2.0,3.0,3.0,7.0,7.0,13.0,13.0,5.0,5.0,3.0,3.0,1.0,1.0,7.0,7.0,3.0,3.0,2.0,2.0,2.0,2.0,1.0,1.0,13.0,13.0,27.0,27.0,13.0,13.0,15.0,15.0,199.0,199.0,566.0,566.0,118.0,118.0,469.0,469.0,25.0,25.0,8.0,8.0,13.0,13.0,7.0,7.0,37.0,37.0,43.0,43.0,2.0,1.0,4.0,5.0,2.0,3.0,7.0,13.0,5.0,3.0,1.0,7.0,3.0,2.0,2.0,1.0,13.0,27.0,13.0,15.0,199.0,566.0,118.0,469.0,25.0,8.0,13.0,7.0,37.0,43.0,1
2026-02-02,m_3OMXQ9,3,t_0rGDE4,Gimnasia LP,LOCAL,2.0,2.0,0.5,0.5,5.0,5.0,4.5,4.5,2.5,2.5,2.5,2.5,12.0,12.0,8.0,8.0,6.5,6.5,2.0,2.0,5.0,5.0,4.0,4.0,2.5,2.5,1.5,1.5,2.0,2.0,1.0,1.0,20.5,20.5,16.0,16.0,12.5,12.5,13.0,13.0,417.0,417.0,410.5,410.5,337.0,337.0,320.5,320.5,18.5,18.5,16.0,16.0,12.5,12.5,10.0,10.0,43.5,43.5,44.0,44.0,2.0,0.5,5.0,4.5,2.5,2.5,12.0,8.0,6.5,2.0,5.0,4.0,2.5,1.5,2.0,1.0,20.5,16.0,12.5,13.0,417.0,410.5,337.0,320.5,18.5,16.0,12.5,10.0,43.5,44.0,2
2026-02-09,m_1Cuhf7,4,t_0rGDE4,Gimnasia LP,VISITANTE,2.3333333333333335,2.3333333333333335,0.6666666666666666,0.6666666666666666,3.6666666666666665,3.6666666666666665,4.0,4.0,2.0,2.0,2.3333333333333335,2.3333333333333335,12.666666666666666,12.666666666666666,9.666666666666666,9.666666666666666,6.333333333333333,6.333333333333333,1.6666666666666667,1.6666666666666667,5.666666666666667,5.666666666666667,5.0,5.0,2.6666666666666665,2.6666666666666665,1.6666666666666667,1.6666666666666667,1.6666666666666667,1.6666666666666667,1.0,1.0,17.666666666666668,17.666666666666668,18.666666666666668,18.666666666666668,12.666666666666666,12.666666666666666,14.333333333333334,14.333333333333334,393.0,393.0,384.0,384.0,316.6666666666667,316.6666666666667,294.0,294.0,17.0,17.0,15.333333333333334,15.333333333333334,11.666666666666666,11.666666666666666,10.0,10.0,43.0,43.0,43.333333333333336,43.333333333333336,2.3333333333333335,0.6666666666666666,3.6666666666666665,4.0,2.0,2.3333333333333335,12.666666666666666,9.666666666666666,6.333333333333333,1.6666666666666667,5.666666666666667,5.0,2.6666666666666665,1.6666666666666667,1.6666666666666667,1.0,17.666666666666668,18.666666666666668,12.666666666666666,14.333333333333334,393.0,384.0,316.6666666666667,294.0,17.0,15.333333333333334,11.666666666666666,10.0,43.0,43.333333333333336,3
2026-02-15,m_2wlvcQ,5,t_0rGDE4,Gimnasia LP,LOCAL,1.75,1.75,1.0,1.0,4.5,4.5,3.5,3.5,2.25,2.25,2.25,2.25,12.5,12.5,10.5,10.5,5.75,5.75,2.75,2.75,6.25,6.25,4.75,4.75,2.0,2.0,1.75,1.75,1.25,1.25,1.0,1.0,17.75,17.75,19.25,19.25,12.0,12.0,15.0,15.0,427.5,427.5,357.25,357.25,352.5,352.5,270.0,270.0,17.25,17.25,13.0,13.0,12.5,12.5,9.5,9.5,46.25,46.25,44.5,44.5,1.75,1.0,4.5,3.5,2.25,2.25,12.5,10.5,5.75,2.75,6.25,4.75,2.0,1.75,1.25,1.0,17.75,19.25,12.0,15.0,427.5,357.25,352.5,270.0,17.25,13.0,12.5,9.5,46.25,44.5,4
2026-02-21,m_3TfM13,6,t_0rGDE4,Gimnasia LP,VISITANTE,1.4,1.4,0.8,0.8,4.8,4.8,3.6,3.6,2.4,2.4,2.2,2.2,12.8,12.8,10.6,10.6,5.4,5.4,2.6,2.6,6.6,6.6,4.4,4.4,2.2,2.2,1.6,1.6,1.6,1.6,1.0,1.0,19.4,19.4,18.0,18.0,12.2,12.2,14.8,14.8,427.6,427.6,344.2,344.2,355.8,355.8,261.6,261.6,17.8,17.8,13.6,13.6,11.2,11.2,8.8,8.8,44.8,44.8,45.4,45.4,1.4,0.8,4.8,3.6,2.4,2.2,12.8,10.6,5.4,2.6,6.6,4.4,2.2,1.6,1.6,1.0,19.4,18.0,12.2,14.8,427.6,344.2,355.8,261.6,17.8,13.6,11.2,8.8,44.8,45.4,5
2026-02-25,m_1j8XKc,7,t_0rGDE4,Gimnasia LP,LOCAL,1.0,1.1666666666666667,0.8,0.8333333333333334,5.4,5.166666666666667,3.4,3.6666666666666665,2.6,2.5,2.4,2.5,16.6,15.0,9.8,10.333333333333334,5.6,5.5,2.4,2.5,9.6,8.166666666666666,4.0,4.5,2.0,2.1666666666666665,1.6,1.6666666666666667,1.6,1.6666666666666667,1.0,1.0,23.0,21.333333333333332,15.8,17.666666666666668,11.6,11.833333333333334,15.0,15.0,474.4,428.5,294.0,339.3333333333333,403.8,356.1666666666667,212.8,255.5,14.6,16.333333333333332,14.8,13.666666666666666,11.2,11.5,9.0,8.666666666666666,46.4,44.833333333333336,46.8,46.166666666666664,1.1666666666666667,0.8333333333333334,5.166666666666667,3.6666666666666665,2.5,2.5,15.0,10.333333333333334,5.5,2.5,8.166666666666666,4.5,2.1666666666666665,1.6666666666666667,1.6666666666666667,1.0,21.333333333333332,17.666666666666668,11.833333333333334,15.0,428.5,339.3333333333333,356.1666666666667,255.5,16.333333333333332,13.666666666666666,11.5,8.666666666666666,44.833333333333336,46.166666666666664,6
2026-03-02,m_4QwFk6,8,t_0rGDE4,Gimnasia LP,VISITANTE,1.0,1.2857142857142858,1.0,0.8571428571428571,4.8,4.857142857142857,3.8,4.0,2.6,2.5714285714285716,2.8,2.7142857142857144,15.0,14.142857142857142,11.8,10.714285714285714,4.4,5.0,3.4,3.0,8.8,7.714285714285714,4.6,4.428571428571429,1.8,2.0,2.4,2.142857142857143,1.4,1.5714285714285714,1.6,1.4285714285714286,20.4,20.428571428571427,18.4,17.714285714285715,13.2,13.0,15.6,14.857142857142858,440.8,434.0,316.0,343.0,370.6,361.0,237.0,260.85714285714283,16.8,17.285714285714285,15.0,15.285714285714286,10.4,11.0,8.2,8.714285714285714,46.8,45.857142857142854,47.4,46.42857142857143,1.2857142857142858,0.8571428571428571,4.857142857142857,4.0,2.5714285714285716,2.7142857142857144,14.142857142857142,10.714285714285714,5.0,3.0,7.714285714285714,4.428571428571429,2.0,2.142857142857143,1.5714285714285714,1.4285714285714286,20.428571428571427,17.714285714285715,13.0,14.857142857142858,434.0,343.0,361.0,260.85714285714283,17.285714285714285,15.285714285714286,11.0,8.714285714285714,45.857142857142854,46.42857142857143,7
2026-03-11,m_2bEX07,10,t_0rGDE4,Gimnasia LP,VISITANTE,0.8,1.375,1.2,1.0,6.4,5.375,3.6,3.75,2.6,2.375,3.4,3.0,16.4,15.0,10.2,10.0,4.4,5.125,3.8,3.0,9.4,8.0,3.6,4.125,1.8,2.125,2.4,2.125,1.6,1.625,1.6,1.375,24.2,21.75,15.6,16.75,12.4,12.5,15.8,15.25,440.2,422.5,315.2,341.0,366.2,347.625,236.8,258.25,18.8,18.125,18.8,17.5,10.8,11.125,7.8,8.625,49.8,47.25,49.4,47.125,1.375,1.0,5.375,3.75,2.375,3.0,15.0,10.0,5.125,3.0,8.0,4.125,2.125,2.125,1.625,1.375,21.75,16.75,12.5,15.25,422.5,341.0,347.625,258.25,18.125,17.5,11.125,8.625,47.25,47.125,8
2026-03-15,m_4KLddA,11,t_0rGDE4,Gimnasia LP,LOCAL,1.2,1.4444444444444444,1.0,1.0,5.6,5.111111111111111,4.8,4.222222222222222,2.8,2.5555555555555554,4.2,3.3333333333333335,16.6,14.777777777777779,11.2,10.88888888888889,4.8,5.222222222222222,3.6,3.2222222222222223,8.8,7.666666666666667,4.2,4.444444444444445,2.2,2.111111111111111,2.2,2.0,1.8,1.5555555555555556,1.6,1.3333333333333333,23.0,20.666666666666668,17.2,18.11111111111111,11.6,11.777777777777779,14.8,14.88888888888889,403.2,414.0,336.8,345.8888888888889,326.8,338.22222222222223,259.6,264.22222222222223,20.2,18.88888888888889,19.6,16.666666666666668,9.4,10.777777777777779,7.2,8.222222222222221,50.2,48.44444444444444,50.2,47.666666666666664,1.4444444444444444,1.0,5.111111111111111,4.222222222222222,2.5555555555555554,3.3333333333333335,14.777777777777779,10.88888888888889,5.222222222222222,3.2222222222222223,7.666666666666667,4.444444444444445,2.111111111111111,2.0,1.5555555555555556,1.3333333333333333,20.666666666666668,18.11111111111111,11.777777777777779,14.88888888888889,414.0,345.8888888888889,338.22222222222223,264.22222222222223,18.88888888888889,16.666666666666668,10.777777777777779,8.222222222222221,48.44444444444444,47.666666666666664,9
2026-03-21,m_1c7isO,12,t_0rGDE4,Gimnasia LP,VISITANTE,1.6,1.5,1.6,1.2,5.2,5.0,4.4,4.0,3.2,2.8,4.2,3.2,15.6,14.2,11.6,11.1,4.6,5.0,3.8,3.2,8.0,7.3,5.0,4.7,1.6,1.9,2.6,2.1,1.2,1.4,1.6,1.3,20.2,19.8,17.4,17.7,11.4,11.8,14.2,14.5,388.8,408.2,356.0,350.1,309.8,332.8,277.4,269.5,19.8,18.8,18.6,16.1,9.2,10.2,8.2,8.5,51.2,48.0,51.0,48.2,1.5,1.2,5.0,4.0,2.8,3.2,14.2,11.1,5.0,3.2,7.3,4.7,1.9,2.1,1.4,1.3,19.8,17.7,11.8,14.5,408.2,350.1,332.8,269.5,18.8,16.1,10.2,8.5,48.0,48.2,10
2026-04-05,m_2k76Cm,13,t_0rGDE4,Gimnasia LP,LOCAL,1.6,1.3,1.6,1.2,4.6,5.0,4.8,4.1,3.8,3.2,3.8,3.1,12.4,14.5,13.0,11.4,3.6,4.6,3.8,3.1,5.6,7.6,5.8,4.9,1.2,1.6,2.4,2.0,1.0,1.3333333333333333,1.75,1.3333333333333333,18.6,20.8,17.4,16.6,12.2,11.9,13.4,14.2,397.0,435.7,347.0,320.5,314.8,359.3,268.4,240.6,21.2,17.9,20.0,17.4,8.4,9.8,8.2,8.6,50.2,48.3,51.2,49.0,1.3636363636363635,1.1818181818181819,4.909090909090909,4.181818181818182,3.090909090909091,3.090909090909091,13.818181818181818,11.545454545454545,4.636363636363637,3.090909090909091,7.0,5.090909090909091,1.7272727272727273,2.0,1.4,1.3,20.09090909090909,17.545454545454547,12.0,14.272727272727273,414.1818181818182,342.8181818181818,337.3636363636364,261.3636363636364,18.545454545454547,16.545454545454547,10.090909090909092,8.454545454545455,47.27272727272727,48.45454545454545,11
2026-04-13,m_4DcYBn,14,t_0rGDE4,Gimnasia LP,VISITANTE,1.8,1.4,1.4,1.2,5.0,4.9,5.2,4.5,4.0,3.3,3.2,3.0,12.6,13.8,15.4,13.6,4.2,4.3,3.6,3.5,4.8,6.8,8.2,6.4,1.6,1.7,2.2,2.3,1.0,1.2222222222222223,1.75,1.6666666666666667,19.4,19.9,21.0,19.7,12.0,12.6,11.8,13.7,359.8,400.3,386.4,351.2,274.8,322.7,306.0,271.5,19.6,18.2,18.0,16.5,7.6,9.0,9.2,8.7,49.8,48.3,53.4,50.4,1.5,1.0833333333333333,4.916666666666667,4.5,3.1666666666666665,2.9166666666666665,13.5,12.666666666666666,4.666666666666667,3.25,6.5,6.0,1.8333333333333333,2.1666666666666665,1.3636363636363635,1.5454545454545454,20.0,19.083333333333332,12.583333333333334,13.583333333333334,403.0833333333333,361.0833333333333,325.0833333333333,279.6666666666667,18.25,16.416666666666668,9.583333333333334,8.916666666666666,47.5,49.333333333333336,12
2026-04-18,m_2yMdi1,15,t_0rGDE4,Gimnasia LP,LOCAL,1.8,1.3,1.2,1.2,4.6,5.5,5.4,4.5,4.4,3.5,2.8,3.1,11.8,14.1,16.6,13.4,4.4,4.4,3.6,3.7,3.8,6.6,9.2,6.4,1.6,1.7,2.2,2.3,1.0,1.3333333333333333,1.75,1.6666666666666667,17.6,20.9,21.6,18.6,12.6,12.5,11.6,13.7,372.0,406.1,382.4,348.8,285.8,326.0,300.8,268.8,17.2,18.0,14.4,16.6,7.0,8.9,9.0,8.4,48.4,49.1,52.4,50.9,1.5384615384615385,1.0769230769230769,5.076923076923077,4.384615384615385,3.1538461538461537,2.923076923076923,13.76923076923077,12.538461538461538,4.846153846153846,3.230769230769231,6.384615384615385,6.076923076923077,1.9230769230769231,2.1538461538461537,1.4166666666666667,1.5,20.153846153846153,18.615384615384617,12.538461538461538,13.846153846153847,403.0769230769231,356.9230769230769,323.84615384615387,274.61538461538464,17.76923076923077,16.307692307692307,9.538461538461538,8.76923076923077,47.69230769230769,49.15384615384615,13
2026-04-26,m_3Xoqfp,16,t_0rGDE4,Gimnasia LP,VISITANTE,1.4,1.3,1.2,1.1,4.8,5.2,4.0,4.4,4.2,3.5,2.2,3.2,12.0,14.3,16.0,13.6,4.0,4.4,3.4,3.5,4.6,6.7,10.0,7.1,1.8,2.0,2.6,2.4,1.5,1.6666666666666667,2.0,1.7777777777777777,18.8,20.9,21.6,19.4,14.0,12.8,11.6,13.2,380.6,391.9,370.8,353.8,293.8,310.3,290.0,274.8,14.8,17.5,15.0,17.3,6.8,8.1,11.2,9.2,46.8,48.5,52.8,51.5,1.4285714285714286,1.0714285714285714,5.0,4.142857142857143,3.142857142857143,2.9285714285714284,13.785714285714286,12.714285714285714,4.785714285714286,3.2857142857142856,6.571428571428571,6.428571428571429,2.0,2.2142857142857144,1.5384615384615385,1.5384615384615385,20.0,19.357142857142858,12.571428571428571,13.714285714285714,402.07142857142856,354.7857142857143,322.35714285714283,273.42857142857144,17.428571428571427,16.071428571428573,9.357142857142858,9.285714285714286,47.857142857142854,49.5,14
2026-05-03,m_1fmUw8,9,t_0rGDE4,Gimnasia LP,LOCAL,1.2,1.4,0.6,1.1,5.2,5.2,4.2,4.3,3.6,3.4,2.2,3.2,11.4,13.5,14.8,13.2,3.8,4.2,2.8,3.3,4.2,6.1,9.8,7.4,2.0,1.8,2.2,2.4,1.75,1.4444444444444444,2.0,1.7777777777777777,20.8,20.5,22.2,19.8,13.4,12.4,12.6,13.4,395.0,391.9,365.4,360.7,306.6,308.2,279.8,278.6,15.0,17.4,17.0,17.8,7.8,8.5,11.4,9.8,48.4,49.8,54.2,52.6,1.4,1.0,5.066666666666666,4.066666666666666,3.066666666666667,2.8666666666666667,13.266666666666667,12.333333333333334,4.6,3.066666666666667,6.266666666666667,6.4,1.9333333333333333,2.1333333333333333,1.5,1.5,20.133333333333333,19.2,12.333333333333334,13.866666666666667,403.8,355.2,324.06666666666666,272.93333333333334,17.533333333333335,16.4,9.4,9.466666666666667,48.13333333333333,50.2,15
2026-05-11,m_4Cpvon,1/8,t_0rGDE4,Gimnasia LP,VISITANTE,1.6,1.6,0.4,1.0,5.0,4.8,5.2,5.0,3.0,3.4,2.8,3.3,11.8,12.1,14.4,13.7,4.0,3.8,3.0,3.4,4.8,5.2,9.0,7.4,2.4,1.8,2.2,2.3,1.4,1.2222222222222223,1.8,1.7777777777777777,18.8,18.7,24.0,20.7,12.8,12.5,13.6,13.5,358.4,377.7,413.8,380.4,272.2,293.5,332.0,300.2,15.8,18.5,15.0,17.5,9.8,9.1,11.6,9.9,53.2,51.7,55.0,53.1,1.4375,0.9375,4.9375,4.5,3.0625,3.0,13.1875,12.4375,4.4375,3.0625,6.3125,6.3125,1.9375,2.0625,1.4,1.4666666666666666,19.6875,19.5625,12.25,14.0625,396.75,365.0,317.0,283.4375,17.6875,16.0625,10.0,9.4375,49.125,50.5,16
2026-05-14,m_3ar3G9,1/4,t_0rGDE4,Gimnasia LP,VISITANTE,1.2,1.5,0.4,0.9,4.0,4.5,7.0,6.1,3.2,3.6,3.0,3.1,11.2,11.9,14.8,15.1,3.6,3.9,3.0,3.3,5.0,4.9,7.8,8.0,2.2,1.9,1.6,1.9,1.4,1.2222222222222223,1.2,1.4444444444444444,16.2,17.8,25.6,23.3,11.6,11.8,14.2,13.0,348.6,354.2,406.6,396.5,264.4,269.6,324.4,315.2,15.0,17.3,14.2,16.1,11.2,9.4,10.8,10.0,51.2,50.5,53.0,53.2,1.411764705882353,0.8823529411764706,4.647058823529412,5.235294117647059,3.176470588235294,2.9411764705882355,12.823529411764707,13.294117647058824,4.352941176470588,3.176470588235294,6.0588235294117645,6.529411764705882,1.9411764705882353,2.0,1.375,1.4375,18.88235294117647,21.0,12.294117647058824,13.764705882352942,387.05882352941177,374.47058823529414,307.2352941176471,292.8235294117647,17.294117647058822,15.764705882352942,10.058823529411764,9.470588235294118,48.588235294117645,50.411764705882355,17
2026-07-24,m_1P4GDL,1,t_0rGDE4,Gimnasia LP,VISITANTE,0.8,1.3,0.6,0.9,3.6,4.1,7.8,6.6,3.4,3.9,2.6,2.7,10.2,11.0,16.2,16.4,3.4,3.9,4.0,3.8,5.2,4.5,7.0,8.1,2.0,1.8,1.6,1.9,1.4,1.2222222222222223,1.2,1.4444444444444444,15.0,16.3,28.6,25.1,12.4,12.5,15.0,13.3,334.6,353.3,437.0,409.7,248.2,267.0,353.4,327.1,14.8,16.0,14.8,14.6,11.6,9.3,11.0,10.0,48.8,48.6,55.8,54.1,1.3333333333333333,0.9444444444444444,4.666666666666667,5.333333333333333,3.2222222222222223,2.8333333333333335,12.777777777777779,13.555555555555555,4.444444444444445,3.4444444444444446,6.055555555555555,6.333333333333333,1.9444444444444444,2.0,1.411764705882353,1.411764705882353,18.72222222222222,21.38888888888889,12.5,14.166666666666666,384.05555555555554,379.1666666666667,302.8333333333333,296.5,16.944444444444443,15.88888888888889,10.11111111111111,9.38888888888889,48.0,51.0,18
2026-07-29,m_19jhYQ,2,t_0rGDE4,Gimnasia LP,LOCAL,1.2,1.3,0.6,0.9,3.6,4.2,8.2,6.1,3.0,3.6,2.6,2.4,11.0,11.5,15.0,15.5,4.0,4.0,4.2,3.8,4.6,4.6,5.4,7.7,2.0,1.9,1.6,2.1,1.2,1.3333333333333333,1.2,1.5555555555555556,17.0,17.9,26.6,24.1,11.8,12.9,15.0,13.3,356.6,368.6,446.2,408.5,268.2,281.0,356.6,323.3,15.6,15.2,14.8,14.9,13.0,9.9,10.2,10.7,50.0,48.4,55.4,54.1,1.368421052631579,0.9473684210526315,4.631578947368421,5.2105263157894735,3.1052631578947367,2.8421052631578947,13.052631578947368,13.31578947368421,4.578947368421052,3.526315789473684,6.052631578947368,6.157894736842105,2.0,2.0526315789473686,1.4444444444444444,1.4444444444444444,19.210526315789473,21.263157894736842,12.368421052631579,14.052631578947368,390.10526315789474,378.8421052631579,308.10526315789474,295.3157894736842,16.94736842105263,15.736842105263158,10.31578947368421,9.526315789473685,48.421052631578945,51.05263157894737,19
2026-08-02,m_2GNnDW,3,t_0rGDE4,Gimnasia LP,VISITANTE,1.0,1.1,0.8,0.7,4.0,4.6,8.2,6.2,3.0,3.3,2.4,2.3,11.8,11.6,16.4,15.6,4.2,4.0,4.8,3.8,5.2,4.7,6.0,7.9,1.8,1.9,2.2,2.2,1.0,1.3333333333333333,1.6,1.7777777777777777,15.2,18.0,26.8,24.5,12.2,12.8,14.0,13.3,394.2,394.6,415.6,390.5,306.4,306.5,328.6,304.2,14.4,14.7,15.0,16.0,12.0,9.9,10.0,10.7,49.6,49.0,54.4,54.3,1.3,0.95,4.8,5.1,3.05,2.75,12.9,13.35,4.5,3.5,6.0,6.3,1.9,2.15,1.368421052631579,1.5263157894736843,18.9,21.1,12.3,13.9,401.4,370.3,319.65,286.85,16.75,16.05,10.05,9.6,48.5,51.25,20
2026-08-09,m_4AhgSS,4,t_0rGDE4,Gimnasia LP,LOCAL,1.0,1.3,1.0,0.7,4.2,4.6,6.6,5.9,3.0,3.0,2.0,2.4,11.6,11.7,17.2,15.8,4.6,4.3,5.0,4.0,4.8,4.8,7.2,8.1,1.8,2.1,2.4,2.3,1.0,1.2,1.6,1.7,14.8,16.8,26.6,25.3,12.2,12.5,12.6,13.1,408.8,383.6,387.0,400.4,319.2,295.7,292.0,312.0,12.4,14.1,16.6,15.8,9.2,9.5,9.6,10.6,49.0,51.1,56.6,55.8,1.3333333333333333,0.9523809523809523,4.761904761904762,5.0,3.0476190476190474,2.761904761904762,12.80952380952381,13.571428571428571,4.476190476190476,3.5238095238095237,5.9523809523809526,6.523809523809524,1.9047619047619047,2.142857142857143,1.3,1.5,18.523809523809526,21.238095238095237,12.238095238095237,13.714285714285714,399.6190476190476,370.23809523809524,317.5238095238095,285.4761904761905,16.428571428571427,16.19047619047619,9.80952380952381,9.476190476190476,49.095238095238095,51.95238095238095,21
2026-08-15,m_3spPk4,5,t_0rGDE4,Gimnasia LP,VISITANTE,0.8,1.0,1.4,0.9,4.4,4.2,3.6,5.3,2.8,3.0,2.2,2.6,12.8,12.0,15.0,14.9,4.4,4.0,5.2,4.1,6.0,5.5,6.2,7.0,1.4,1.8,2.4,2.0,1.0,1.2222222222222223,1.75,1.4444444444444444,17.0,16.6,21.2,23.4,13.2,12.4,12.2,13.2,451.4,400.0,367.2,386.9,355.8,310.1,266.2,295.3,13.4,14.2,19.6,16.9,9.0,10.1,10.8,10.8,54.2,52.7,60.6,56.8,1.2727272727272727,1.0,4.590909090909091,4.863636363636363,3.090909090909091,2.772727272727273,12.818181818181818,13.681818181818182,4.363636363636363,3.6363636363636362,6.045454545454546,6.454545454545454,1.8181818181818181,2.090909090909091,1.3,1.5,18.454545454545453,21.045454545454547,12.5,13.409090909090908,401.6818181818182,372.8181818181818,318.27272727272725,286.77272727272725,16.40909090909091,16.636363636363637,9.818181818181818,9.772727272727273,49.86363636363637,52.72727272727273,22
2026-08-22,m_4FtNTS,6,t_0rGDE4,Gimnasia LP,LOCAL,0.8,0.8,1.8,1.2,3.8,3.7,3.6,5.7,3.0,3.2,2.4,2.5,12.0,11.1,15.8,16.0,3.8,3.6,5.2,4.6,5.2,5.2,7.0,7.0,1.2,1.6,3.2,2.4,0.75,1.1111111111111112,2.5,1.7777777777777777,15.4,15.2,19.8,24.2,13.0,12.7,10.8,12.9,419.4,377.0,393.6,415.3,331.6,289.9,298.8,326.1,15.6,15.2,19.4,17.1,8.8,10.2,10.0,10.5,53.6,51.2,57.6,56.7,1.2173913043478262,1.1304347826086956,4.478260869565218,4.956521739130435,3.1739130434782608,2.739130434782609,12.608695652173912,14.043478260869565,4.304347826086956,3.8260869565217392,5.869565217391305,6.478260869565218,1.7826086956521738,2.260869565217391,1.2857142857142858,1.619047619047619,18.0,21.043478260869566,12.608695652173912,13.434782608695652,391.7391304347826,382.30434782608694,309.0869565217391,297.0,16.652173913043477,16.652173913043477,9.826086956521738,9.521739130434783,49.21739130434783,52.43478260869565,23
2026-08-29,m_4bNncf,7,t_0rGDE4,Gimnasia LP,VISITANTE,1.0,1.1,2.0,1.3,3.2,3.4,4.2,6.2,3.4,3.2,1.8,2.2,11.2,11.1,17.4,16.2,3.6,3.8,5.4,4.8,5.2,4.9,7.8,6.6,1.4,1.7,3.6,2.6,0.75,1.0,3.0,2.0,13.0,15.0,25.6,26.1,15.8,13.8,9.2,12.1,393.2,374.9,412.4,429.3,305.6,286.9,318.4,337.5,16.4,16.0,22.2,18.5,7.6,10.3,9.8,10.0,54.8,52.4,60.0,57.7,1.2916666666666667,1.1666666666666667,4.333333333333333,5.0,3.1666666666666665,2.625,12.666666666666666,14.166666666666666,4.375,3.9166666666666665,5.875,6.5,1.875,2.375,1.3181818181818181,1.7272727272727273,17.916666666666668,22.166666666666668,13.083333333333334,13.041666666666666,390.75,385.8333333333333,307.5833333333333,300.125,16.833333333333332,17.083333333333332,9.75,9.583333333333334,49.75,52.916666666666664,24
2026-09-05,m_2MnXyo,8,t_0rGDE4,Gimnasia LP,LOCAL,1.4,1.2,2.0,1.4,2.2,3.1,5.6,6.9,3.6,3.3,2.0,2.2,11.4,11.6,17.6,17.0,3.6,3.9,6.2,5.5,5.2,5.2,7.2,6.6,1.75,1.7777777777777777,3.5,2.7777777777777777,1.0,1.0,3.0,2.125,12.6,13.9,25.8,26.3,16.0,14.1,9.6,11.8,327.0,360.6,492.2,453.9,234.4,270.4,395.8,362.2,18.2,16.3,20.0,17.5,10.6,11.3,9.6,9.8,56.8,53.2,61.8,58.1,1.32,1.16,4.28,5.2,3.16,2.6,12.6,14.2,4.32,4.04,5.84,6.48,1.875,2.375,1.3181818181818181,1.7272727272727273,17.64,22.04,13.04,13.04,386.52,394.68,302.6,308.64,17.04,16.84,10.16,9.6,50.16,53.36,25
2026-09-13,m_2tVeMD,9,t_0rGDE4,Gimnasia LP,VISITANTE,1.4,1.2,2.0,1.5,2.4,3.3,5.2,5.9,3.6,3.3,2.2,2.1,12.0,11.8,16.4,16.8,4.2,4.4,6.0,5.5,5.0,4.9,6.4,6.8,2.0,1.8888888888888888,3.25,2.7777777777777777,1.3333333333333333,1.125,2.6666666666666665,2.0,16.6,15.7,25.0,25.8,16.8,14.5,10.4,11.5,320.6,364.7,494.8,440.9,230.4,274.8,404.2,348.1,20.6,16.5,18.6,17.6,10.4,9.8,10.8,10.2,55.2,52.1,59.2,57.9,1.3461538461538463,1.1538461538461537,4.3076923076923075,5.038461538461538,3.1538461538461537,2.6538461538461537,12.653846153846153,14.115384615384615,4.423076923076923,4.0,5.769230769230769,6.5,1.92,2.32,1.3043478260869565,1.6521739130434783,18.153846153846153,21.96153846153846,13.115384615384615,13.076923076923077,384.4230769230769,394.1923076923077,300.7692307692308,308.3076923076923,17.23076923076923,16.653846153846153,9.923076923076923,9.73076923076923,50.26923076923077,53.34615384615385,26
2026-09-19,m_1rGQaB,Clausura - Round 10,t_0rGDE4,Gimnasia LP,LOCAL,1.6,1.2,1.8,1.6,3.4,3.9,5.4,4.5,3.0,2.9,2.4,2.3,12.2,12.5,15.0,15.0,4.2,4.3,5.2,5.2,4.6,5.3,6.8,6.5,2.75,2.0,3.75,3.0,1.5,1.25,2.5,2.125,17.4,17.2,24.2,22.7,14.4,13.8,12.2,12.2,341.6,396.5,472.0,419.6,255.6,305.7,388.6,327.4,21.0,17.2,18.0,18.8,10.8,9.9,10.2,10.5,51.0,52.6,55.8,58.2,1.3333333333333333,1.1481481481481481,4.37037037037037,4.962962962962963,3.074074074074074,2.7037037037037037,12.703703703703704,13.925925925925926,4.333333333333333,3.925925925925926,5.777777777777778,6.518518518518518,1.9615384615384615,2.3461538461538463,1.3333333333333333,1.6666666666666667,18.25925925925926,21.62962962962963,12.851851851851851,13.185185185185185,390.55555555555554,391.18518518518516,306.6666666666667,305.6296296296296,17.25925925925926,16.88888888888889,10.0,9.851851851851851,50.074074074074076,53.2962962962963,27
2026-01-23,m_2wEu9K,1,t_0rsFNq,Lanús,VISITANTE,,,,,,,,,,,,,,,,,,,,,,,,,,,,,,,,,,,,,,,,,,,,,,,,,,,,,,,,,,,,,,,,,,,,,,,,,,,,,,,,,,,,,,,,,,,0
2026-01-29,m_431211,2,t_0rsFNq,Lanús,LOCAL,2.0,2.0,3.0,3.0,6.0,6.0,8.0,8.0,1.0,1.0,4.0,4.0,17.0,17.0,13.0,13.0,4.0,4.0,6.0,6.0,9.0,9.0,7.0,7.0,1.0,1.0,4.0,4.0,0.0,0.0,2.0,2.0,38.0,38.0,16.0,16.0,14.0,14.0,20.0,20.0,395.0,395.0,285.0,285.0,321.0,321.0,209.0,209.0,20.0,20.0,30.0,30.0,10.0,10.0,7.0,7.0,44.0,44.0,40.0,40.0,2.0,3.0,6.0,8.0,1.0,4.0,17.0,13.0,4.0,6.0,9.0,7.0,1.0,4.0,0.0,2.0,38.0,16.0,14.0,20.0,395.0,285.0,321.0,209.0,20.0,30.0,10.0,7.0,44.0,40.0,1
2026-02-04,m_4MfeT3,3,t_0rsFNq,Lanús,VISITANTE,2.0,2.0,2.0,2.0,5.5,5.5,7.5,7.5,2.0,2.0,2.5,2.5,16.0,16.0,14.0,14.0,5.0,5.0,5.5,5.5,7.5,7.5,6.0,6.0,2.0,2.0,2.5,2.5,1.0,1.0,1.5,1.5,31.5,31.5,17.5,17.5,10.5,10.5,14.5,14.5,458.5,458.5,314.0,314.0,378.0,378.0,231.5,231.5,22.0,22.0,23.5,23.5,11.0,11.0,6.0,6.0,49.0,49.0,45.0,45.0,2.0,2.0,5.5,7.5,2.0,2.5,16.0,14.0,5.0,5.5,7.5,6.0,2.0,2.5,1.0,1.5,31.5,17.5,10.5,14.5,458.5,314.0,378.0,231.5,22.0,23.5,11.0,6.0,49.0,45.0,2
2026-02-09,m_0rf9Wx,4,t_0rsFNq,Lanús,LOCAL,2.0,2.0,2.0,2.0,4.666666666666667,4.666666666666667,6.0,6.0,2.3333333333333335,2.3333333333333335,2.6666666666666665,2.6666666666666665,14.333333333333334,14.333333333333334,13.0,13.0,5.666666666666667,5.666666666666667,5.0,5.0,5.666666666666667,5.666666666666667,6.333333333333333,6.333333333333333,2.0,2.0,2.6666666666666665,2.6666666666666665,1.0,1.0,1.6666666666666667,1.6666666666666667,24.333333333333332,24.333333333333332,18.333333333333332,18.333333333333332,12.0,12.0,14.333333333333334,14.333333333333334,432.0,432.0,329.3333333333333,329.3333333333333,353.3333333333333,353.3333333333333,245.33333333333334,245.33333333333334,17.666666666666668,17.666666666666668,20.666666666666668,20.666666666666668,10.333333333333334,10.333333333333334,9.0,9.0,45.666666666666664,45.666666666666664,47.0,47.0,2.0,2.0,4.666666666666667,6.0,2.3333333333333335,2.6666666666666665,14.333333333333334,13.0,5.666666666666667,5.0,5.666666666666667,6.333333333333333,2.0,2.6666666666666665,1.0,1.6666666666666667,24.333333333333332,18.333333333333332,12.0,14.333333333333334,432.0,329.3333333333333,353.3333333333333,245.33333333333334,17.666666666666668,20.666666666666668,10.333333333333334,9.0,45.666666666666664,47.0,3
2026-02-13,m_4CCLV7,5,t_0rsFNq,Lanús,VISITANTE,1.75,1.75,1.75,1.75,3.5,3.5,5.25,5.25,2.0,2.0,2.25,2.25,13.0,13.0,12.75,12.75,5.25,5.25,5.0,5.0,5.25,5.25,5.5,5.5,2.25,2.25,2.25,2.25,1.5,1.5,1.25,1.25,22.25,22.25,17.0,17.0,12.0,12.0,13.75,13.75,440.25,440.25,390.25,390.25,361.0,361.0,304.25,304.25,18.5,18.5,19.5,19.5,9.25,9.25,9.0,9.0,48.5,48.5,50.75,50.75,1.75,1.75,3.5,5.25,2.0,2.25,13.0,12.75,5.25,5.0,5.25,5.5,2.25,2.25,1.5,1.25,22.25,17.0,12.0,13.75,440.25,390.25,361.0,304.25,18.5,19.5,9.25,9.0,48.5,50.75,4
2026-03-02,m_32VFMh,8,t_0rsFNq,Lanús,VISITANTE,1.8,1.8,1.4,1.4,4.2,4.2,4.4,4.4,2.4,2.4,2.2,2.2,13.8,13.8,11.2,11.2,4.8,4.8,4.0,4.0,5.6,5.6,5.2,5.2,2.2,2.2,1.8,1.8,1.4,1.4,1.0,1.0,22.6,22.6,16.0,16.0,13.2,13.2,13.8,13.8,424.6,424.6,388.0,388.0,346.0,346.0,301.4,301.4,17.6,17.6,18.8,18.8,9.4,9.4,9.4,9.4,47.8,47.8,48.6,48.6,1.8,1.4,4.2,4.4,2.4,2.2,13.8,11.2,4.8,4.0,5.6,5.2,2.2,1.8,1.4,1.0,22.6,16.0,13.2,13.8,424.6,388.0,346.0,301.4,17.6,18.8,9.4,9.4,47.8,48.6,5
2026-03-05,m_3bNpUp,7,t_0rsFNq,Lanús,LOCAL,1.6,1.6666666666666667,1.0,1.3333333333333333,4.0,4.333333333333333,3.6,4.333333333333333,2.6,2.3333333333333335,1.8,2.1666666666666665,12.4,13.166666666666666,11.2,11.5,4.6,4.5,3.8,4.166666666666667,4.8,5.5,5.2,5.5,2.4,2.1666666666666665,1.2,1.6666666666666667,1.8,1.5,0.8,1.0,19.0,22.166666666666668,16.0,16.0,12.4,12.666666666666666,11.4,12.833333333333334,452.4,442.8333333333333,415.0,393.3333333333333,372.6,364.0,328.0,308.1666666666667,17.0,17.5,17.0,19.166666666666668,9.8,9.833333333333334,9.8,9.333333333333334,51.6,50.333333333333336,52.2,50.166666666666664,1.6666666666666667,1.3333333333333333,4.333333333333333,4.333333333333333,2.3333333333333335,2.1666666666666665,13.166666666666666,11.5,4.5,4.166666666666667,5.5,5.5,2.1666666666666665,1.6666666666666667,1.5,1.0,22.166666666666668,16.0,12.666666666666666,12.833333333333334,442.8333333333333,393.3333333333333,364.0,308.1666666666667,17.5,19.166666666666668,9.833333333333334,9.333333333333334,50.333333333333336,50.166666666666664,6
2026-03-13,m_2rfIEE,10,t_0rsFNq,Lanús,VISITANTE,1.2,1.4285714285714286,1.4,1.5714285714285714,4.6,4.857142857142857,2.4,3.857142857142857,2.6,2.4285714285714284,2.2,2.2857142857142856,11.2,12.571428571428571,10.4,11.428571428571429,3.8,4.142857142857143,3.8,4.285714285714286,4.6,5.428571428571429,5.0,5.285714285714286,2.0,2.0,1.4,1.7142857142857142,1.6,1.4285714285714286,0.6,0.8571428571428571,17.2,21.285714285714285,15.6,16.142857142857142,12.8,12.142857142857142,11.2,12.142857142857142,443.2,447.57142857142856,452.8,413.14285714285717,363.6,367.7142857142857,365.4,327.14285714285717,13.2,15.714285714285714,18.4,19.857142857142858,9.2,9.714285714285714,10.6,9.285714285714286,51.8,51.0,53.2,50.857142857142854,1.4285714285714286,1.5714285714285714,4.857142857142857,3.857142857142857,2.4285714285714284,2.2857142857142856,12.571428571428571,11.428571428571429,4.142857142857143,4.285714285714286,5.428571428571429,5.285714285714286,2.0,1.7142857142857142,1.4285714285714286,0.8571428571428571,21.285714285714285,16.142857142857142,12.142857142857142,12.142857142857142,447.57142857142856,413.14285714285717,367.7142857142857,327.14285714285717,15.714285714285714,19.857142857142858,9.714285714285714,9.285714285714286,51.0,50.857142857142854,7
2026-03-17,m_1sCl2u,11,t_0rsFNq,Lanús,LOCAL,1.0,1.375,1.0,1.375,5.0,4.875,3.2,4.25,2.4,2.375,2.2,2.375,10.4,11.875,11.6,12.125,2.8,3.875,3.6,4.125,4.6,5.0,4.8,5.375,1.8,1.875,0.8,1.5,1.75,1.4285714285714286,0.25,0.8571428571428571,19.0,21.0,15.0,16.25,12.4,12.25,9.8,11.5,442.8,438.75,481.2,424.25,364.6,360.375,396.2,339.625,13.4,15.0,18.0,19.0,9.4,9.75,9.2,9.125,53.2,50.375,51.4,49.75,1.375,1.375,4.875,4.25,2.375,2.375,11.875,12.125,3.875,4.125,5.0,5.375,1.875,1.5,1.4285714285714286,0.8571428571428571,21.0,16.25,12.25,11.5,438.75,424.25,360.375,339.625,15.0,19.0,9.75,9.125,50.375,49.75,8
2026-03-21,m_1CaySw,12,t_0rsFNq,Lanús,VISITANTE,1.8,1.7777777777777777,0.8,1.2222222222222223,6.4,5.111111111111111,2.6,3.7777777777777777,2.6,2.3333333333333335,2.0,2.111111111111111,11.4,12.11111111111111,10.2,11.333333333333334,3.4,4.222222222222222,3.0,3.888888888888889,4.4,4.777777777777778,4.6,5.0,2.2,2.2222222222222223,0.6,1.3333333333333333,1.5,1.5,0.25,0.75,20.8,21.444444444444443,14.0,15.333333333333334,12.4,12.222222222222221,8.8,11.0,462.8,452.77777777777777,432.6,413.77777777777777,390.6,377.44444444444446,355.2,332.55555555555554,12.0,14.88888888888889,18.4,18.88888888888889,8.4,8.777777777777779,8.8,8.88888888888889,50.8,49.77777777777778,46.4,48.333333333333336,1.7777777777777777,1.2222222222222223,5.111111111111111,3.7777777777777777,2.3333333333333335,2.111111111111111,12.11111111111111,11.333333333333334,4.222222222222222,3.888888888888889,4.777777777777778,5.0,2.2222222222222223,1.3333333333333333,1.5,0.75,21.444444444444443,15.333333333333334,12.222222222222221,11.0,452.77777777777777,413.77777777777777,377.44444444444446,332.55555555555554,14.88888888888889,18.88888888888889,8.777777777777779,8.88888888888889,49.77777777777778,48.333333333333336,9
2026-03-27,m_1c9W0N,6,t_0rsFNq,Lanús,VISITANTE,1.4,1.6,1.0,1.2,5.8,5.0,2.8,3.6,2.0,2.2,2.2,2.2,10.0,11.9,12.4,11.8,3.8,4.3,4.4,4.2,4.0,4.8,5.0,5.1,2.25,2.2222222222222223,0.75,1.3333333333333333,1.6666666666666667,1.5,0.3333333333333333,0.75,19.6,21.1,15.8,15.9,11.2,12.2,9.6,11.7,488.6,456.6,424.8,406.4,412.4,379.2,344.8,323.1,12.8,15.2,18.0,18.4,8.8,9.1,8.0,8.7,52.6,50.2,49.8,49.2,1.6,1.2,5.0,3.6,2.2,2.2,11.9,11.8,4.3,4.2,4.8,5.1,2.2222222222222223,1.3333333333333333,1.5,0.75,21.1,15.9,12.2,11.7,456.6,406.4,379.2,323.1,15.2,18.4,9.1,8.7,50.2,49.2,10
2026-04-01,m_4fH8lA,13,t_0rsFNq,Lanús,LOCAL,1.6,1.6,1.0,1.0,6.2,5.1,2.2,2.9,2.0,2.3,2.6,2.2,11.2,11.8,12.0,11.6,4.2,4.4,3.6,3.7,4.2,4.5,5.0,5.1,2.5,2.4444444444444446,1.0,1.1111111111111112,1.3333333333333333,1.625,0.3333333333333333,0.625,22.0,20.5,15.8,15.9,11.2,11.8,10.8,11.1,497.0,474.7,410.8,412.9,420.2,396.4,327.4,327.7,12.2,14.6,16.4,16.7,9.0,9.4,8.6,9.2,51.0,51.3,48.2,50.2,1.6363636363636365,1.1818181818181819,5.181818181818182,3.3636363636363638,2.1818181818181817,2.3636363636363638,12.272727272727273,11.727272727272727,4.363636363636363,3.909090909090909,4.909090909090909,5.2727272727272725,2.3,1.4,1.4444444444444444,0.7777777777777778,22.09090909090909,15.909090909090908,12.0,11.909090909090908,467.45454545454544,401.27272727272725,389.54545454545456,316.90909090909093,15.090909090909092,17.90909090909091,9.454545454545455,9.0,50.63636363636363,49.27272727272727,11
2026-04-13,m_2pE60O,14,t_0rsFNq,Lanús,LOCAL,1.6,1.4,0.4,0.9,4.8,4.7,2.4,2.4,1.6,2.1,2.4,2.3,11.8,11.5,10.4,10.4,4.0,3.9,2.6,3.2,4.4,4.5,4.4,4.7,2.5,2.2222222222222223,0.5,1.0,1.3333333333333333,1.5,0.3333333333333333,0.5,22.6,19.9,13.2,14.4,10.6,11.7,11.4,11.3,506.8,475.0,378.6,415.7,430.8,397.2,297.6,331.5,14.0,13.6,15.6,17.0,9.0,9.1,9.2,9.9,50.4,51.1,48.0,50.6,1.5,1.0833333333333333,4.833333333333333,3.25,2.0833333333333335,2.3333333333333335,12.25,11.0,4.083333333333333,3.5833333333333335,5.0,4.916666666666667,2.1818181818181817,1.2727272727272727,1.4,0.7,21.833333333333332,14.916666666666666,11.5,11.833333333333334,472.25,398.75,394.0,314.8333333333333,15.0,18.083333333333332,9.416666666666666,9.25,50.75,49.666666666666664,12
2026-04-21,m_2riSvt,15,t_0rsFNq,Lanús,VISITANTE,1.6,1.3,0.4,0.7,4.8,4.9,1.2,2.2,2.0,2.2,2.6,2.4,14.0,12.2,9.4,10.5,4.4,3.6,2.6,3.1,5.2,4.9,4.4,4.6,2.5,2.111111111111111,0.5,0.6666666666666666,1.3333333333333333,1.5714285714285714,0.3333333333333333,0.2857142857142857,21.8,20.4,11.4,13.2,11.8,12.1,12.0,10.9,540.0,491.4,333.4,407.3,463.4,414.0,255.2,325.7,15.2,14.3,16.8,17.4,8.4,8.9,10.6,9.9,52.2,52.7,50.6,51.0,1.4615384615384615,1.0,4.846153846153846,3.076923076923077,2.230769230769231,2.4615384615384617,12.692307692307692,11.076923076923077,4.076923076923077,3.5384615384615383,5.076923076923077,5.0,2.0833333333333335,1.1666666666666667,1.4,0.7,21.307692307692307,14.384615384615385,12.076923076923077,11.692307692307692,477.6923076923077,389.3076923076923,400.0,307.15384615384613,15.076923076923077,18.153846153846153,9.23076923076923,9.692307692307692,51.07692307692308,50.07692307692308,13
2026-04-24,m_3JTbLz,16,t_0rsFNq,Lanús,LOCAL,0.8,1.3,0.4,0.6,4.6,5.5,1.4,2.0,1.8,2.2,3.6,2.8,15.0,13.2,10.0,10.1,3.8,3.6,2.2,2.6,5.8,5.1,5.0,4.8,2.0,2.111111111111111,0.75,0.6666666666666666,1.3333333333333333,1.4285714285714286,0.6666666666666666,0.42857142857142855,19.4,20.1,12.6,13.3,12.8,12.6,14.2,11.5,483.6,473.2,346.4,389.5,400.8,395.7,262.8,309.0,15.0,13.5,16.2,17.3,10.2,9.3,10.2,9.5,52.0,51.4,53.8,50.1,1.4285714285714286,0.9285714285714286,4.928571428571429,2.9285714285714284,2.142857142857143,2.642857142857143,13.142857142857142,10.857142857142858,4.071428571428571,3.2857142857142856,5.142857142857143,5.0,2.1538461538461537,1.1538461538461537,1.4545454545454546,0.7272727272727273,20.714285714285715,14.357142857142858,12.428571428571429,12.142857142857142,463.7857142857143,389.7142857142857,385.7857142857143,307.64285714285717,14.928571428571429,17.928571428571427,9.285714285714286,9.357142857142858,50.57142857142857,50.285714285714285,14
2026-05-02,m_1XEoaS,9,t_0rsFNq,Lanús,LOCAL,0.8,1.1,0.2,0.6,4.8,5.3,1.6,2.2,1.8,1.9,3.4,2.8,16.0,13.0,8.6,10.5,3.8,3.8,1.4,2.9,6.4,5.2,4.4,4.7,2.2,2.2222222222222223,1.4,1.1111111111111112,1.75,1.7142857142857142,1.5,1.0,21.4,20.5,10.6,13.2,12.6,11.9,14.0,11.8,506.2,497.4,341.8,383.3,424.2,418.3,258.4,301.6,13.6,13.2,18.0,18.0,10.0,9.4,11.6,9.8,53.6,53.1,55.0,52.4,1.3333333333333333,0.8666666666666667,4.933333333333334,2.933333333333333,2.066666666666667,2.6,13.266666666666667,10.733333333333333,4.133333333333334,3.2666666666666666,5.333333333333333,4.866666666666666,2.2142857142857144,1.3571428571428572,1.5833333333333333,1.0,21.2,14.133333333333333,12.333333333333334,12.466666666666667,473.1333333333333,384.8666666666667,394.2,301.53333333333336,14.666666666666666,18.266666666666666,9.4,9.666666666666666,51.333333333333336,51.13333333333333,15
2026-05-10,m_2t96qK,1/8,t_0rsFNq,Lanús,VISITANTE,0.4,1.0,0.0,0.5,4.2,5.2,2.8,2.5,1.8,1.9,3.2,2.9,15.2,13.2,7.4,9.7,4.2,4.2,1.6,2.6,6.0,5.1,3.4,4.2,2.0,2.2222222222222223,1.0,1.0,2.0,1.7142857142857142,1.25,0.8571428571428571,19.0,20.5,9.4,12.6,13.4,12.3,15.2,13.0,507.0,502.0,317.6,364.2,417.2,418.7,229.0,278.2,13.6,12.9,19.8,18.1,10.0,9.5,11.0,9.8,55.0,53.0,56.8,52.5,1.25,0.8125,4.875,3.1875,2.0625,2.625,13.1875,10.375,4.3125,3.1875,5.25,4.6875,2.2,1.2666666666666666,1.6153846153846154,0.9230769230769231,21.125,13.875,12.4375,12.9375,479.8125,375.125,398.1875,289.4375,14.625,18.5,9.625,9.625,52.0,51.625,16
2026-07-26,m_1aviF3,1,t_0rsFNq,Lanús,LOCAL,0.4,1.0,0.4,0.4,4.4,4.6,3.0,2.7,2.4,2.0,3.4,2.9,14.6,13.2,10.0,10.2,4.6,4.3,3.2,2.9,5.2,4.8,4.6,4.5,2.2,2.3333333333333335,1.2,0.8888888888888888,2.25,1.8571428571428572,1.5,1.0,20.4,21.5,11.6,12.4,15.4,13.0,15.4,13.4,486.0,496.4,324.2,351.4,392.4,411.6,234.8,266.2,15.2,14.6,20.0,17.8,9.6,9.3,11.4,10.3,56.8,53.6,58.4,53.2,1.1764705882352942,0.8823529411764706,4.705882352941177,3.176470588235294,2.176470588235294,2.6470588235294117,12.941176470588236,10.705882352941176,4.235294117647059,3.4705882352941178,5.0588235294117645,4.823529411764706,2.1875,1.25,1.6428571428571428,0.9285714285714286,21.41176470588235,13.941176470588236,12.647058823529411,12.882352941176471,476.29411764705884,376.8235294117647,393.52941176470586,291.29411764705884,15.058823529411764,18.647058823529413,9.470588235294118,9.882352941176471,52.529411764705884,52.23529411764706,17
2026-08-03,m_2EBOtR,3,t_0rsFNq,Lanús,LOCAL,0.4,1.0,0.4,0.4,5.0,4.9,3.2,2.2,2.2,2.1,3.2,2.9,15.6,14.8,10.0,9.7,5.8,5.1,3.6,3.1,5.6,5.4,4.8,4.6,2.6,2.5555555555555554,1.4,1.0,2.2,1.875,1.4,1.0,25.4,23.6,13.2,12.3,14.6,13.2,16.0,14.0,468.2,504.1,359.4,346.4,372.4,417.9,262.6,258.9,16.4,15.8,19.4,18.1,10.2,9.3,9.4,10.0,55.2,53.7,57.2,53.9,1.1666666666666667,0.8333333333333334,4.888888888888889,3.111111111111111,2.2222222222222223,2.6666666666666665,13.5,10.777777777777779,4.555555555555555,3.5555555555555554,5.222222222222222,4.944444444444445,2.235294117647059,1.2352941176470589,1.6666666666666667,0.9333333333333333,22.444444444444443,14.055555555555555,12.777777777777779,12.88888888888889,475.05555555555554,381.0,392.3333333333333,294.77777777777777,15.444444444444445,18.5,9.5,9.61111111111111,52.22222222222222,52.05555555555556,18
2026-08-06,m_1wAs6k,2,t_0rsFNq,Lanús,VISITANTE,0.2,0.5,0.6,0.5,5.2,4.9,4.4,2.9,2.2,2.0,2.8,3.2,14.8,14.9,12.2,11.1,5.6,4.7,5.0,3.6,5.8,5.8,5.0,5.0,2.4,2.2222222222222223,1.4,1.1111111111111112,2.2,1.875,1.2,1.0,26.2,22.8,15.2,13.9,12.2,12.5,15.6,14.9,523.0,503.3,346.4,346.4,425.8,413.3,250.4,256.6,17.4,16.2,20.4,18.3,10.4,10.3,10.2,10.2,56.6,54.3,59.0,56.4,1.105263157894737,0.8421052631578947,5.0,3.3157894736842106,2.1578947368421053,2.6842105263157894,13.578947368421053,11.210526315789474,4.473684210526316,3.736842105263158,5.315789473684211,5.0,2.2222222222222223,1.2222222222222223,1.6875,0.875,22.157894736842106,14.578947368421053,12.368421052631579,13.052631578947368,479.36842105263156,378.3157894736842,396.3157894736842,292.57894736842104,15.578947368421053,18.57894736842105,9.578947368421053,9.578947368421053,52.1578947368421,52.578947368421055,19
2026-08-12,m_4f6yGZ,4,t_0rsFNq,Lanús,VISITANTE,0.6,0.7,0.8,0.5,5.0,4.9,4.2,2.9,2.0,1.9,3.0,3.2,14.0,15.0,12.4,10.5,5.2,4.5,4.8,3.1,5.4,5.9,5.6,5.0,1.8,2.0,0.8,1.1,2.0,1.875,0.5,1.0,23.4,22.4,16.0,13.3,11.2,11.9,13.6,13.8,470.2,488.2,382.6,362.2,371.0,397.6,289.2,273.8,20.2,16.9,19.4,18.7,10.6,10.3,8.8,10.2,56.2,54.9,57.8,56.4,1.15,0.85,4.95,3.25,2.05,2.7,13.45,11.15,4.4,3.65,5.35,5.05,2.1052631578947367,1.2105263157894737,1.6875,0.875,21.75,14.6,12.05,12.75,472.4,384.3,388.4,298.45,16.05,18.55,9.7,9.45,52.55,52.8,20
2026-08-17,m_1E7Dux,5,t_0rsFNq,Lanús,LOCAL,0.6,0.5,1.4,0.7,4.6,4.4,3.8,3.3,2.0,1.9,2.8,3.0,15.2,15.2,16.0,11.7,5.2,4.7,5.8,3.7,6.4,6.2,6.8,5.1,1.6,1.8,1.4,1.2,1.75,1.875,0.75,1.0,24.8,21.9,20.4,14.9,9.2,11.3,11.4,13.3,481.6,494.3,419.2,368.4,391.2,404.2,334.6,281.8,18.8,16.2,16.8,18.3,9.2,9.6,8.8,9.9,53.4,54.2,57.0,56.9,1.0952380952380953,0.9523809523809523,4.809523809523809,3.3333333333333335,2.0476190476190474,2.6666666666666665,13.666666666666666,11.714285714285714,4.523809523809524,3.8095238095238093,5.523809523809524,5.190476190476191,2.05,1.3,1.6470588235294117,0.8823529411764706,22.0,15.428571428571429,11.666666666666666,12.571428571428571,480.23809523809524,385.6190476190476,396.5238095238095,300.1904761904762,15.619047619047619,18.095238095238095,9.523809523809524,9.428571428571429,52.333333333333336,52.904761904761905,21
2026-08-25,m_38XAFZ,6,t_0rsFNq,Lanús,LOCAL,0.8,0.6,1.6,1.0,6.2,5.3,4.2,3.6,1.6,2.0,2.8,3.1,17.6,16.1,15.6,12.8,5.8,5.2,5.0,4.1,8.4,6.8,6.6,5.6,1.4,1.8,1.6,1.4,1.5,1.875,0.5,1.0,26.2,23.3,21.6,16.6,9.6,12.5,11.2,13.3,477.0,481.5,414.0,369.1,389.6,391.0,327.8,281.3,19.0,17.1,16.8,18.4,10.0,9.8,7.8,9.6,51.4,54.1,53.8,56.1,1.0909090909090908,1.0454545454545454,5.045454545454546,3.409090909090909,2.0454545454545454,2.6818181818181817,14.0,11.818181818181818,4.590909090909091,3.8181818181818183,5.818181818181818,5.2272727272727275,2.0,1.3333333333333333,1.6111111111111112,0.8333333333333334,22.5,15.681818181818182,11.954545454545455,12.5,476.45454545454544,385.27272727272725,392.6363636363636,299.59090909090907,15.954545454545455,18.227272727272727,9.590909090909092,9.409090909090908,52.27272727272727,52.59090909090909,22
2026-08-29,m_0rmcr6,7,t_0rsFNq,Lanús,VISITANTE,0.8,0.6,1.8,1.1,5.6,5.3,4.2,3.7,1.2,1.7,2.2,2.7,15.8,15.7,16.2,13.1,5.4,5.6,4.8,4.2,7.6,6.6,6.6,5.7,1.2,1.9,1.8,1.6,1.25,1.7777777777777777,0.5,1.0,20.6,23.0,21.4,17.3,8.2,11.4,10.0,13.0,462.4,465.3,444.4,401.9,373.2,372.8,359.8,311.2,17.8,17.1,17.4,18.4,10.4,10.3,9.0,9.2,53.0,54.1,53.6,55.4,1.0869565217391304,1.0434782608695652,5.043478260869565,3.347826086956522,2.0,2.5652173913043477,14.0,11.956521739130435,4.739130434782608,3.8260869565217392,5.739130434782608,5.304347826086956,2.0,1.3636363636363635,1.5789473684210527,0.8421052631578947,22.043478260869566,15.652173913043478,11.782608695652174,12.26086956521739,472.30434782608694,394.7826086956522,388.17391304347825,308.9130434782609,15.956521739130435,18.26086956521739,9.695652173913043,9.478260869565217,52.391304347826086,52.391304347826086,23
2026-09-06,m_0NaY2x,8,t_0rsFNq,Lanús,LOCAL,1.0,0.6,1.6,1.1,6.4,5.8,3.4,3.9,1.4,1.8,1.8,2.3,16.6,15.7,14.4,13.3,5.6,5.6,3.8,4.4,7.6,6.7,6.4,5.7,1.2,1.8,2.2,1.8,1.0,1.6666666666666667,1.25,1.2222222222222223,20.8,23.5,22.0,18.6,8.8,10.5,9.8,12.7,458.8,490.9,456.8,401.6,370.0,397.9,370.0,310.2,18.0,17.7,18.8,19.6,10.6,10.5,9.4,9.8,55.2,55.9,55.2,57.1,1.0833333333333333,1.0,5.291666666666667,3.3333333333333335,2.0,2.5,14.208333333333334,11.875,4.708333333333333,3.75,5.791666666666667,5.291666666666667,2.0,1.434782608695652,1.55,0.95,21.875,16.125,11.625,12.375,475.0833333333333,394.6666666666667,390.8333333333333,308.7083333333333,16.083333333333332,18.625,9.791666666666666,9.541666666666666,52.791666666666664,53.125,24
2026-09-14,m_0AnTKr,9,t_0rsFNq,Lanús,VISITANTE,0.8,0.7,1.4,1.1,7.0,6.0,3.8,4.0,2.0,2.0,1.4,2.2,17.4,15.7,14.6,13.5,6.0,5.6,4.0,4.4,7.8,6.6,6.2,5.9,1.6,1.7,2.2,1.5,1.0,1.4444444444444444,1.2,0.8888888888888888,22.6,23.0,22.8,19.4,10.4,10.8,10.6,12.1,486.2,478.2,464.6,423.6,398.6,384.8,369.4,329.3,16.6,18.4,19.2,19.3,11.4,11.0,10.0,9.4,58.8,57.5,58.0,57.9,1.08,0.96,5.36,3.36,2.04,2.44,14.24,11.84,4.72,3.72,5.84,5.28,2.0,1.4166666666666667,1.5238095238095237,0.9523809523809523,21.92,16.24,11.72,12.32,475.16,400.36,390.44,312.64,16.16,18.68,10.04,9.56,53.8,53.84,25
2026-09-14,m_2vy6Yj,Clausura - Round 9,t_0rsFNq,Lanús,VISITANTE,1.4,1.0,0.8,1.1,7.4,6.0,3.6,3.7,1.8,1.9,1.4,2.1,16.0,15.6,14.6,15.3,5.8,5.5,3.8,4.8,6.8,6.6,6.0,6.4,2.0,1.8,1.8,1.6,1.0,1.3333333333333333,1.2,1.0,21.2,23.0,22.0,21.2,11.2,10.2,12.4,11.9,464.2,472.9,441.6,430.4,368.0,379.6,340.8,337.7,17.4,18.1,21.0,18.9,11.6,10.4,10.2,9.5,63.0,58.2,60.0,58.5,1.1538461538461537,0.9230769230769231,5.3076923076923075,3.3846153846153846,2.0,2.423076923076923,14.115384615384615,12.26923076923077,4.769230769230769,3.8076923076923075,5.769230769230769,5.346153846153846,2.04,1.4,1.5,0.9545454545454546,21.846153846153847,16.692307692307693,11.576923076923077,12.538461538461538,477.15384615384613,396.38461538461536,391.03846153846155,308.0,15.961538461538462,18.653846153846153,9.923076923076923,9.576923076923077,54.38461538461539,54.26923076923077,26
2026-09-22,m_0Feldm,Clausura - Round 10,t_0rsFNq,Lanús,LOCAL,1.8,1.3,0.2,0.9,6.2,6.2,3.4,3.8,1.6,1.6,1.2,2.0,14.0,15.8,16.4,16.0,5.8,5.8,4.2,4.6,5.2,6.8,6.2,6.4,2.4,1.9,1.6,1.6,1.0,1.2222222222222223,1.4,1.0,18.6,22.4,23.4,22.5,9.2,9.4,13.8,12.5,490.2,483.6,425.4,419.7,387.0,388.3,321.8,324.8,15.0,17.0,20.4,18.6,10.8,10.4,10.4,9.1,66.6,59.0,63.8,58.8,1.2222222222222223,0.8888888888888888,5.2592592592592595,3.4074074074074074,1.962962962962963,2.4074074074074074,14.0,12.666666666666666,4.814814814814815,3.888888888888889,5.703703703703703,5.407407407407407,2.076923076923077,1.3846153846153846,1.4782608695652173,0.9565217391304348,21.77777777777778,17.11111111111111,11.444444444444445,12.74074074074074,479.0,392.7037037037037,391.5925925925926,303.7037037037037,15.777777777777779,18.62962962962963,9.814814814814815,9.592592592592593,54.925925925925924,54.666666666666664,27
2026-01-22,m_0MqdAY,1,t_1DVMAZ,Defensa y Justicia,VISITANTE,,,,,,,,,,,,,,,,,,,,,,,,,,,,,,,,,,,,,,,,,,,,,,,,,,,,,,,,,,,,,,,,,,,,,,,,,,,,,,,,,,,,,,,,,,,0
2026-01-29,m_20gfAy,2,t_1DVMAZ,Defensa y Justicia,VISITANTE,0.0,0.0,0.0,0.0,4.0,4.0,4.0,4.0,4.0,4.0,0.0,0.0,9.0,9.0,10.0,10.0,3.0,3.0,2.0,2.0,5.0,5.0,5.0,5.0,0.0,0.0,1.0,1.0,0.0,0.0,1.0,1.0,17.0,17.0,16.0,16.0,18.0,18.0,6.0,6.0,244.0,244.0,301.0,301.0,167.0,167.0,211.0,211.0,19.0,19.0,17.0,17.0,5.0,5.0,12.0,12.0,43.0,43.0,38.0,38.0,0.0,0.0,4.0,4.0,4.0,0.0,9.0,10.0,3.0,2.0,5.0,5.0,0.0,1.0,0.0,1.0,17.0,16.0,18.0,6.0,244.0,301.0,167.0,211.0,19.0,17.0,5.0,12.0,43.0,38.0,1
2026-02-02,m_0cs8S8,3,t_1DVMAZ,Defensa y Justicia,LOCAL,0.0,0.0,0.5,0.5,4.0,4.0,3.5,3.5,4.5,4.5,1.5,1.5,10.5,10.5,7.5,7.5,2.5,2.5,2.5,2.5,6.0,6.0,3.5,3.5,1.0,1.0,1.0,1.0,1.0,1.0,0.5,0.5,21.0,21.0,13.5,13.5,18.5,18.5,8.0,8.0,288.5,288.5,297.0,297.0,196.0,196.0,203.0,203.0,18.5,18.5,13.5,13.5,9.5,9.5,10.5,10.5,44.5,44.5,43.5,43.5,0.0,0.5,4.0,3.5,4.5,1.5,10.5,7.5,2.5,2.5,6.0,3.5,1.0,1.0,1.0,0.5,21.0,13.5,18.5,8.0,288.5,297.0,196.0,203.0,18.5,13.5,9.5,10.5,44.5,43.5,2
2026-02-08,m_1hisDs,4,t_1DVMAZ,Defensa y Justicia,VISITANTE,0.0,0.0,0.3333333333333333,0.3333333333333333,3.6666666666666665,3.6666666666666665,2.3333333333333335,2.3333333333333335,3.3333333333333335,3.3333333333333335,1.6666666666666667,1.6666666666666667,11.666666666666666,11.666666666666666,8.0,8.0,3.6666666666666665,3.6666666666666665,2.0,2.0,6.0,6.0,4.333333333333333,4.333333333333333,1.3333333333333333,1.3333333333333333,0.6666666666666666,0.6666666666666666,1.3333333333333333,1.3333333333333333,0.3333333333333333,0.3333333333333333,19.666666666666668,19.666666666666668,11.666666666666666,11.666666666666666,15.0,15.0,8.0,8.0,346.0,346.0,290.6666666666667,290.6666666666667,267.0,267.0,205.33333333333334,205.33333333333334,15.666666666666666,15.666666666666666,14.333333333333334,14.333333333333334,8.333333333333334,8.333333333333334,8.333333333333334,8.333333333333334,42.666666666666664,42.666666666666664,40.333333333333336,40.333333333333336,0.0,0.3333333333333333,3.6666666666666665,2.3333333333333335,3.3333333333333335,1.6666666666666667,11.666666666666666,8.0,3.6666666666666665,2.0,6.0,4.333333333333333,1.3333333333333333,0.6666666666666666,1.3333333333333333,0.3333333333333333,19.666666666666668,11.666666666666666,15.0,8.0,346.0,290.6666666666667,267.0,205.33333333333334,15.666666666666666,14.333333333333334,8.333333333333334,8.333333333333334,42.666666666666664,40.333333333333336,3
2026-02-14,m_0Wq4zM,5,t_1DVMAZ,Defensa y Justicia,LOCAL,0.5,0.5,1.0,1.0,4.5,4.5,2.0,2.0,3.5,3.5,1.5,1.5,14.5,14.5,7.0,7.0,4.5,4.5,2.25,2.25,7.25,7.25,3.5,3.5,1.75,1.75,1.25,1.25,1.25,1.25,0.25,0.25,23.5,23.5,11.25,11.25,15.75,15.75,9.5,9.5,330.0,330.0,272.25,272.25,251.75,251.75,186.5,186.5,14.75,14.75,16.25,16.25,7.25,7.25,10.25,10.25,44.0,44.0,39.75,39.75,0.5,1.0,4.5,2.0,3.5,1.5,14.5,7.0,4.5,2.25,7.25,3.5,1.75,1.25,1.25,0.25,23.5,11.25,15.75,9.5,330.0,272.25,251.75,186.5,14.75,16.25,7.25,10.25,44.0,39.75,4
2026-02-20,m_16ojkM,6,t_1DVMAZ,Defensa y Justicia,LOCAL,0.6,0.6,1.0,1.0,4.6,4.6,1.8,1.8,3.2,3.2,1.6,1.6,12.8,12.8,8.0,8.0,4.0,4.0,2.2,2.2,6.0,6.0,4.8,4.8,1.6,1.6,1.2,1.2,1.2,1.2,0.2,0.2,21.0,21.0,14.2,14.2,15.4,15.4,9.6,9.6,322.0,322.0,330.6,330.6,244.0,244.0,242.2,242.2,15.4,15.4,15.8,15.8,9.6,9.6,8.8,8.8,46.2,46.2,43.0,43.0,0.6,1.0,4.6,1.8,3.2,1.6,12.8,8.0,4.0,2.2,6.0,4.8,1.6,1.2,1.2,0.2,21.0,14.2,15.4,9.6,322.0,330.6,244.0,242.2,15.4,15.8,9.6,8.8,46.2,43.0,5
2026-02-24,m_1pWCHs,7,t_1DVMAZ,Defensa y Justicia,VISITANTE,0.8,0.6666666666666666,1.2,1.0,4.8,4.666666666666667,1.6,2.0,2.8,3.0,2.2,1.8333333333333333,13.2,12.5,8.6,8.833333333333334,4.0,3.8333333333333335,2.4,2.3333333333333335,6.2,6.0,5.4,5.333333333333333,2.2,1.8333333333333333,1.4,1.3333333333333333,1.6,1.3333333333333333,0.4,0.5,20.0,19.5,15.0,15.166666666666666,13.2,14.0,10.2,9.5,362.8,343.0,338.6,332.3333333333333,285.6,265.8333333333333,251.6,244.83333333333334,14.6,15.333333333333334,16.2,16.333333333333332,11.2,10.166666666666666,9.2,9.666666666666666,46.6,46.0,43.8,42.833333333333336,0.6666666666666666,1.0,4.666666666666667,2.0,3.0,1.8333333333333333,12.5,8.833333333333334,3.8333333333333335,2.3333333333333335,6.0,5.333333333333333,1.8333333333333333,1.3333333333333333,1.3333333333333333,0.5,19.5,15.166666666666666,14.0,9.5,343.0,332.3333333333333,265.8333333333333,244.83333333333334,15.333333333333334,16.333333333333332,10.166666666666666,9.666666666666666,46.0,42.833333333333336,6
2026-03-02,m_32VFMh,8,t_1DVMAZ,Defensa y Justicia,LOCAL,0.8,0.5714285714285714,1.0,0.8571428571428571,5.0,4.714285714285714,1.6,2.142857142857143,2.2,2.857142857142857,2.0,1.8571428571428572,12.8,12.142857142857142,9.4,8.857142857142858,3.8,3.4285714285714284,2.2,2.2857142857142856,5.6,5.714285714285714,6.0,5.285714285714286,2.0,1.7142857142857142,1.6,1.4285714285714286,1.4,1.2857142857142858,0.8,0.7142857142857143,18.6,19.285714285714285,15.0,14.571428571428571,10.8,13.0,9.6,9.142857142857142,367.6,345.0,358.0,340.57142857142856,298.0,268.85714285714283,277.4,256.14285714285717,13.8,15.142857142857142,18.6,17.142857142857142,10.2,10.0,7.8,8.571428571428571,48.0,47.0,44.6,44.285714285714285,0.5714285714285714,0.8571428571428571,4.714285714285714,2.142857142857143,2.857142857142857,1.8571428571428572,12.142857142857142,8.857142857142858,3.4285714285714284,2.2857142857142856,5.714285714285714,5.285714285714286,1.7142857142857142,1.4285714285714286,1.2857142857142858,0.7142857142857143,19.285714285714285,14.571428571428571,13.0,9.142857142857142,345.0,340.57142857142856,268.85714285714283,256.14285714285717,15.142857142857142,17.142857142857142,10.0,8.571428571428571,47.0,44.285714285714285,7
2026-03-12,m_3FHq0X,10,t_1DVMAZ,Defensa y Justicia,LOCAL,1.0,0.625,1.2,0.875,5.2,4.625,2.6,2.5,2.4,2.75,2.0,1.875,12.6,12.25,9.6,9.0,3.6,3.625,2.6,2.375,5.8,5.875,5.8,5.25,1.8,1.625,2.0,1.5,1.2,1.25,1.2,0.875,18.4,18.875,17.4,15.25,10.8,12.375,10.0,9.25,359.4,354.375,409.2,364.75,284.6,278.0,326.2,280.875,16.0,15.875,18.8,17.125,10.8,9.875,9.4,9.0,51.8,48.375,50.4,46.625,0.625,0.875,4.625,2.5,2.75,1.875,12.25,9.0,3.625,2.375,5.875,5.25,1.625,1.5,1.25,0.875,18.875,15.25,12.375,9.25,354.375,364.75,278.0,280.875,15.875,17.125,9.875,9.0,48.375,46.625,8
2026-03-16,m_2pi43m,11,t_1DVMAZ,Defensa y Justicia,VISITANTE,0.8,0.6666666666666666,0.8,0.8888888888888888,4.8,4.666666666666667,2.8,2.4444444444444446,2.2,2.7777777777777777,2.2,1.8888888888888888,10.2,12.11111111111111,10.4,8.88888888888889,3.4,3.888888888888889,3.0,2.6666666666666665,4.4,5.666666666666667,6.2,5.0,1.6,1.6666666666666667,2.0,1.6666666666666667,1.2,1.2222222222222223,1.6,1.0,15.2,18.88888888888889,18.2,15.11111111111111,10.0,12.555555555555555,9.2,9.333333333333334,387.4,361.8888888888889,431.0,360.44444444444446,314.8,286.77777777777777,353.4,279.22222222222223,16.4,15.666666666666666,18.4,17.444444444444443,11.8,9.777777777777779,7.2,8.555555555555555,51.6,48.22222222222222,51.8,46.44444444444444,0.6666666666666666,0.8888888888888888,4.666666666666667,2.4444444444444446,2.7777777777777777,1.8888888888888888,12.11111111111111,8.88888888888889,3.888888888888889,2.6666666666666665,5.666666666666667,5.0,1.6666666666666667,1.6666666666666667,1.2222222222222223,1.0,18.88888888888889,15.11111111111111,12.555555555555555,9.333333333333334,361.8888888888889,360.44444444444446,286.77777777777777,279.22222222222223,15.666666666666666,17.444444444444443,9.777777777777779,8.555555555555555,48.22222222222222,46.44444444444444,9
2026-03-21,m_1hukZb,12,t_1DVMAZ,Defensa y Justicia,LOCAL,1.0,0.8,1.6,1.3,5.6,5.1,3.0,2.4,2.0,2.6,2.2,1.9,12.4,12.6,10.2,9.1,4.2,4.1,3.8,3.0,5.4,5.7,5.0,4.9,2.0,1.8,3.0,2.1,1.2,1.2,1.8,1.0,19.2,20.1,16.6,15.4,8.2,11.8,8.6,9.1,410.8,366.4,395.6,363.1,340.4,292.2,324.8,283.5,16.2,15.8,19.4,17.6,9.6,9.6,8.6,8.7,48.0,47.1,49.0,46.0,0.8,1.3,5.1,2.4,2.6,1.9,12.6,9.1,4.1,3.0,5.7,4.9,1.8,2.1,1.2,1.0,20.1,15.4,11.8,9.1,366.4,363.1,292.2,283.5,15.8,17.6,9.6,8.7,47.1,46.0,10
2026-04-07,m_2NfZWl,13,t_1DVMAZ,Defensa y Justicia,VISITANTE,1.2,1.0,1.4,1.3,5.6,5.2,3.6,2.6,1.8,2.3,2.2,2.2,12.2,12.7,11.4,10.0,4.8,4.4,4.0,3.2,4.6,5.4,5.4,5.4,2.0,2.1,2.8,2.1,1.0,1.3,1.6,1.0,19.4,19.7,19.2,17.1,8.6,10.9,9.2,9.7,379.2,371.0,425.4,382.0,311.0,298.3,357.4,304.5,15.2,14.9,18.0,17.1,9.0,10.1,6.8,8.0,47.0,46.8,50.0,46.9,0.9090909090909091,1.1818181818181819,5.090909090909091,2.727272727272727,2.4545454545454546,2.0,12.363636363636363,10.0,4.2727272727272725,3.090909090909091,5.363636363636363,5.363636363636363,1.9090909090909092,2.0,1.1818181818181819,1.0,19.454545454545453,17.0,11.545454545454545,9.363636363636363,359.45454545454544,374.6363636363636,286.3636363636364,296.0,15.272727272727273,17.09090909090909,9.636363636363637,8.363636363636363,46.45454545454545,46.09090909090909,11
2026-04-13,m_3SYDN1,14,t_1DVMAZ,Defensa y Justicia,LOCAL,1.6,1.2,1.4,1.2,5.6,5.3,4.0,2.8,1.6,1.9,2.2,2.1,13.0,12.9,11.4,10.4,5.2,4.5,4.2,3.2,5.2,5.4,5.6,5.8,2.4,2.2,2.4,2.0,1.0,1.2,1.2,1.0,19.8,19.2,19.8,17.4,9.8,10.3,9.2,9.4,368.6,368.1,443.2,400.6,295.2,296.6,372.8,325.1,18.6,16.2,16.8,17.7,9.0,9.6,8.8,8.3,48.4,48.2,49.4,47.0,1.0,1.0833333333333333,5.083333333333333,2.9166666666666665,2.3333333333333335,2.0,12.5,9.916666666666666,4.166666666666667,3.0833333333333335,5.5,5.416666666666667,2.0,1.8333333333333333,1.1666666666666667,0.9166666666666666,19.5,16.75,11.666666666666666,9.166666666666666,354.8333333333333,383.3333333333333,279.8333333333333,304.75,16.583333333333332,17.0,9.583333333333334,8.666666666666666,47.583333333333336,46.416666666666664,12
2026-04-18,m_2qTx0J,15,t_1DVMAZ,Defensa y Justicia,VISITANTE,1.6,1.3,1.6,1.4,6.0,5.6,3.4,3.0,1.2,1.8,2.2,2.1,13.8,13.2,11.0,10.3,5.4,4.5,4.6,3.6,6.0,5.9,5.2,5.5,2.4,2.1,2.2,2.1,1.0,1.1,1.0,1.1,20.4,19.4,18.0,17.7,9.6,10.2,9.6,9.8,372.0,365.7,422.8,416.0,302.2,293.4,352.2,339.2,17.2,16.6,17.2,18.0,9.8,10.3,7.6,8.5,49.4,50.6,48.4,49.4,1.0,1.1538461538461537,5.153846153846154,2.8461538461538463,2.1538461538461537,2.0,12.846153846153847,9.76923076923077,4.3076923076923075,3.230769230769231,5.923076923076923,5.230769230769231,1.9230769230769231,1.7692307692307692,1.1538461538461537,0.9230769230769231,19.46153846153846,16.307692307692307,11.307692307692308,9.384615384615385,361.15384615384613,387.0769230769231,287.3076923076923,308.3076923076923,16.384615384615383,17.153846153846153,9.846153846153847,8.461538461538462,48.76923076923077,47.30769230769231,13
2026-04-23,m_3puHKN,16,t_1DVMAZ,Defensa y Justicia,LOCAL,2.0,1.4,1.6,1.2,6.2,5.5,4.0,3.4,1.0,1.6,2.2,2.2,14.2,12.2,11.2,10.8,5.2,4.3,3.8,3.4,6.4,5.4,5.8,6.0,2.6,2.1,1.8,1.9,1.0,1.1,0.6,1.1,22.6,18.9,18.0,18.1,8.2,9.1,10.0,9.6,368.4,377.9,440.0,435.5,293.8,304.3,365.2,359.3,18.6,17.5,16.0,17.2,10.8,11.3,11.2,9.2,52.4,52.0,49.6,50.7,1.1428571428571428,1.1428571428571428,5.214285714285714,3.0,2.142857142857143,2.0,12.857142857142858,9.714285714285714,4.357142857142857,3.0714285714285716,5.928571428571429,5.285714285714286,2.0,1.7142857142857142,1.1428571428571428,0.8571428571428571,20.214285714285715,16.142857142857142,11.0,9.571428571428571,364.2142857142857,388.85714285714283,289.2857142857143,309.92857142857144,16.714285714285715,16.928571428571427,10.142857142857142,9.5,49.714285714285715,47.57142857142857,14
2026-05-04,m_019qHk,9,t_1DVMAZ,Defensa y Justicia,VISITANTE,1.6,1.3,1.4,1.5,5.2,5.4,3.8,3.4,1.0,1.5,2.2,2.2,12.4,12.4,11.2,10.7,4.2,4.2,4.0,3.9,6.2,5.8,5.6,5.3,2.2,2.1,1.4,2.2,1.0,1.1,0.6,1.2,20.0,19.6,18.0,17.3,8.2,8.2,10.8,9.7,368.6,389.7,438.8,417.2,293.4,316.9,362.6,343.7,17.4,16.8,17.2,18.3,11.0,10.3,10.6,9.6,55.6,51.8,52.8,50.9,1.0666666666666667,1.3333333333333333,5.133333333333334,2.8666666666666667,2.066666666666667,2.0,12.533333333333333,9.8,4.133333333333334,3.3333333333333335,5.866666666666666,5.133333333333334,1.9333333333333333,1.8666666666666667,1.1333333333333333,0.8666666666666667,20.066666666666666,16.266666666666666,10.6,9.666666666666666,367.1333333333333,388.3333333333333,292.6,309.8666666666667,16.333333333333332,17.466666666666665,10.066666666666666,9.333333333333334,49.93333333333333,48.266666666666666,15
2026-07-24,m_4cBLTF,1,t_1DVMAZ,Defensa y Justicia,LOCAL,1.6,1.4,1.6,1.5,4.6,5.1,4.0,3.8,1.2,1.5,2.2,2.2,12.2,12.2,9.6,10.5,3.6,4.2,4.0,4.0,6.4,5.5,5.0,5.2,2.0,2.0,1.4,2.1,1.0,1.0,0.4,1.0,19.6,19.5,16.8,18.0,8.4,8.5,10.8,10.0,366.6,372.9,419.6,422.5,285.8,298.4,339.6,348.5,18.4,16.8,18.2,18.1,10.0,9.5,11.4,9.1,57.4,52.2,54.4,52.2,1.125,1.3125,4.9375,3.125,2.0625,2.0625,12.3125,9.875,4.0625,3.375,5.6875,5.25,1.9375,1.8125,1.125,0.8125,19.5,16.9375,10.5625,9.8125,361.6875,388.6875,286.1875,309.625,16.25,17.4375,9.75,9.3125,49.875,48.6875,16
2026-07-29,m_1R2IMx,2,t_1DVMAZ,Defensa y Justicia,LOCAL,1.4,1.5,1.8,1.6,4.0,4.8,4.2,4.1,1.6,1.6,2.2,2.2,11.0,12.0,10.8,11.1,3.6,4.4,4.4,4.3,5.8,5.5,4.8,5.2,1.6,2.0,1.6,2.0,0.8,0.9,0.6,0.9,16.6,18.2,19.0,19.4,8.8,9.3,11.2,10.2,353.4,361.0,445.0,444.1,277.0,286.1,362.2,367.5,15.8,17.2,17.8,17.3,11.0,10.0,10.6,9.7,56.6,52.5,54.6,52.0,1.1176470588235294,1.2941176470588236,4.764705882352941,3.2941176470588234,2.1176470588235294,2.0588235294117645,12.058823529411764,10.176470588235293,4.0,3.4705882352941178,5.588235294117647,5.235294117647059,1.8823529411764706,1.7647058823529411,1.0588235294117647,0.8235294117647058,18.647058823529413,17.41176470588235,10.823529411764707,9.764705882352942,354.4117647058824,401.47058823529414,279.0,321.6470588235294,16.352941176470587,17.235294117647058,10.0,9.235294117647058,50.23529411764706,48.8235294117647,17
2026-08-01,m_2xdOyu,3,t_1DVMAZ,Defensa y Justicia,VISITANTE,1.4,1.5,1.8,1.7,3.4,4.7,4.8,4.1,2.4,1.8,2.2,2.2,11.2,12.5,11.6,11.3,3.4,4.4,4.8,4.7,5.6,5.8,5.2,5.2,2.0,2.2,2.0,2.1,1.0,1.0,0.6,0.8,17.6,19.0,20.0,19.0,9.8,9.7,11.4,10.5,316.2,344.1,445.8,434.3,227.2,264.7,357.8,355.0,16.4,16.8,16.6,16.9,9.8,9.8,11.0,9.3,54.2,51.8,53.8,51.1,1.1111111111111112,1.3333333333333333,4.666666666666667,3.388888888888889,2.2222222222222223,2.0555555555555554,12.38888888888889,10.277777777777779,4.055555555555555,3.6666666666666665,5.833333333333333,5.222222222222222,1.9444444444444444,1.8333333333333333,1.1111111111111112,0.8333333333333334,18.944444444444443,17.333333333333332,10.88888888888889,9.944444444444445,348.6666666666667,403.3888888888889,270.6111111111111,322.05555555555554,16.38888888888889,17.0,9.833333333333334,9.166666666666666,50.27777777777778,49.111111111111114,18
2026-08-09,m_208YJA,4,t_1DVMAZ,Defensa y Justicia,LOCAL,0.8,1.4,2.2,1.9,3.2,4.7,4.2,4.1,2.4,1.7,2.0,2.1,12.6,13.4,12.8,12.0,4.0,4.6,6.4,5.1,5.6,6.0,4.8,5.3,1.8,2.2,3.2,2.5,1.2,1.1,1.6,1.1,17.8,20.2,20.4,19.2,10.2,9.2,11.8,10.9,331.4,349.9,430.0,435.0,245.2,269.5,345.2,355.2,17.2,17.9,17.0,16.5,9.4,10.1,8.4,9.8,53.8,53.1,54.8,52.2,1.0526315789473684,1.4210526315789473,4.684210526315789,3.3157894736842106,2.210526315789474,2.0,12.789473684210526,10.526315789473685,4.2631578947368425,3.9473684210526314,5.842105263157895,5.157894736842105,1.9473684210526316,2.1052631578947367,1.1578947368421053,1.0526315789473684,19.57894736842105,17.263157894736842,10.789473684210526,10.157894736842104,355.57894736842104,399.6842105263158,277.6842105263158,319.2105263157895,16.842105263157894,16.94736842105263,9.947368421052632,9.210526315789474,50.78947368421053,49.473684210526315,19
2026-08-17,m_43tFlq,5,t_1DVMAZ,Defensa y Justicia,VISITANTE,1.2,1.4,1.6,1.5,3.0,4.1,5.4,4.6,2.8,1.9,2.0,2.1,14.2,13.3,12.6,11.9,5.0,4.6,5.8,4.9,5.6,5.9,4.8,5.2,2.2,2.2,2.8,2.1,1.4,1.2,1.8,1.2,18.4,19.2,19.6,18.8,12.0,10.1,11.6,11.2,342.2,355.4,415.2,427.0,255.4,274.4,329.6,346.1,21.6,19.5,15.0,16.1,10.0,10.5,8.6,9.6,55.2,55.4,54.2,53.5,1.1,1.4,4.6,3.5,2.25,2.0,12.95,10.5,4.35,3.95,5.8,5.05,2.0,2.1,1.2,1.1,19.65,17.1,10.95,10.15,360.9,395.05,283.3,314.8,17.65,16.85,10.05,9.15,51.25,49.75,20
2026-08-23,m_4Llsds,6,t_1DVMAZ,Defensa y Justicia,VISITANTE,1.0,1.3,1.6,1.6,4.4,4.5,5.2,4.6,3.0,2.1,2.2,2.2,16.4,14.3,12.4,11.0,5.6,4.6,5.6,4.8,6.4,6.4,4.6,4.8,2.0,2.0,2.8,2.1,1.4,1.2,2.0,1.2,21.4,20.5,16.8,16.8,13.8,11.1,12.2,11.5,357.2,361.9,420.4,420.0,266.8,276.3,327.8,333.7,23.0,20.7,16.0,17.1,11.8,10.9,9.2,10.3,56.8,57.1,53.8,54.1,1.0952380952380953,1.380952380952381,4.809523809523809,3.619047619047619,2.2857142857142856,2.0952380952380953,13.285714285714286,10.476190476190476,4.428571428571429,3.9047619047619047,5.857142857142857,5.095238095238095,1.9523809523809523,2.0476190476190474,1.1904761904761905,1.0952380952380953,19.952380952380953,16.904761904761905,11.333333333333334,10.380952380952381,360.6190476190476,396.23809523809524,281.57142857142856,313.95238095238096,17.857142857142858,17.095238095238095,10.238095238095237,9.285714285714286,51.523809523809526,49.904761904761905,21
2026-08-31,m_300q44,7,t_1DVMAZ,Defensa y Justicia,LOCAL,1.2,1.3,1.6,1.7,4.0,4.0,5.6,4.9,2.8,2.2,2.2,2.2,16.6,13.8,14.4,12.6,5.8,4.7,5.8,5.1,6.2,6.0,5.2,5.0,2.2,1.9,2.8,2.2,1.75,1.2222222222222223,2.25,1.3333333333333333,22.0,19.3,20.4,19.7,13.6,11.2,11.6,11.4,365.8,359.6,416.0,430.5,276.0,276.5,322.2,342.2,22.8,19.3,15.2,16.5,11.8,11.4,8.8,9.7,58.0,57.3,55.8,55.2,1.1363636363636365,1.3636363636363635,4.590909090909091,3.8181818181818183,2.272727272727273,2.090909090909091,13.090909090909092,11.136363636363637,4.409090909090909,4.0,5.7272727272727275,5.2272727272727275,1.9545454545454546,2.0,1.1904761904761905,1.0952380952380953,19.40909090909091,18.09090909090909,11.454545454545455,10.181818181818182,357.0,404.77272727272725,278.3181818181818,321.77272727272725,17.818181818181817,16.772727272727273,10.409090909090908,9.136363636363637,52.0,50.40909090909091,22
2026-09-06,m_0NaY2x,8,t_1DVMAZ,Defensa y Justicia,VISITANTE,1.0,1.2,1.4,1.6,4.8,4.1,5.8,5.3,2.8,2.6,2.4,2.3,15.8,13.5,14.0,12.8,5.4,4.4,5.0,4.9,6.2,5.9,5.4,5.3,1.8,1.9,3.2,2.6,1.5,1.2222222222222223,3.0,1.6666666666666667,22.4,20.0,20.8,20.4,14.2,12.0,11.2,11.3,377.4,346.8,410.4,428.1,296.8,262.0,322.0,339.9,22.4,19.4,17.8,17.2,13.2,11.5,9.6,10.3,59.2,56.7,55.6,54.7,1.0869565217391304,1.3478260869565217,4.695652173913044,3.9130434782608696,2.347826086956522,2.130434782608696,13.130434782608695,11.08695652173913,4.3478260869565215,3.9565217391304346,5.913043478260869,5.260869565217392,1.9130434782608696,2.130434782608696,1.1818181818181819,1.2272727272727273,19.695652173913043,18.08695652173913,11.608695652173912,10.217391304347826,354.9130434782609,404.9130434782609,276.30434782608694,322.04347826086956,17.695652173913043,17.17391304347826,10.565217391304348,9.26086956521739,52.21739130434783,50.52173913043478,23
2026-09-11,m_0v5efb,9,t_1DVMAZ,Defensa y Justicia,LOCAL,1.0,0.9,1.0,1.6,4.6,3.9,6.8,5.5,2.6,2.5,2.8,2.4,14.0,13.3,14.0,13.4,4.4,4.2,4.2,5.3,6.0,5.8,6.0,5.4,1.6,1.7,2.2,2.7,1.25,1.2222222222222223,2.0,1.7777777777777777,20.0,18.9,22.2,21.3,14.6,12.4,11.2,11.5,388.8,360.1,439.2,434.6,297.2,271.2,344.6,344.9,21.4,19.3,18.2,17.6,12.8,11.1,10.8,9.6,61.4,57.6,60.0,57.4,1.0416666666666667,1.3333333333333333,4.666666666666667,4.041666666666667,2.2916666666666665,2.1666666666666665,13.041666666666666,11.25,4.291666666666667,4.0,5.875,5.333333333333333,1.875,2.125,1.173913043478261,1.2173913043478262,19.666666666666668,18.291666666666668,11.583333333333334,10.375,362.5,407.9166666666667,281.75,324.5,17.791666666666668,17.208333333333332,10.541666666666666,9.541666666666666,53.0,51.666666666666664,24
2026-01-24,m_3L4LL7,1,t_1Fzy5s,River Plate,VISITANTE,,,,,,,,,,,,,,,,,,,,,,,,,,,,,,,,,,,,,,,,,,,,,,,,,,,,,,,,,,,,,,,,,,,,,,,,,,,,,,,,,,,,,,,,,,,0
2026-01-28,m_01aTkm,2,t_1Fzy5s,River Plate,LOCAL,1.0,1.0,0.0,0.0,6.0,6.0,6.0,6.0,2.0,2.0,2.0,2.0,20.0,20.0,11.0,11.0,7.0,7.0,2.0,2.0,8.0,8.0,3.0,3.0,5.0,5.0,0.0,0.0,4.0,4.0,0.0,0.0,19.0,19.0,9.0,9.0,9.0,9.0,15.0,15.0,475.0,475.0,229.0,229.0,396.0,396.0,141.0,141.0,20.0,20.0,13.0,13.0,11.0,11.0,10.0,10.0,53.0,53.0,50.0,50.0,1.0,0.0,6.0,6.0,2.0,2.0,20.0,11.0,7.0,2.0,8.0,3.0,5.0,0.0,4.0,0.0,19.0,9.0,9.0,15.0,475.0,229.0,396.0,141.0,20.0,13.0,11.0,10.0,53.0,50.0,1
2026-02-02,m_4aRjxN,3,t_1Fzy5s,River Plate,VISITANTE,0.5,0.5,1.0,1.0,5.0,5.0,6.0,6.0,2.0,2.0,2.5,2.5,11.5,11.5,14.0,14.0,4.0,4.0,5.0,5.0,4.5,4.5,6.0,6.0,3.0,3.0,1.0,1.0,2.5,2.5,1.0,1.0,12.0,12.0,18.5,18.5,10.0,10.0,13.5,13.5,365.0,365.0,432.0,432.0,284.0,284.0,348.5,348.5,22.0,22.0,12.5,12.5,12.0,12.0,11.0,11.0,49.0,49.0,50.0,50.0,0.5,1.0,5.0,6.0,2.0,2.5,11.5,14.0,4.0,5.0,4.5,6.0,3.0,1.0,2.5,1.0,12.0,18.5,10.0,13.5,365.0,432.0,284.0,348.5,22.0,12.5,12.0,11.0,49.0,50.0,2
2026-02-07,m_0k3gzI,4,t_1Fzy5s,River Plate,LOCAL,0.3333333333333333,0.3333333333333333,0.6666666666666666,0.6666666666666666,4.333333333333333,4.333333333333333,6.0,6.0,2.6666666666666665,2.6666666666666665,2.3333333333333335,2.3333333333333335,13.333333333333334,13.333333333333334,12.333333333333334,12.333333333333334,4.0,4.0,4.333333333333333,4.333333333333333,5.333333333333333,5.333333333333333,5.333333333333333,5.333333333333333,2.3333333333333335,2.3333333333333335,1.0,1.0,2.0,2.0,1.0,1.0,13.333333333333334,13.333333333333334,19.0,19.0,12.0,12.0,12.333333333333334,12.333333333333334,417.0,417.0,376.3333333333333,376.3333333333333,335.6666666666667,335.6666666666667,291.6666666666667,291.6666666666667,18.666666666666668,18.666666666666668,14.0,14.0,11.0,11.0,12.666666666666666,12.666666666666666,47.0,47.0,47.666666666666664,47.666666666666664,0.3333333333333333,0.6666666666666666,4.333333333333333,6.0,2.6666666666666665,2.3333333333333335,13.333333333333334,12.333333333333334,4.0,4.333333333333333,5.333333333333333,5.333333333333333,2.3333333333333335,1.0,2.0,1.0,13.333333333333334,19.0,12.0,12.333333333333334,417.0,376.3333333333333,335.6666666666667,291.6666666666667,18.666666666666668,14.0,11.0,12.666666666666666,47.0,47.666666666666664,3
2026-02-13,m_064D4L,5,t_1Fzy5s,River Plate,VISITANTE,0.5,0.5,1.5,1.5,5.0,5.0,5.0,5.0,2.5,2.5,2.75,2.75,14.25,14.25,12.0,12.0,4.25,4.25,4.75,4.75,5.25,5.25,5.25,5.25,2.0,2.0,1.5,1.5,1.75,1.75,1.0,1.0,14.25,14.25,16.25,16.25,11.25,11.25,12.5,12.5,448.75,448.75,340.25,340.25,366.0,366.0,254.25,254.25,18.0,18.0,15.25,15.25,9.25,9.25,13.75,13.75,48.25,48.25,48.25,48.25,0.5,1.5,5.0,5.0,2.5,2.75,14.25,12.0,4.25,4.75,5.25,5.25,2.0,1.5,1.75,1.0,14.25,16.25,11.25,12.5,448.75,340.25,366.0,254.25,18.0,15.25,9.25,13.75,48.25,48.25,4
2026-02-22,m_4JeqYL,6,t_1Fzy5s,River Plate,VISITANTE,0.4,0.4,1.4,1.4,4.2,4.2,4.2,4.2,2.8,2.8,2.2,2.2,13.2,13.2,12.4,12.4,3.6,3.6,4.8,4.8,5.0,5.0,5.2,5.2,2.0,2.0,1.2,1.2,1.8,1.8,0.8,0.8,16.2,16.2,17.2,17.2,12.4,12.4,11.8,11.8,445.6,445.6,352.6,352.6,357.4,357.4,263.2,263.2,18.2,18.2,16.0,16.0,9.2,9.2,13.0,13.0,50.0,50.0,50.6,50.6,0.4,1.4,4.2,4.2,2.8,2.2,13.2,12.4,3.6,4.8,5.0,5.2,2.0,1.2,1.8,0.8,16.2,17.2,12.4,11.8,445.6,352.6,357.4,263.2,18.2,16.0,9.2,13.0,50.0,50.6,5
2026-02-26,m_25L4uT,7,t_1Fzy5s,River Plate,LOCAL,0.4,0.5,1.4,1.1666666666666667,4.0,4.333333333333333,4.4,4.666666666666667,2.6,2.5,2.4,2.3333333333333335,11.0,12.5,12.6,12.333333333333334,3.0,3.6666666666666665,5.4,4.833333333333333,3.8,4.5,5.6,5.166666666666667,1.2,1.8333333333333333,1.6,1.3333333333333333,1.2,1.6666666666666667,1.2,1.0,14.2,15.0,19.4,17.666666666666668,12.4,11.833333333333334,11.6,12.166666666666666,416.0,425.8333333333333,420.6,388.6666666666667,317.8,330.8333333333333,324.6,294.0,19.2,19.333333333333332,17.6,16.833333333333332,9.4,9.666666666666666,13.4,12.833333333333334,54.8,54.5,53.8,53.166666666666664,0.5,1.1666666666666667,4.333333333333333,4.666666666666667,2.5,2.3333333333333335,12.5,12.333333333333334,3.6666666666666665,4.833333333333333,4.5,5.166666666666667,1.8333333333333333,1.3333333333333333,1.6666666666666667,1.0,15.0,17.666666666666668,11.833333333333334,12.166666666666666,425.8333333333333,388.6666666666667,330.8333333333333,294.0,19.333333333333332,16.833333333333332,9.666666666666666,12.833333333333334,54.5,53.166666666666664,6
2026-03-03,m_1IrvXt,8,t_1Fzy5s,River Plate,VISITANTE,0.6,0.5714285714285714,1.6,1.4285714285714286,3.8,4.142857142857143,4.4,4.857142857142857,2.6,2.4285714285714284,2.0,2.142857142857143,11.6,11.571428571428571,14.2,14.142857142857142,3.2,3.4285714285714284,5.4,5.285714285714286,4.4,4.428571428571429,6.4,6.285714285714286,1.2,1.7142857142857142,1.6,1.4285714285714286,1.25,1.6666666666666667,1.0,1.0,15.8,14.714285714285714,19.0,18.857142857142858,12.8,12.0,12.2,12.571428571428571,421.0,405.0,401.0,409.85714285714283,320.2,309.85714285714283,302.0,315.2857142857143,18.8,19.714285714285715,19.6,17.571428571428573,8.6,9.571428571428571,14.2,13.285714285714286,55.8,53.857142857142854,55.0,53.57142857142857,0.5714285714285714,1.4285714285714286,4.142857142857143,4.857142857142857,2.4285714285714284,2.142857142857143,11.571428571428571,14.142857142857142,3.4285714285714284,5.285714285714286,4.428571428571429,6.285714285714286,1.7142857142857142,1.4285714285714286,1.6666666666666667,1.0,14.714285714285714,18.857142857142858,12.0,12.571428571428571,405.0,409.85714285714283,309.85714285714283,315.2857142857143,19.714285714285715,17.571428571428573,9.571428571428571,13.285714285714286,53.857142857142854,53.57142857142857,7
2026-03-13,m_2e6Rvv,10,t_1Fzy5s,River Plate,VISITANTE,0.8,0.625,1.8,1.375,3.6,3.875,3.6,4.5,1.8,2.125,2.2,2.25,10.6,11.625,14.8,13.875,3.4,3.625,5.4,5.0,4.0,4.5,6.8,6.25,1.4,1.75,1.6,1.375,1.5,1.7142857142857142,0.75,0.8571428571428571,15.4,14.625,17.6,18.125,12.2,12.125,12.2,12.25,363.4,383.5,463.4,430.75,263.0,290.25,363.6,336.625,20.0,19.5,18.6,16.875,9.2,9.875,13.2,13.0,56.8,53.125,54.6,52.0,0.625,1.375,3.875,4.5,2.125,2.25,11.625,13.875,3.625,5.0,4.5,6.25,1.75,1.375,1.7142857142857142,0.8571428571428571,14.625,18.125,12.125,12.25,383.5,430.75,290.25,336.625,19.5,16.875,9.875,13.0,53.125,52.0,8
2026-03-15,m_1fJ2Fa,11,t_1Fzy5s,River Plate,LOCAL,1.0,0.7777777777777778,1.2,1.3333333333333333,3.0,3.888888888888889,4.0,4.444444444444445,2.0,2.2222222222222223,2.6,2.6666666666666665,9.2,11.444444444444445,15.6,14.0,3.8,4.0,5.2,5.0,3.2,4.111111111111111,7.4,6.444444444444445,2.4,2.2222222222222223,1.6,1.5555555555555556,2.25,2.0,1.0,1.0,15.0,14.666666666666666,20.8,18.77777777777778,12.4,11.88888888888889,11.8,12.11111111111111,342.2,389.55555555555554,474.2,414.6666666666667,244.8,298.6666666666667,378.2,323.1111111111111,20.0,19.11111111111111,16.8,16.11111111111111,10.8,10.11111111111111,10.8,12.11111111111111,54.0,51.44444444444444,53.8,51.333333333333336,0.7777777777777778,1.3333333333333333,3.888888888888889,4.444444444444445,2.2222222222222223,2.6666666666666665,11.444444444444445,14.0,4.0,5.0,4.111111111111111,6.444444444444445,2.2222222222222223,1.5555555555555556,2.0,1.0,14.666666666666666,18.77777777777778,11.88888888888889,12.11111111111111,389.55555555555554,414.6666666666667,298.6666666666667,323.1111111111111,19.11111111111111,16.11111111111111,10.11111111111111,12.11111111111111,51.44444444444444,51.333333333333336,9
2026-03-22,m_38Dq9r,12,t_1Fzy5s,River Plate,VISITANTE,1.0,0.7,1.4,1.4,3.2,3.7,5.8,5.0,2.2,2.5,2.8,2.5,7.8,10.5,19.6,16.0,3.8,3.7,6.6,5.7,2.4,3.7,8.6,6.9,2.0,2.0,3.2,2.2,1.75,1.7777777777777777,2.75,1.6666666666666667,12.0,14.1,22.4,19.8,12.0,12.2,12.2,12.0,292.8,369.2,532.2,442.4,201.2,279.3,441.2,352.2,19.4,18.8,15.2,15.6,11.8,10.5,9.4,11.2,50.8,50.4,50.6,50.6,0.7,1.4,3.7,5.0,2.5,2.5,10.5,16.0,3.7,5.7,3.7,6.9,2.0,2.2,1.7777777777777777,1.6666666666666667,14.1,19.8,12.2,12.0,369.2,442.4,279.3,352.2,18.8,15.6,10.5,11.2,50.4,50.6,10
2026-04-05,m_0X7bQS,13,t_1Fzy5s,River Plate,LOCAL,0.8,0.6,1.8,1.6,3.2,3.6,5.8,5.1,2.4,2.5,2.6,2.5,7.4,9.2,19.0,15.8,3.2,3.1,6.2,5.8,2.2,3.0,8.0,6.8,1.8,1.5,3.2,2.4,2.0,1.5,3.0,1.875,13.6,13.9,21.6,20.5,11.6,12.0,11.0,11.3,287.4,351.7,498.6,459.6,204.6,261.2,419.2,371.9,18.0,18.6,14.0,15.8,11.0,10.2,8.6,11.0,45.4,50.1,48.4,51.1,0.6363636363636364,1.4545454545454546,3.8181818181818183,5.181818181818182,2.4545454545454546,2.4545454545454546,10.181818181818182,15.363636363636363,3.4545454545454546,5.454545454545454,3.4545454545454546,6.454545454545454,1.8181818181818181,2.1818181818181817,1.7777777777777777,1.6666666666666667,14.363636363636363,19.454545454545453,11.727272727272727,11.636363636363637,362.90909090909093,438.6363636363636,273.45454545454544,350.90909090909093,18.727272727272727,15.545454545454545,10.272727272727273,10.909090909090908,50.36363636363637,51.0,11
2026-04-12,m_3RgxwY,14,t_1Fzy5s,River Plate,VISITANTE,1.2,0.9,1.2,1.4,4.2,4.0,4.8,4.6,2.4,2.5,2.8,2.4,10.2,10.9,15.8,15.0,3.8,3.5,5.2,5.3,3.6,4.0,6.2,6.3,2.8,2.0,3.0,2.3,2.25,1.75,2.5,1.75,15.4,15.6,19.2,19.1,12.0,12.4,10.0,11.1,336.2,378.6,443.0,422.0,256.0,288.1,367.4,334.7,18.0,18.4,13.0,16.3,11.2,9.9,7.6,10.9,45.8,50.8,45.2,50.1,0.8333333333333334,1.3333333333333333,4.166666666666667,4.833333333333333,2.4166666666666665,2.4166666666666665,11.0,14.833333333333334,3.5833333333333335,5.25,4.083333333333333,6.25,2.1666666666666665,2.0833333333333335,1.9,1.6,15.0,19.0,12.0,11.5,376.3333333333333,423.6666666666667,287.4166666666667,337.0,19.0,15.666666666666666,10.25,10.916666666666666,50.5,50.083333333333336,12
2026-04-19,m_0FlMqm,15,t_1Fzy5s,River Plate,LOCAL,1.4,1.1,1.0,1.4,4.2,3.9,6.0,4.8,3.0,2.4,3.2,2.7,9.8,10.2,15.8,15.3,3.6,3.5,5.4,5.4,3.6,3.8,5.4,6.1,3.2,2.3,3.2,2.4,2.25,1.875,3.0,1.875,14.6,15.0,22.2,19.9,10.8,11.5,11.2,11.7,368.4,365.9,403.4,433.4,283.6,273.3,326.6,345.1,18.2,19.1,14.2,16.4,11.6,10.4,8.4,10.8,47.8,52.3,49.2,51.9,0.9230769230769231,1.2307692307692308,4.0,5.076923076923077,2.4615384615384617,2.6153846153846154,10.923076923076923,14.615384615384615,3.6153846153846154,5.153846153846154,4.153846153846154,5.923076923076923,2.3076923076923075,2.076923076923077,1.9090909090909092,1.6363636363636365,14.615384615384615,19.692307692307693,11.615384615384615,11.846153846153847,377.6923076923077,420.2307692307692,287.6923076923077,332.7692307692308,19.0,15.846153846153847,10.538461538461538,11.23076923076923,51.07692307692308,50.92307692307692,13
2026-04-26,m_3Nkc9o,16,t_1Fzy5s,River Plate,LOCAL,1.2,1.1,0.8,1.0,3.6,3.3,6.4,5.2,3.4,2.7,3.2,2.9,9.8,9.5,15.4,15.5,3.2,3.5,5.0,5.1,4.0,3.6,4.4,5.9,2.4,2.4,2.6,2.1,1.5,1.875,2.5,1.75,15.2,15.1,21.4,21.1,12.6,12.5,11.8,11.8,325.8,334.0,439.8,457.0,237.2,241.0,360.4,369.3,20.4,20.2,14.8,15.8,11.0,10.9,9.6,10.2,51.0,52.5,50.2,52.0,0.9285714285714286,1.1428571428571428,3.7857142857142856,5.142857142857143,2.642857142857143,2.857142857142857,10.857142857142858,14.5,3.7142857142857144,5.0,4.071428571428571,5.714285714285714,2.2857142857142856,1.9285714285714286,1.8333333333333333,1.5,14.857142857142858,19.714285714285715,12.142857142857142,12.0,366.7857142857143,423.64285714285717,276.7142857142857,336.42857142857144,19.571428571428573,15.642857142857142,10.428571428571429,11.214285714285714,51.285714285714285,50.92857142857143,14
2026-05-03,m_29QdK5,9,t_1Fzy5s,River Plate,LOCAL,1.4,1.2,1.0,1.2,3.4,3.3,6.0,5.9,3.0,2.6,3.4,3.1,10.4,9.1,13.4,16.5,3.4,3.6,3.8,5.2,4.6,3.5,4.2,6.4,2.6,2.3,2.0,2.6,1.5,1.625,1.5,2.125,15.0,13.5,22.2,22.3,12.8,12.4,12.0,12.1,337.8,315.3,417.0,474.6,249.6,225.4,338.4,389.8,20.2,19.8,15.2,15.2,9.0,10.4,10.4,9.9,51.0,50.9,51.4,51.0,0.9333333333333333,1.2666666666666666,3.6,5.333333333333333,2.6666666666666665,2.8,10.466666666666667,15.133333333333333,3.6,5.066666666666666,4.0,6.0,2.2,2.1333333333333333,1.6923076923076923,1.6153846153846154,14.4,20.6,12.4,12.0,358.73333333333335,433.93333333333334,269.4,347.6,19.266666666666666,15.466666666666667,10.0,10.933333333333334,50.6,50.86666666666667,15
2026-05-10,m_21tO51,1/8,t_1Fzy5s,River Plate,LOCAL,1.4,1.1,0.8,1.3,3.6,3.4,4.8,5.3,3.0,2.7,3.4,3.0,12.8,10.1,12.6,15.8,4.2,3.7,3.8,5.0,6.0,4.1,4.0,6.0,3.8,2.8,2.0,2.6,2.4,2.25,1.4,2.0,18.2,15.9,21.2,21.4,12.6,12.1,13.6,12.3,418.4,352.9,380.8,439.7,328.4,266.5,295.6,357.4,21.0,19.5,19.2,16.6,9.0,10.0,11.0,9.8,52.4,48.9,52.0,50.2,0.875,1.25,3.75,5.0625,2.625,2.75,11.0,14.5,3.6875,4.9375,4.25,5.6875,2.4375,2.125,2.0,1.5714285714285714,15.5625,20.0,12.0,12.25,380.25,420.5625,290.625,333.625,19.4375,16.6875,9.875,10.9375,51.0,51.3125,16
2026-05-14,m_3ar3G9,1/4,t_1Fzy5s,River Plate,LOCAL,2.0,1.6,1.8,1.5,3.2,3.7,5.0,4.9,3.2,2.8,3.2,3.0,14.8,12.5,11.8,13.8,5.6,4.7,4.0,4.6,6.8,5.2,3.4,4.8,3.0,2.9,2.0,2.5,2.0,2.111111111111111,1.2,1.7777777777777777,22.8,19.1,19.2,19.2,12.4,12.2,14.2,12.1,454.6,395.4,382.4,412.7,360.8,308.4,289.6,328.5,21.0,19.5,20.6,16.8,8.2,9.7,10.8,9.2,58.4,52.1,55.4,50.3,1.1764705882352942,1.4705882352941178,3.8823529411764706,4.882352941176471,2.6470588235294117,2.6470588235294117,12.117647058823529,13.941176470588236,4.176470588235294,4.882352941176471,4.882352941176471,5.411764705882353,2.411764705882353,2.0588235294117645,1.9333333333333333,1.4666666666666666,17.294117647058822,19.058823529411764,12.117647058823529,12.294117647058824,399.3529411764706,411.52941176470586,309.0,323.05882352941177,19.58823529411765,17.11764705882353,9.647058823529411,10.882352941176471,52.8235294117647,51.64705882352941,17
2026-05-16,m_211adJ,1/2,t_1Fzy5s,River Plate,LOCAL,2.0,1.7,1.8,1.4,4.2,4.2,4.4,5.2,2.8,2.9,3.0,3.1,16.4,13.1,11.8,13.8,6.4,5.0,4.4,4.9,6.4,5.0,4.2,4.8,2.6,2.9,2.0,2.6,1.8,2.0,1.2,2.0,26.4,20.5,16.8,19.5,15.2,13.0,14.2,12.7,467.6,418.0,373.2,388.3,374.4,329.0,278.8,302.7,20.8,19.5,19.2,16.7,7.0,9.3,10.0,9.2,59.0,53.4,50.8,50.0,1.2222222222222223,1.3888888888888888,4.055555555555555,4.888888888888889,2.5555555555555554,2.7222222222222223,12.444444444444445,13.833333333333334,4.388888888888889,4.944444444444445,4.777777777777778,5.444444444444445,2.388888888888889,2.0555555555555554,1.875,1.5,17.88888888888889,18.88888888888889,12.61111111111111,12.5,402.6666666666667,407.1666666666667,311.77777777777777,317.77777777777777,19.5,16.77777777777778,9.555555555555555,10.88888888888889,53.27777777777778,50.888888888888886,18
2026-05-24,m_25ZLbm,final,t_1Fzy5s,River Plate,LOCAL,1.8,1.5,2.0,1.4,4.2,3.9,4.4,5.4,3.2,3.3,2.2,2.7,15.8,12.8,11.4,13.4,5.6,4.4,4.4,4.7,6.4,5.2,5.2,4.8,2.4,2.4,2.4,2.5,1.8,1.6666666666666667,1.4,1.8888888888888888,25.6,20.4,15.4,18.4,15.2,13.9,14.8,13.3,486.8,406.3,352.8,396.3,394.6,315.9,258.8,309.6,18.4,19.4,19.6,17.2,7.2,9.1,10.6,10.1,55.4,53.2,49.4,49.8,1.1578947368421053,1.368421052631579,3.8947368421052633,4.947368421052632,2.789473684210526,2.6842105263157894,12.157894736842104,13.68421052631579,4.2105263157894735,4.842105263157895,4.684210526315789,5.578947368421052,2.3157894736842106,2.0526315789473686,1.8235294117647058,1.4705882352941178,17.68421052631579,18.57894736842105,12.947368421052632,12.736842105263158,398.36842105263156,405.0,307.7368421052632,316.0,19.263157894736842,16.68421052631579,9.578947368421053,11.052631578947368,52.36842105263158,50.526315789473685,19
2026-07-25,m_4X9GUk,1,t_1Fzy5s,River Plate,LOCAL,2.0,1.7,2.0,1.5,5.2,4.3,3.6,4.8,3.0,3.0,2.4,2.9,16.4,13.4,9.2,11.3,6.0,4.7,4.4,4.1,6.2,5.4,4.0,4.1,2.6,2.6,1.8,1.9,2.25,1.875,1.0,1.25,26.4,20.7,11.6,16.9,13.4,13.1,14.6,13.3,522.0,429.9,286.2,351.6,425.8,337.7,193.0,265.7,20.2,20.2,20.0,17.6,7.4,8.2,11.8,11.1,55.4,53.2,50.0,50.7,1.2,1.45,4.0,4.9,2.75,2.7,11.95,13.65,4.2,4.9,4.55,5.5,2.3,2.05,1.8235294117647058,1.4705882352941178,17.4,18.35,12.65,12.65,399.55,397.0,308.5,308.95,19.5,16.6,9.35,11.15,51.8,50.65,20
2026-07-29,m_19jhYQ,2,t_1Fzy5s,River Plate,VISITANTE,2.2,1.8,1.8,1.3,4.2,3.9,4.0,4.4,3.6,3.3,2.4,2.9,13.4,13.1,11.2,11.9,5.4,4.8,4.6,4.2,5.0,5.5,5.6,4.8,1.8,2.8,1.6,1.8,1.0,1.7777777777777777,1.0,1.2222222222222223,20.6,19.4,15.8,18.5,16.4,14.5,13.0,13.3,422.2,420.3,368.0,374.4,325.6,327.0,275.2,285.4,18.2,19.6,16.0,17.6,9.0,9.0,12.6,11.8,55.6,54.0,49.4,50.7,1.1904761904761905,1.380952380952381,3.857142857142857,4.809523809523809,2.857142857142857,2.6666666666666665,11.571428571428571,13.714285714285714,4.095238095238095,4.857142857142857,4.428571428571429,5.666666666666667,2.2857142857142856,2.0,1.7777777777777777,1.4444444444444444,16.761904761904763,19.0,13.047619047619047,12.428571428571429,390.23809523809524,408.04761904761904,298.95238095238096,319.7142857142857,19.142857142857142,16.523809523809526,9.666666666666666,11.333333333333334,52.095238095238095,50.857142857142854,21
2026-08-02,m_4JNnXO,3,t_1Fzy5s,River Plate,LOCAL,1.2,1.6,0.8,1.3,3.6,3.4,5.2,5.1,3.2,3.2,2.6,2.9,10.2,12.5,12.2,12.0,3.6,4.6,4.4,4.2,3.8,5.3,6.4,4.9,2.2,2.6,1.4,1.7,1.5,1.7777777777777777,1.0,1.1111111111111112,15.2,19.0,17.6,18.4,15.8,14.1,12.6,13.4,322.8,388.7,437.8,410.1,230.2,295.5,352.2,320.9,18.2,19.6,13.8,17.2,10.0,9.1,11.6,11.2,50.2,54.3,48.0,51.7,1.1818181818181819,1.3181818181818181,3.8181818181818183,4.954545454545454,2.772727272727273,2.6363636363636362,11.681818181818182,13.545454545454545,4.045454545454546,4.7727272727272725,4.636363636363637,5.636363636363637,2.3636363636363638,1.9090909090909092,1.8421052631578947,1.368421052631579,16.818181818181817,18.727272727272727,12.954545454545455,12.363636363636363,381.95454545454544,417.5,291.09090909090907,329.6818181818182,19.272727272727273,16.363636363636363,9.727272727272727,11.045454545454545,52.22727272727273,50.81818181818182,22
2026-08-08,m_2VSaa1,4,t_1Fzy5s,River Plate,VISITANTE,1.0,1.5,0.8,1.3,3.0,3.6,6.2,5.3,3.8,3.3,2.6,2.8,9.0,12.7,14.8,13.3,2.6,4.5,4.4,4.4,4.4,5.4,8.4,6.3,2.2,2.4,2.0,2.0,1.75,1.7777777777777777,1.75,1.4444444444444444,12.2,19.3,22.0,19.4,14.6,14.9,12.4,13.3,277.2,372.4,455.0,414.1,184.6,279.5,373.4,326.1,19.8,20.3,14.6,16.9,11.4,9.2,11.0,10.5,46.8,52.9,50.8,50.8,1.173913043478261,1.2608695652173914,3.8260869565217392,5.173913043478261,2.8260869565217392,2.6956521739130435,11.695652173913043,14.043478260869565,4.0,4.826086956521739,4.695652173913044,6.086956521739131,2.347826086956522,2.0434782608695654,1.85,1.55,16.652173913043477,19.565217391304348,13.043478260869565,12.478260869565217,375.39130434782606,417.5652173913044,284.1304347826087,329.8695652173913,19.565217391304348,16.304347826086957,9.956521739130435,10.91304347826087,51.869565217391305,50.869565217391305,23
2026-08-16,m_4fCzkt,5,t_1Fzy5s,River Plate,LOCAL,1.2,1.5,0.6,1.3,3.2,3.7,5.8,5.1,2.8,3.0,2.8,2.5,8.6,12.2,14.4,12.9,2.8,4.2,4.0,4.2,4.2,5.3,7.4,6.3,2.2,2.3,1.6,2.0,2.0,1.875,2.0,1.625,10.6,18.1,23.0,19.2,12.6,13.9,12.4,13.6,273.2,380.0,511.8,432.3,178.6,286.6,429.8,344.3,21.8,20.1,16.4,18.0,10.8,9.0,9.8,10.2,49.8,52.6,52.8,51.1,1.1666666666666667,1.2083333333333333,3.75,5.125,2.7916666666666665,2.7083333333333335,11.416666666666666,13.833333333333334,3.9166666666666665,4.666666666666667,4.583333333333333,5.958333333333333,2.2916666666666665,1.9583333333333333,1.85,1.55,16.208333333333332,19.5,12.875,12.666666666666666,372.2916666666667,427.25,280.8333333333333,339.7083333333333,19.791666666666668,16.625,9.833333333333334,10.791666666666666,51.833333333333336,51.0,24
2026-08-23,m_4fjPIc,6,t_1Fzy5s,River Plate,LOCAL,1.2,1.6,0.0,1.0,2.4,3.8,5.8,4.7,2.6,2.8,3.0,2.7,8.6,12.5,13.6,11.4,2.6,4.3,3.0,3.7,4.4,5.3,7.8,5.9,2.2,2.4,1.4,1.6,1.5,1.875,1.75,1.375,11.8,19.1,22.4,17.0,14.2,13.8,13.2,13.9,261.4,391.7,568.6,427.4,171.6,298.7,483.8,338.4,21.8,21.0,17.0,18.5,13.0,10.2,9.8,10.8,50.8,53.1,50.8,50.4,1.2,1.16,3.68,5.08,2.72,2.76,11.28,13.64,3.88,4.52,4.52,5.96,2.28,1.92,1.7619047619047619,1.5238095238095237,16.28,19.16,12.96,12.76,371.92,431.32,281.12,343.92,19.96,16.68,10.08,10.88,51.6,50.68,25
2026-08-30,m_1oO6B7,7,t_1Fzy5s,River Plate,VISITANTE,1.4,1.8,0.4,1.1,2.8,3.5,6.2,5.1,2.0,2.8,2.8,2.6,10.4,11.9,12.8,12.0,2.8,4.1,3.0,3.8,5.4,5.2,6.8,6.2,1.8,1.8,1.6,1.6,1.25,1.125,2.0,1.5,15.6,18.1,19.4,17.6,12.6,14.5,14.2,13.6,334.2,378.2,528.8,448.4,243.8,284.7,442.8,359.0,24.0,21.1,17.8,16.9,13.0,11.0,9.0,10.8,50.8,53.2,51.4,50.4,1.2307692307692308,1.1923076923076923,3.6538461538461537,5.076923076923077,2.6923076923076925,2.6923076923076925,11.346153846153847,13.538461538461538,3.8461538461538463,4.5,4.615384615384615,5.884615384615385,2.1923076923076925,1.9230769230769231,1.6818181818181819,1.5454545454545454,16.53846153846154,19.076923076923077,12.961538461538462,12.76923076923077,379.46153846153845,431.2692307692308,288.34615384615387,343.38461538461536,20.076923076923077,16.76923076923077,10.307692307692308,10.884615384615385,51.84615384615385,50.96153846153846,26
2026-09-06,m_32YJGL,8,t_1Fzy5s,River Plate,LOCAL,1.6,1.4,1.0,0.9,3.0,3.3,5.2,5.2,2.0,2.6,2.4,2.5,10.6,10.4,14.6,13.4,3.2,3.4,4.0,4.2,5.2,4.5,7.0,6.7,1.2,1.7,3.0,2.2,0.5,1.0,3.25,2.125,15.8,15.5,23.8,20.7,12.2,14.0,14.6,13.6,350.4,336.6,507.8,472.8,260.2,245.2,419.4,385.8,23.0,20.6,18.0,15.9,12.8,11.4,9.0,10.3,49.8,50.0,51.2,49.6,1.2592592592592593,1.2592592592592593,3.6666666666666665,5.0,2.6296296296296298,2.5925925925925926,11.481481481481481,13.74074074074074,3.888888888888889,4.62962962962963,4.7407407407407405,5.888888888888889,2.1481481481481484,2.111111111111111,1.608695652173913,1.6956521739130435,16.62962962962963,19.666666666666668,12.814814814814815,12.777777777777779,376.1111111111111,434.22222222222223,285.3703703703704,346.2962962962963,19.962962962962962,16.666666666666668,10.296296296296296,10.666666666666666,51.77777777777778,50.888888888888886,27
2026-09-12,m_3TfyzU,9,t_1Fzy5s,River Plate,VISITANTE,2.0,1.5,1.2,1.0,2.6,2.8,3.2,4.7,1.6,2.7,2.6,2.6,11.2,10.1,11.6,13.2,4.6,3.6,3.8,4.1,4.6,4.5,4.2,6.3,1.6,1.9,2.4,2.2,0.5,1.125,2.25,2.0,19.2,15.7,18.6,20.3,11.4,13.0,14.8,13.6,406.4,341.8,496.4,475.7,314.6,249.6,405.6,389.5,21.6,20.7,19.6,17.1,13.0,12.2,9.2,10.1,53.0,49.9,52.6,51.7,1.3214285714285714,1.25,3.607142857142857,4.821428571428571,2.607142857142857,2.6785714285714284,11.607142857142858,13.607142857142858,4.107142857142857,4.642857142857143,4.678571428571429,5.75,2.2142857142857144,2.107142857142857,1.625,1.6666666666666667,17.107142857142858,19.392857142857142,12.75,12.892857142857142,380.92857142857144,431.64285714285717,289.57142857142856,343.39285714285717,19.928571428571427,16.892857142857142,10.5,10.607142857142858,52.07142857142857,51.17857142857143,28
2026-01-23,m_1oH2tW,1,t_1HsET8,Estudiantes,VISITANTE,,,,,,,,,,,,,,,,,,,,,,,,,,,,,,,,,,,,,,,,,,,,,,,,,,,,,,,,,,,,,,,,,,,,,,,,,,,,,,,,,,,,,,,,,,,0
2026-01-29,m_09UPPR,2,t_1HsET8,Estudiantes,LOCAL,1.0,1.0,1.0,1.0,10.0,10.0,5.0,5.0,2.0,2.0,4.0,4.0,13.0,13.0,11.0,11.0,3.0,3.0,2.0,2.0,6.0,6.0,6.0,6.0,1.0,1.0,3.0,3.0,0.0,0.0,2.0,2.0,22.0,22.0,22.0,22.0,9.0,9.0,10.0,10.0,284.0,284.0,445.0,445.0,205.0,205.0,357.0,357.0,11.0,11.0,23.0,23.0,11.0,11.0,8.0,8.0,53.0,53.0,49.0,49.0,1.0,1.0,10.0,5.0,2.0,4.0,13.0,11.0,3.0,2.0,6.0,6.0,1.0,3.0,0.0,2.0,22.0,22.0,9.0,10.0,284.0,445.0,205.0,357.0,11.0,23.0,11.0,8.0,53.0,49.0,1
2026-02-02,m_0cs8S8,3,t_1HsET8,Estudiantes,VISITANTE,1.0,1.0,1.5,1.5,8.5,8.5,5.0,5.0,1.5,1.5,3.0,3.0,11.5,11.5,12.0,12.0,3.0,3.0,4.5,4.5,4.0,4.0,5.0,5.0,1.5,1.5,3.5,3.5,0.5,0.5,2.5,2.5,27.0,27.0,20.0,20.0,8.5,8.5,12.0,12.0,374.0,374.0,337.5,337.5,301.0,301.0,264.0,264.0,15.0,15.0,21.5,21.5,9.5,9.5,6.5,6.5,46.0,46.0,45.0,45.0,1.0,1.5,8.5,5.0,1.5,3.0,11.5,12.0,3.0,4.5,4.0,5.0,1.5,3.5,0.5,2.5,27.0,20.0,8.5,12.0,374.0,337.5,301.0,264.0,15.0,21.5,9.5,6.5,46.0,45.0,2
2026-02-09,m_3sDDFG,4,t_1HsET8,Estudiantes,LOCAL,0.6666666666666666,0.6666666666666666,1.0,1.0,5.666666666666667,5.666666666666667,4.333333333333333,4.333333333333333,1.6666666666666667,1.6666666666666667,2.3333333333333335,2.3333333333333335,10.666666666666666,10.666666666666666,12.666666666666666,12.666666666666666,2.3333333333333335,2.3333333333333335,5.0,5.0,4.666666666666667,4.666666666666667,5.333333333333333,5.333333333333333,1.0,1.0,3.0,3.0,0.3333333333333333,0.3333333333333333,2.3333333333333335,2.3333333333333335,20.666666666666668,20.666666666666668,19.0,19.0,8.333333333333334,8.333333333333334,10.666666666666666,10.666666666666666,342.0,342.0,378.6666666666667,378.6666666666667,270.6666666666667,270.6666666666667,312.3333333333333,312.3333333333333,15.333333333333334,15.333333333333334,17.666666666666668,17.666666666666668,7.666666666666667,7.666666666666667,6.333333333333333,6.333333333333333,42.0,42.0,43.0,43.0,0.6666666666666666,1.0,5.666666666666667,4.333333333333333,1.6666666666666667,2.3333333333333335,10.666666666666666,12.666666666666666,2.3333333333333335,5.0,4.666666666666667,5.333333333333333,1.0,3.0,0.3333333333333333,2.3333333333333335,20.666666666666668,19.0,8.333333333333334,10.666666666666666,342.0,378.6666666666667,270.6666666666667,312.3333333333333,15.333333333333334,17.666666666666668,7.666666666666667,6.333333333333333,42.0,43.0,3
2026-02-15,m_2wlvcQ,5,t_1HsET8,Estudiantes,VISITANTE,0.75,0.75,0.75,0.75,5.25,5.25,4.5,4.5,1.5,1.5,3.0,3.0,12.0,12.0,11.5,11.5,3.25,3.25,4.5,4.5,5.0,5.0,4.75,4.75,1.25,1.25,3.0,3.0,0.5,0.5,2.5,2.5,19.0,19.0,17.75,17.75,8.0,8.0,13.5,13.5,382.25,382.25,332.25,332.25,312.25,312.25,260.0,260.0,13.0,13.0,17.75,17.75,6.75,6.75,6.0,6.0,45.25,45.25,43.5,43.5,0.75,0.75,5.25,4.5,1.5,3.0,12.0,11.5,3.25,4.5,5.0,4.75,1.25,3.0,0.5,2.5,19.0,17.75,8.0,13.5,382.25,332.25,312.25,260.0,13.0,17.75,6.75,6.0,45.25,43.5,4
2026-02-20,m_2kYA49,6,t_1HsET8,Estudiantes,LOCAL,0.6,0.6,0.6,0.6,5.0,5.0,4.8,4.8,1.6,1.6,3.0,3.0,11.8,11.8,12.0,12.0,3.0,3.0,4.4,4.4,4.6,4.6,5.4,5.4,1.2,1.2,3.0,3.0,0.6,0.6,2.6,2.6,17.8,17.8,19.4,19.4,9.2,9.2,13.4,13.4,364.2,364.2,351.4,351.4,295.4,295.4,281.8,281.8,13.6,13.6,18.2,18.2,6.6,6.6,6.0,6.0,46.0,46.0,42.6,42.6,0.6,0.6,5.0,4.8,1.6,3.0,11.8,12.0,3.0,4.4,4.6,5.4,1.2,3.0,0.6,2.6,17.8,19.4,9.2,13.4,364.2,351.4,295.4,281.8,13.6,18.2,6.6,6.0,46.0,42.6,5
2026-02-25,m_2byNvS,7,t_1HsET8,Estudiantes,VISITANTE,0.6,0.6666666666666666,0.4,0.5,3.8,4.833333333333333,4.6,4.666666666666667,2.0,2.0,3.0,3.1666666666666665,11.6,11.833333333333334,12.2,12.0,3.8,3.6666666666666665,4.6,4.166666666666667,4.4,4.666666666666667,5.0,5.166666666666667,1.2,1.1666666666666667,2.6,2.6666666666666665,0.6,0.5,2.4,2.3333333333333335,16.6,17.5,19.6,20.0,10.2,10.0,13.0,12.5,362.2,349.1666666666667,340.2,357.6666666666667,294.0,279.1666666666667,273.4,287.3333333333333,14.8,14.166666666666666,16.6,17.666666666666668,5.6,6.5,5.8,6.166666666666667,45.8,47.0,41.8,43.0,0.6666666666666666,0.5,4.833333333333333,4.666666666666667,2.0,3.1666666666666665,11.833333333333334,12.0,3.6666666666666665,4.166666666666667,4.666666666666667,5.166666666666667,1.1666666666666667,2.6666666666666665,0.5,2.3333333333333335,17.5,20.0,10.0,12.5,349.1666666666667,357.6666666666667,279.1666666666667,287.3333333333333,14.166666666666666,17.666666666666668,6.5,6.166666666666667,47.0,43.0,6
2026-03-02,m_3WwAlG,8,t_1HsET8,Estudiantes,LOCAL,0.4,0.5714285714285714,0.4,0.7142857142857143,2.8,4.428571428571429,4.2,4.428571428571429,2.2,2.0,2.8,2.857142857142857,12.4,12.142857142857142,13.0,12.714285714285714,3.4,3.2857142857142856,4.6,4.571428571428571,6.0,5.428571428571429,5.6,5.428571428571429,1.0,1.1428571428571428,2.6,2.857142857142857,0.6,0.5714285714285714,2.6,2.5714285714285716,13.2,17.142857142857142,19.6,19.714285714285715,10.8,10.142857142857142,12.6,12.428571428571429,324.0,338.2857142857143,388.8,374.14285714285717,255.2,268.2857142857143,321.2,304.85714285714283,14.6,14.714285714285714,15.2,17.0,5.0,6.285714285714286,6.2,6.285714285714286,48.4,47.714285714285715,43.8,44.142857142857146,0.5714285714285714,0.7142857142857143,4.428571428571429,4.428571428571429,2.0,2.857142857142857,12.142857142857142,12.714285714285714,3.2857142857142856,4.571428571428571,5.428571428571429,5.428571428571429,1.1428571428571428,2.857142857142857,0.5714285714285714,2.5714285714285716,17.142857142857142,19.714285714285715,10.142857142857142,12.428571428571429,338.2857142857143,374.14285714285717,268.2857142857143,304.85714285714283,14.714285714285714,17.0,6.285714285714286,6.285714285714286,47.714285714285715,44.142857142857146,7
2026-03-13,m_2rfIEE,10,t_1HsET8,Estudiantes,LOCAL,0.4,0.5,0.6,0.75,4.6,5.0,4.4,4.375,2.8,2.375,3.4,3.0,13.0,12.125,12.0,12.25,3.6,3.125,3.6,4.125,5.2,5.0,6.0,5.75,1.2,1.125,2.6,2.75,0.8,0.625,2.4,2.375,16.2,17.875,19.4,19.25,11.8,10.5,14.2,12.875,351.4,347.875,359.8,366.875,282.4,278.0,288.4,297.375,15.4,15.375,16.0,16.625,6.2,6.75,6.8,6.625,53.6,49.25,47.8,46.0,0.5,0.75,5.0,4.375,2.375,3.0,12.125,12.25,3.125,4.125,5.0,5.75,1.125,2.75,0.625,2.375,17.875,19.25,10.5,12.875,347.875,366.875,278.0,297.375,15.375,16.625,6.75,6.625,49.25,46.0,8
2026-03-18,m_2XIz1k,11,t_1HsET8,Estudiantes,VISITANTE,0.2,0.4444444444444444,0.8,0.7777777777777778,5.2,5.222222222222222,4.4,4.444444444444445,3.2,2.4444444444444446,2.8,2.888888888888889,13.2,12.666666666666666,11.8,11.666666666666666,3.0,3.111111111111111,3.4,3.888888888888889,5.2,5.111111111111111,5.8,5.333333333333333,0.8,1.0,2.2,2.5555555555555554,0.75,0.625,2.25,2.375,16.8,17.77777777777778,20.4,19.22222222222222,11.8,10.11111111111111,12.4,12.88888888888889,351.2,365.0,396.6,368.0,280.4,294.55555555555554,329.6,298.6666666666667,16.8,15.11111111111111,14.4,15.88888888888889,7.0,6.888888888888889,7.8,7.0,51.0,48.44444444444444,48.0,46.0,0.4444444444444444,0.7777777777777778,5.222222222222222,4.444444444444445,2.4444444444444446,2.888888888888889,12.666666666666666,11.666666666666666,3.111111111111111,3.888888888888889,5.111111111111111,5.333333333333333,1.0,2.5555555555555554,0.625,2.375,17.77777777777778,19.22222222222222,10.11111111111111,12.88888888888889,365.0,368.0,294.55555555555554,298.6666666666667,15.11111111111111,15.88888888888889,6.888888888888889,7.0,48.44444444444444,46.0,9
2026-03-23,m_0d5xg9,12,t_1HsET8,Estudiantes,LOCAL,0.4,0.5,1.2,0.9,5.2,5.1,3.8,4.3,3.2,2.4,3.2,3.1,13.6,12.7,11.0,11.5,3.0,3.0,3.8,4.1,6.0,5.3,4.8,5.1,0.8,1.0,2.0,2.5,0.5,0.5555555555555556,1.75,2.2222222222222223,18.0,17.9,20.0,19.7,11.0,10.1,13.2,13.3,355.6,359.9,400.2,375.8,282.4,288.9,328.6,305.2,17.0,15.3,16.2,17.2,7.4,7.0,8.2,7.1,49.6,47.8,50.0,46.3,0.5,0.9,5.1,4.3,2.4,3.1,12.7,11.5,3.0,4.1,5.3,5.1,1.0,2.5,0.5555555555555556,2.2222222222222223,17.9,19.7,10.1,13.3,359.9,375.8,288.9,305.2,15.3,17.2,7.0,7.1,47.8,46.3,10
2026-04-03,m_0IMWj8,13,t_1HsET8,Estudiantes,VISITANTE,1.2,0.9,1.2,0.8,6.0,4.9,3.8,4.2,2.8,2.4,3.0,3.0,16.2,13.9,9.4,10.8,4.2,4.0,3.4,4.0,6.2,5.3,4.0,4.5,1.8,1.5,1.8,2.2,1.0,0.7777777777777778,1.5,2.0,21.4,19.0,17.2,18.4,10.2,10.2,14.2,13.6,383.8,373.0,390.0,365.1,311.6,302.8,316.0,294.7,15.4,15.1,16.6,16.6,8.4,7.0,8.6,7.2,48.8,47.3,49.8,45.8,0.9090909090909091,0.8181818181818182,5.363636363636363,4.2727272727272725,2.3636363636363638,3.090909090909091,13.818181818181818,10.818181818181818,3.909090909090909,3.8181818181818183,5.363636363636363,4.636363636363637,1.4545454545454546,2.272727272727273,0.7,2.0,19.272727272727273,18.727272727272727,10.090909090909092,13.272727272727273,364.90909090909093,372.3636363636364,293.90909090909093,300.3636363636364,14.727272727272727,17.181818181818183,7.363636363636363,7.2727272727272725,47.81818181818182,46.09090909090909,11
2026-04-11,m_4fxT6w,14,t_1HsET8,Estudiantes,LOCAL,1.4,0.9,0.8,0.6,6.4,4.6,3.8,4.0,3.2,2.7,3.6,3.2,15.4,13.9,8.6,10.8,5.0,4.2,3.0,3.8,4.8,5.4,4.0,4.8,2.0,1.5,1.2,1.9,1.25,0.8888888888888888,0.75,1.7777777777777777,22.0,17.6,17.8,18.7,10.8,10.8,14.8,13.7,397.2,360.6,385.4,387.1,322.0,288.6,308.4,314.8,17.4,16.0,17.4,16.3,10.4,7.7,8.0,7.1,51.0,49.7,53.2,48.5,0.9166666666666666,0.75,5.25,4.166666666666667,2.5,3.1666666666666665,13.5,11.0,4.0,3.9166666666666665,5.166666666666667,4.833333333333333,1.5,2.1666666666666665,0.8181818181818182,1.9090909090909092,19.166666666666668,18.916666666666668,10.416666666666666,13.416666666666666,362.8333333333333,378.8333333333333,290.6666666666667,306.3333333333333,15.833333333333334,17.166666666666668,8.0,7.0,49.083333333333336,47.916666666666664,12
2026-04-18,m_1Vr866,15,t_1HsET8,Estudiantes,VISITANTE,1.8,1.1,0.8,0.7,5.4,5.0,4.2,4.3,3.2,3.0,3.8,3.6,15.0,14.0,9.2,10.6,5.2,4.4,3.2,3.4,5.4,5.3,3.6,4.8,2.4,1.8,1.2,1.9,1.25,1.0,0.75,1.6666666666666667,20.8,18.5,17.6,18.5,11.6,11.7,14.4,14.3,411.6,381.5,379.2,369.5,333.4,307.9,298.6,293.5,16.6,16.0,17.0,16.5,10.4,8.3,8.4,7.6,49.0,51.3,50.4,49.1,1.0,0.7692307692307693,5.153846153846154,4.3076923076923075,2.6923076923076925,3.3076923076923075,13.23076923076923,11.076923076923077,3.923076923076923,3.769230769230769,5.153846153846154,4.923076923076923,1.6153846153846154,2.1538461538461537,0.8333333333333334,1.8333333333333333,19.0,18.615384615384617,10.923076923076923,13.461538461538462,372.38461538461536,371.61538461538464,299.3076923076923,297.84615384615387,15.846153846153847,16.76923076923077,8.153846153846153,7.3076923076923075,49.15384615384615,47.69230769230769,13
2026-04-25,m_4DTyjs,16,t_1HsET8,Estudiantes,LOCAL,1.8,1.0,0.8,0.8,5.4,5.3,3.6,4.0,3.2,3.2,4.2,3.5,14.8,14.0,8.6,10.2,5.2,4.1,3.2,3.3,5.8,5.5,3.4,4.6,2.4,1.6,1.2,1.7,1.0,0.8888888888888888,0.8,1.4444444444444444,23.2,20.0,14.8,17.6,13.4,12.6,15.2,13.8,384.8,368.0,359.6,378.1,307.0,293.7,275.8,302.7,16.0,16.4,18.2,16.3,9.8,8.4,7.6,7.7,51.6,51.3,50.0,49.0,0.9285714285714286,0.7857142857142857,5.285714285714286,4.142857142857143,2.7142857142857144,3.357142857142857,13.428571428571429,10.571428571428571,3.857142857142857,3.642857142857143,5.357142857142857,4.642857142857143,1.5,2.0714285714285716,0.7692307692307693,1.7692307692307692,19.714285714285715,17.642857142857142,11.285714285714286,13.714285714285714,372.07142857142856,365.0,299.0,290.5,15.428571428571429,16.714285714285715,7.928571428571429,7.214285714285714,49.57142857142857,47.42857142857143,14
2026-05-03,m_3MBuhd,9,t_1HsET8,Estudiantes,VISITANTE,1.6,1.0,0.4,0.8,5.8,5.5,3.2,3.5,3.0,3.1,4.0,3.6,15.4,14.5,8.6,9.8,5.4,4.2,2.6,3.2,5.8,5.9,3.4,4.1,2.6,1.7,0.8,1.4,1.4,1.0,0.6,1.1111111111111112,23.2,20.6,12.8,16.4,13.0,12.0,13.8,13.5,413.0,384.3,347.0,373.6,335.4,308.9,267.0,297.8,16.8,16.9,16.6,16.4,10.0,8.7,7.8,8.0,52.4,51.0,50.2,50.1,0.8666666666666667,0.7333333333333333,5.333333333333333,3.933333333333333,2.6,3.4,13.6,10.533333333333333,3.8,3.6,5.466666666666667,4.533333333333333,1.5333333333333334,1.9333333333333333,0.8571428571428571,1.6428571428571428,19.666666666666668,17.4,11.066666666666666,13.466666666666667,377.6,366.2,304.4,292.46666666666664,15.8,17.0,8.0,7.333333333333333,49.333333333333336,47.6,15
2026-05-10,m_3vjLig,1/8,t_1HsET8,Estudiantes,LOCAL,0.6,0.9,0.8,1.0,5.6,5.8,3.4,3.6,2.8,2.8,3.6,3.3,14.0,15.1,11.0,10.2,4.2,4.2,4.0,3.7,6.4,6.3,4.6,4.3,2.0,1.9,1.4,1.6,1.6,1.3333333333333333,0.8,1.1111111111111112,20.8,21.1,14.6,15.9,13.0,11.6,13.6,13.9,400.2,392.0,345.8,367.9,320.4,316.0,267.2,291.6,18.0,16.7,15.4,16.0,8.6,8.5,8.0,8.3,54.2,51.5,53.2,51.5,0.8125,0.8125,5.4375,4.0,2.5,3.25,13.875,10.875,4.0,3.875,5.6875,4.625,1.625,2.0,1.0,1.6,19.75,17.4375,11.0,13.375,375.9375,364.0625,302.1875,290.0,15.75,16.625,7.75,7.5,49.8125,48.3125,16
2026-07-26,m_0smnBS,1,t_1HsET8,Estudiantes,LOCAL,0.4,0.9,1.0,0.9,5.0,5.7,3.6,3.7,2.4,2.8,3.8,3.7,14.6,15.0,10.0,9.3,4.0,4.5,3.4,3.2,6.8,5.8,4.2,4.1,1.8,1.9,1.6,1.4,1.4,1.3333333333333333,0.8,0.7777777777777778,21.4,21.7,12.6,15.2,10.4,10.6,14.2,14.5,403.6,400.4,333.6,359.5,320.0,321.0,251.0,279.7,15.2,16.3,15.8,16.6,7.4,8.9,10.4,9.2,54.0,52.5,52.4,52.8,0.7647058823529411,0.8235294117647058,5.176470588235294,4.0,2.4705882352941178,3.3529411764705883,13.823529411764707,10.705882352941176,4.0,3.764705882352941,5.647058823529412,4.647058823529412,1.588235294117647,2.0,1.0,1.5625,19.823529411764707,17.058823529411764,10.411764705882353,13.647058823529411,374.8235294117647,365.52941176470586,299.29411764705884,290.05882352941177,15.647058823529411,16.764705882352942,7.823529411764706,8.0,50.529411764705884,49.23529411764706,17
2026-08-01,m_2xdOyu,3,t_1HsET8,Estudiantes,LOCAL,0.0,0.9,1.2,1.0,5.2,5.3,3.4,3.8,1.6,2.4,3.0,3.4,15.8,15.4,10.4,9.8,4.0,4.6,3.8,3.5,7.4,6.4,4.4,4.0,1.8,2.1,1.8,1.5,1.8,1.5555555555555556,0.8,0.7777777777777778,24.6,22.7,14.0,15.8,10.0,10.8,14.2,14.3,381.4,396.5,330.2,354.7,298.0,315.7,247.0,272.8,16.8,16.7,17.4,17.2,7.8,9.1,11.4,9.9,53.6,51.3,53.2,51.8,0.7222222222222222,0.8888888888888888,5.166666666666667,4.055555555555555,2.388888888888889,3.2222222222222223,13.944444444444445,10.88888888888889,3.9444444444444446,3.7777777777777777,5.777777777777778,4.777777777777778,1.6666666666666667,2.0555555555555554,1.1176470588235294,1.5294117647058822,20.555555555555557,17.333333333333332,10.666666666666666,13.666666666666666,374.8888888888889,360.1111111111111,298.94444444444446,283.72222222222223,16.11111111111111,16.944444444444443,8.055555555555555,8.444444444444445,50.388888888888886,49.22222222222222,18
2026-08-05,m_26MC0h,2,t_1HsET8,Estudiantes,VISITANTE,0.6,1.2,1.0,0.9,4.2,4.8,4.0,3.8,1.2,2.2,2.6,3.4,15.6,15.2,13.6,11.1,5.2,5.2,5.0,4.1,6.6,6.2,5.4,4.4,3.2,2.8,2.0,1.6,2.8,1.9,1.0,0.9,22.0,22.6,19.2,17.0,9.6,11.5,12.6,13.9,374.4,379.6,370.4,365.0,292.6,299.8,289.0,282.4,18.0,17.0,19.2,18.7,8.8,9.3,12.6,10.1,53.8,52.7,56.4,53.2,0.8421052631578947,0.8421052631578947,5.0,4.105263157894737,2.3157894736842106,3.1578947368421053,14.0,11.368421052631579,4.2105263157894735,4.0,5.684210526315789,4.842105263157895,1.9473684210526316,2.0526315789473686,1.3333333333333333,1.5555555555555556,20.31578947368421,18.05263157894737,10.842105263157896,13.421052631578947,372.6842105263158,366.42105263157896,297.3157894736842,290.10526315789474,16.105263157894736,17.36842105263158,8.157894736842104,8.631578947368421,50.68421052631579,49.78947368421053,19
2026-08-08,m_3xPV3E,4,t_1HsET8,Estudiantes,VISITANTE,0.6,1.1,1.2,0.8,3.4,4.6,4.8,4.0,1.6,2.3,2.0,3.0,14.0,14.7,14.0,11.3,5.4,5.4,4.8,3.7,5.8,5.8,5.6,4.5,3.0,2.8,2.4,1.6,2.6,2.0,1.2,0.9,21.8,22.5,22.0,17.4,10.2,11.6,13.8,13.8,359.6,386.3,415.6,381.3,277.6,306.5,330.6,298.8,17.4,17.1,19.2,17.9,9.8,9.9,11.8,9.8,55.0,53.7,57.8,54.0,0.8,0.85,4.85,4.15,2.35,3.05,13.7,11.4,4.2,3.9,5.55,4.8,1.9,2.05,1.3157894736842106,1.5263157894736843,20.2,18.55,10.85,13.55,373.1,378.55,297.7,302.0,16.2,17.55,8.45,8.45,50.75,50.15,20
2026-08-15,m_3spPk4,5,t_1HsET8,Estudiantes,LOCAL,1.0,0.8,0.8,0.8,2.4,4.0,3.8,3.6,2.0,2.4,2.6,3.1,12.4,13.2,12.6,11.8,4.8,4.5,3.4,3.7,4.6,5.5,5.2,4.9,3.0,2.5,2.0,1.7,2.2,1.9,1.2,1.0,20.8,20.8,20.4,17.5,11.2,12.1,14.0,13.8,335.8,368.0,474.6,410.2,250.2,285.3,384.6,325.9,17.4,17.7,20.0,17.7,12.8,10.7,12.2,10.1,55.8,55.0,58.2,55.7,0.8571428571428571,0.8095238095238095,4.714285714285714,3.9523809523809526,2.380952380952381,3.0952380952380953,13.523809523809524,11.285714285714286,4.190476190476191,3.761904761904762,5.428571428571429,4.761904761904762,1.9523809523809523,2.0,1.3,1.5,20.0,18.142857142857142,11.047619047619047,13.523809523809524,366.3809523809524,390.3809523809524,289.8095238095238,312.5238095238095,16.142857142857142,17.428571428571427,8.952380952380953,8.619047619047619,51.23809523809524,50.666666666666664,21
2026-08-23,m_3xzvfD,6,t_1HsET8,Estudiantes,VISITANTE,1.8,1.1,0.6,0.8,3.6,4.3,3.4,3.5,2.0,2.2,2.6,3.2,14.2,14.4,12.6,11.3,5.6,4.8,3.6,3.5,5.0,5.9,4.6,4.4,4.0,2.9,1.8,1.7,2.8,2.1,1.2,1.0,20.8,21.1,19.8,16.2,13.8,12.1,13.4,13.8,382.6,393.1,431.4,382.5,304.0,312.0,347.8,299.4,18.0,16.6,20.6,18.2,11.8,9.6,11.0,10.7,52.6,53.3,52.4,52.4,1.0,0.7727272727272727,4.818181818181818,3.8636363636363638,2.3636363636363638,3.1818181818181817,13.909090909090908,11.136363636363637,4.363636363636363,3.727272727272727,5.5,4.636363636363637,2.1363636363636362,1.9545454545454546,1.4285714285714286,1.4761904761904763,20.045454545454547,17.681818181818183,11.181818181818182,13.590909090909092,376.59090909090907,380.5,300.3636363636364,303.1818181818182,16.181818181818183,17.636363636363637,8.727272727272727,8.681818181818182,51.0,49.95454545454545,22
2026-08-31,m_23XA3J,7,t_1HsET8,Estudiantes,LOCAL,2.2,1.1,0.2,0.7,3.2,4.2,3.4,3.4,2.2,1.9,3.2,3.1,13.2,14.5,13.6,12.0,6.2,5.1,4.0,3.9,4.4,5.9,5.0,4.7,3.8,2.8,1.4,1.6,2.4,2.1,1.2,1.0,17.4,21.0,20.4,17.2,14.2,12.1,12.4,13.3,343.0,362.2,494.2,412.2,266.2,282.1,415.4,331.2,16.6,16.7,19.2,18.3,10.6,9.2,8.4,9.9,51.8,52.7,51.8,52.5,1.0434782608695652,0.7391304347826086,4.739130434782608,3.9130434782608696,2.347826086956522,3.217391304347826,13.782608695652174,11.478260869565217,4.434782608695652,3.8260869565217392,5.478260869565218,4.826086956521739,2.130434782608696,1.9130434782608696,1.4090909090909092,1.4545454545454546,19.869565217391305,18.0,11.434782608695652,13.391304347826088,367.95652173913044,389.2608695652174,291.82608695652175,312.3478260869565,16.217391304347824,17.434782608695652,8.608695652173912,8.434782608695652,50.69565217391305,49.78260869565217,23
2026-09-06,m_3kXmim,8,t_1HsET8,Estudiantes,VISITANTE,1.6,1.1,0.2,0.6,4.0,4.1,2.4,3.2,2.2,1.7,3.0,2.8,15.0,15.3,11.4,12.5,6.0,5.6,2.8,3.9,5.6,6.1,5.0,5.2,3.4,3.3,1.4,1.7,2.4,2.6,1.2,1.1,21.2,21.6,16.2,17.7,13.4,11.5,13.6,13.1,389.0,381.7,465.6,418.0,305.2,298.9,382.0,335.5,18.4,18.2,17.6,18.4,10.2,9.5,8.0,10.3,52.0,52.9,51.0,53.7,1.0,0.7083333333333334,4.791666666666667,3.75,2.2916666666666665,3.125,14.208333333333334,11.375,4.583333333333333,3.75,5.666666666666667,4.875,2.25,1.9166666666666667,1.565217391304348,1.4782608695652173,20.5,17.666666666666668,11.375,13.458333333333334,376.0833333333333,387.0833333333333,298.9583333333333,309.25,16.583333333333332,17.416666666666668,8.583333333333334,8.5,50.958333333333336,50.041666666666664,24
2026-09-12,m_2iSmoq,9,t_1HsET8,Estudiantes,LOCAL,1.8,1.2,0.0,0.6,4.6,4.0,1.6,3.2,2.0,1.8,3.8,2.9,15.6,14.8,10.2,12.1,5.8,5.6,2.8,3.8,6.0,5.9,4.6,5.1,3.8,3.4,1.0,1.7,2.6,2.6,1.0,1.1,23.4,22.6,13.0,17.5,14.4,12.3,14.2,14.0,389.0,374.3,438.2,426.9,294.4,286.0,345.0,337.8,17.6,17.5,16.8,18.0,10.4,10.1,10.2,11.0,54.8,54.9,53.4,55.6,1.0,0.68,4.8,3.64,2.28,3.2,14.08,11.16,4.52,3.68,5.64,4.76,2.28,1.84,1.5833333333333333,1.4166666666666667,20.84,17.44,11.56,13.68,376.28,390.48,297.04,310.6,16.48,17.4,8.84,8.8,51.56,50.8,25
2026-09-22,m_0Feldm,Clausura - Round 10,t_1HsET8,Estudiantes,VISITANTE,1.8,1.4,0.2,0.5,4.6,3.5,2.0,2.9,2.2,2.1,3.6,3.1,16.8,14.6,10.8,11.7,7.0,5.9,2.8,3.1,6.4,5.5,5.4,5.3,3.8,3.4,1.2,1.6,2.8,2.5,1.0,1.1,25.0,22.9,13.0,16.7,14.4,12.8,15.4,14.7,427.2,381.5,374.0,424.3,334.4,292.3,281.8,333.2,19.4,18.4,15.8,17.9,8.0,10.4,10.2,11.2,53.0,54.4,51.4,54.8,1.0384615384615385,0.6923076923076923,4.6923076923076925,3.576923076923077,2.3461538461538463,3.1923076923076925,14.153846153846153,11.192307692307692,4.730769230769231,3.576923076923077,5.615384615384615,4.884615384615385,2.3076923076923075,1.8461538461538463,1.6,1.4,20.96153846153846,17.153846153846153,11.692307692307692,13.884615384615385,378.0769230769231,387.2307692307692,298.38461538461536,306.61538461538464,16.76923076923077,17.115384615384617,8.76923076923077,8.923076923076923,51.57692307692308,50.80769230769231,26
2026-10-05,m_2cktRa,Clausura - Round 11,t_1HsET8,Estudiantes,LOCAL,1.4,1.6,0.4,0.5,3.4,3.5,3.2,3.3,2.2,2.1,3.0,2.8,13.6,13.9,14.0,13.3,6.0,5.8,3.2,3.4,5.4,5.2,7.0,5.8,3.0,3.5,1.6,1.7,2.0,2.4,1.4,1.3,23.0,21.9,17.8,18.8,13.8,13.8,14.4,13.9,387.8,385.2,454.4,442.9,290.0,297.0,356.6,352.2,18.4,18.2,14.8,17.7,9.2,10.5,9.8,10.4,56.6,54.6,57.4,54.9,1.0740740740740742,0.7037037037037037,4.555555555555555,3.740740740740741,2.3333333333333335,3.1481481481481484,13.851851851851851,11.666666666666666,4.666666666666667,3.6296296296296298,5.481481481481482,5.074074074074074,2.2962962962962963,1.8888888888888888,1.5384615384615385,1.4615384615384615,20.59259259259259,17.703703703703702,11.666666666666666,13.74074074074074,378.6666666666667,394.18518518518516,298.44444444444446,313.0740740740741,16.59259259259259,17.11111111111111,8.814814814814815,8.88888888888889,52.03703703703704,51.333333333333336,27
2026-01-26,m_3gOUak,1,t_1L8FaD,Tigre,LOCAL,,,,,,,,,,,,,,,,,,,,,,,,,,,,,,,,,,,,,,,,,,,,,,,,,,,,,,,,,,,,,,,,,,,,,,,,,,,,,,,,,,,,,,,,,,,0
2026-01-29,m_4XI4Tz,2,t_1L8FaD,Tigre,VISITANTE,2.0,2.0,0.0,0.0,3.0,3.0,6.0,6.0,3.0,3.0,3.0,3.0,11.0,11.0,9.0,9.0,3.0,3.0,2.0,2.0,5.0,5.0,5.0,5.0,3.0,3.0,1.0,1.0,1.0,1.0,1.0,1.0,12.0,12.0,14.0,14.0,16.0,16.0,9.0,9.0,357.0,357.0,326.0,326.0,264.0,264.0,236.0,236.0,10.0,10.0,14.0,14.0,6.0,6.0,2.0,2.0,40.0,40.0,33.0,33.0,2.0,0.0,3.0,6.0,3.0,3.0,11.0,9.0,3.0,2.0,5.0,5.0,3.0,1.0,1.0,1.0,12.0,14.0,16.0,9.0,357.0,326.0,264.0,236.0,10.0,14.0,6.0,2.0,40.0,33.0,1
2026-02-02,m_3ACZQ9,3,t_1L8FaD,Tigre,LOCAL,1.5,1.5,0.5,0.5,2.0,2.0,6.5,6.5,2.0,2.0,2.5,2.5,8.5,8.5,10.5,10.5,3.0,3.0,1.5,1.5,3.5,3.5,6.5,6.5,2.0,2.0,0.5,0.5,1.0,1.0,1.0,1.0,7.5,7.5,19.0,19.0,12.0,12.0,7.5,7.5,336.5,336.5,383.5,383.5,241.5,241.5,295.5,295.5,14.0,14.0,15.5,15.5,8.5,8.5,6.0,6.0,44.5,44.5,41.5,41.5,1.5,0.5,2.0,6.5,2.0,2.5,8.5,10.5,3.0,1.5,3.5,6.5,2.0,0.5,1.0,1.0,7.5,19.0,12.0,7.5,336.5,383.5,241.5,295.5,14.0,15.5,8.5,6.0,44.5,41.5,2
2026-02-07,m_0k3gzI,4,t_1L8FaD,Tigre,VISITANTE,1.3333333333333333,1.3333333333333333,1.3333333333333333,1.3333333333333333,3.6666666666666665,3.6666666666666665,6.0,6.0,2.6666666666666665,2.6666666666666665,1.6666666666666667,1.6666666666666667,9.666666666666666,9.666666666666666,11.0,11.0,3.0,3.0,3.6666666666666665,3.6666666666666665,5.0,5.0,5.666666666666667,5.666666666666667,2.6666666666666665,2.6666666666666665,1.6666666666666667,1.6666666666666667,2.5,2.5,1.5,1.5,10.0,10.0,18.0,18.0,12.333333333333334,12.333333333333334,8.333333333333334,8.333333333333334,360.0,360.0,323.3333333333333,323.3333333333333,279.0,279.0,240.33333333333334,240.33333333333334,13.333333333333334,13.333333333333334,13.666666666666666,13.666666666666666,8.666666666666666,8.666666666666666,6.333333333333333,6.333333333333333,40.666666666666664,40.666666666666664,39.666666666666664,39.666666666666664,1.3333333333333333,1.3333333333333333,3.6666666666666665,6.0,2.6666666666666665,1.6666666666666667,9.666666666666666,11.0,3.0,3.6666666666666665,5.0,5.666666666666667,2.6666666666666665,1.6666666666666667,2.5,1.5,10.0,18.0,12.333333333333334,8.333333333333334,360.0,323.3333333333333,279.0,240.33333333333334,13.333333333333334,13.666666666666666,8.666666666666666,6.333333333333333,40.666666666666664,39.666666666666664,3
2026-02-12,m_1H9yMb,5,t_1L8FaD,Tigre,LOCAL,2.0,2.0,1.25,1.25,3.25,3.25,6.25,6.25,3.0,3.0,1.75,1.75,10.0,10.0,12.5,12.5,3.75,3.75,4.0,4.0,5.0,5.0,5.5,5.5,2.75,2.75,1.5,1.5,2.0,2.0,1.3333333333333333,1.3333333333333333,9.5,9.5,17.75,17.75,12.5,12.5,8.5,8.5,328.0,328.0,378.5,378.5,244.75,244.75,294.5,294.5,14.75,14.75,14.25,14.25,10.75,10.75,5.75,5.75,43.0,43.0,42.75,42.75,2.0,1.25,3.25,6.25,3.0,1.75,10.0,12.5,3.75,4.0,5.0,5.5,2.75,1.5,2.0,1.3333333333333333,9.5,17.75,12.5,8.5,328.0,378.5,244.75,294.5,14.75,14.25,10.75,5.75,43.0,42.75,4
2026-02-22,m_10l4Ew,6,t_1L8FaD,Tigre,VISITANTE,1.6,1.6,1.2,1.2,3.4,3.4,6.4,6.4,2.8,2.8,2.0,2.0,10.0,10.0,12.8,12.8,3.0,3.0,4.4,4.4,5.6,5.6,5.2,5.2,2.2,2.2,1.6,1.6,1.5,1.5,1.25,1.25,10.4,10.4,17.2,17.2,13.4,13.4,8.6,8.6,331.2,331.2,359.4,359.4,247.6,247.6,273.2,273.2,15.0,15.0,15.6,15.6,10.2,10.2,5.8,5.8,44.0,44.0,43.4,43.4,1.6,1.2,3.4,6.4,2.8,2.0,10.0,12.8,3.0,4.4,5.6,5.2,2.2,1.6,1.5,1.25,10.4,17.2,13.4,8.6,331.2,359.4,247.6,273.2,15.0,15.6,10.2,5.8,44.0,43.4,5
2026-02-25,m_2dkzXZ,7,t_1L8FaD,Tigre,VISITANTE,1.2,1.3333333333333333,1.2,1.0,4.0,3.8333333333333335,6.0,6.0,2.4,2.5,3.0,3.0,11.0,11.0,13.8,13.0,3.0,3.0,4.2,3.8333333333333335,6.4,6.166666666666667,6.4,6.166666666666667,1.8,2.0,1.4,1.3333333333333333,1.5,1.4,1.0,1.0,11.8,11.833333333333334,17.0,16.5,12.2,12.833333333333334,10.6,10.333333333333334,352.4,353.1666666666667,353.6,349.0,271.2,270.0,272.8,266.6666666666667,17.2,16.0,15.2,15.0,11.6,10.666666666666666,7.6,6.666666666666667,46.2,45.166666666666664,46.8,44.5,1.3333333333333333,1.0,3.8333333333333335,6.0,2.5,3.0,11.0,13.0,3.0,3.8333333333333335,6.166666666666667,6.166666666666667,2.0,1.3333333333333333,1.4,1.0,11.833333333333334,16.5,12.833333333333334,10.333333333333334,353.1666666666667,349.0,270.0,266.6666666666667,16.0,15.0,10.666666666666666,6.666666666666667,45.166666666666664,44.5,6
2026-03-02,m_4QwFk6,8,t_1L8FaD,Tigre,LOCAL,1.2,1.2857142857142858,1.4,1.1428571428571428,4.2,3.5714285714285716,4.6,5.142857142857143,2.4,2.2857142857142856,3.4,3.142857142857143,12.8,11.571428571428571,13.6,12.714285714285714,3.6,3.4285714285714284,5.0,4.0,7.4,6.285714285714286,5.8,6.0,2.0,2.0,1.6,1.2857142857142858,1.4,1.3333333333333333,0.8,0.8333333333333334,14.0,12.142857142857142,15.2,16.285714285714285,13.0,12.714285714285714,13.0,11.428571428571429,354.6,349.42857142857144,343.6,355.0,278.0,267.57142857142856,262.8,272.14285714285717,16.2,15.571428571428571,15.2,15.285714285714286,11.8,10.857142857142858,7.8,7.285714285714286,46.6,46.0,48.0,46.142857142857146,1.2857142857142858,1.1428571428571428,3.5714285714285716,5.142857142857143,2.2857142857142856,3.142857142857143,11.571428571428571,12.714285714285714,3.4285714285714284,4.0,6.285714285714286,6.0,2.0,1.2857142857142858,1.3333333333333333,0.8333333333333334,12.142857142857142,16.285714285714285,12.714285714285714,11.428571428571429,349.42857142857144,355.0,267.57142857142856,272.14285714285717,15.571428571428571,15.285714285714286,10.857142857142858,7.285714285714286,46.0,46.142857142857146,7
2026-03-10,m_4GHjNn,10,t_1L8FaD,Tigre,LOCAL,1.4,1.375,1.2,1.25,3.2,3.375,5.4,5.625,2.6,2.625,3.6,2.875,11.4,10.75,15.4,13.75,3.6,3.375,4.6,4.25,6.2,5.75,7.0,6.5,1.6,2.0,1.4,1.5,0.8,1.2857142857142858,0.8,1.0,13.0,11.875,18.2,18.125,14.0,13.375,12.8,11.125,338.6,346.625,371.4,353.375,255.2,264.125,287.6,269.875,20.4,17.75,18.0,16.375,11.6,10.5,8.8,7.875,50.4,46.75,52.2,47.5,1.375,1.25,3.375,5.625,2.625,2.875,10.75,13.75,3.375,4.25,5.75,6.5,2.0,1.5,1.2857142857142858,1.0,11.875,18.125,13.375,11.125,346.625,353.375,264.125,269.875,17.75,16.375,10.5,7.875,46.75,47.5,8
2026-03-16,m_2yIwhJ,11,t_1L8FaD,Tigre,LOCAL,0.8,1.3333333333333333,1.2,1.2222222222222223,3.4,3.3333333333333335,4.8,5.444444444444445,2.8,2.888888888888889,3.8,2.888888888888889,11.0,10.555555555555555,15.2,14.0,3.4,3.5555555555555554,4.4,4.222222222222222,5.4,5.222222222222222,8.0,6.888888888888889,1.2,1.8888888888888888,1.4,1.4444444444444444,0.6,1.125,0.8,1.0,15.0,12.555555555555555,20.0,19.0,13.8,13.222222222222221,14.2,11.666666666666666,380.0,356.8888888888889,321.4,346.77777777777777,294.8,272.55555555555554,236.0,262.0,19.0,17.11111111111111,18.2,16.444444444444443,9.6,10.11111111111111,10.8,8.555555555555555,50.8,47.333333333333336,53.0,48.44444444444444,1.3333333333333333,1.2222222222222223,3.3333333333333335,5.444444444444445,2.888888888888889,2.888888888888889,10.555555555555555,14.0,3.5555555555555554,4.222222222222222,5.222222222222222,6.888888888888889,1.8888888888888888,1.4444444444444444,1.125,1.0,12.555555555555555,19.0,13.222222222222221,11.666666666666666,356.8888888888889,346.77777777777777,272.55555555555554,262.0,17.11111111111111,16.444444444444443,10.11111111111111,8.555555555555555,47.333333333333336,48.44444444444444,9
2026-03-21,m_3Ol2iT,12,t_1L8FaD,Tigre,VISITANTE,1.0,1.3,1.2,1.2,3.0,3.2,3.6,5.0,3.4,3.1,3.6,2.8,10.6,10.3,13.6,13.2,4.0,3.5,3.8,4.1,4.4,5.0,7.8,6.5,1.8,2.0,1.4,1.5,1.0,1.2222222222222223,0.8,1.0,15.6,13.0,19.8,18.5,13.6,13.5,15.4,12.0,421.0,376.1,322.4,340.9,336.6,292.1,237.8,255.5,18.0,16.5,15.4,15.5,9.6,9.9,12.6,9.2,51.4,47.7,54.8,49.1,1.3,1.2,3.2,5.0,3.1,2.8,10.3,13.2,3.5,4.1,5.0,6.5,2.0,1.5,1.2222222222222223,1.0,13.0,18.5,13.5,12.0,376.1,340.9,292.1,255.5,16.5,15.5,9.9,9.2,47.7,49.1,10
2026-04-02,m_41Dxbo,13,t_1L8FaD,Tigre,LOCAL,1.2,1.2,1.2,1.2,2.4,3.2,4.2,5.1,4.0,3.2,2.6,2.8,9.8,10.4,15.2,14.5,4.4,3.7,4.4,4.3,3.8,5.1,8.0,7.2,1.8,1.8,1.8,1.6,0.8,1.1111111111111112,1.2,1.1111111111111112,14.8,13.3,23.0,20.0,14.4,13.3,14.0,12.3,366.4,359.4,365.6,359.6,281.4,276.3,272.4,272.6,20.0,18.6,15.4,15.3,8.0,9.8,12.0,9.8,51.0,48.6,55.8,51.3,1.2727272727272727,1.0909090909090908,3.1818181818181817,5.181818181818182,3.1818181818181817,2.8181818181818183,10.454545454545455,14.0,3.6363636363636362,4.090909090909091,5.090909090909091,7.0,1.9090909090909092,1.5454545454545454,1.1,1.1,13.181818181818182,19.454545454545453,13.545454545454545,12.0,359.1818181818182,356.54545454545456,275.1818181818182,269.27272727272725,17.818181818181817,15.181818181818182,9.454545454545455,9.090909090909092,47.81818181818182,49.63636363636363,11
2026-04-12,m_19b0Rn,14,t_1L8FaD,Tigre,VISITANTE,1.0,1.1,1.2,1.3,2.4,3.3,5.2,4.9,4.0,3.2,2.2,2.8,10.4,11.6,15.6,14.6,4.6,4.1,4.2,4.6,3.6,5.5,7.6,6.7,2.0,2.0,1.8,1.7,1.2,1.3,1.2,1.0,15.8,14.9,23.4,19.3,14.8,13.9,13.6,13.3,364.4,359.5,357.4,350.5,278.6,278.3,264.0,263.4,21.6,18.9,15.2,15.2,7.6,9.7,11.6,9.7,50.8,48.7,56.4,52.2,1.1666666666666667,1.1666666666666667,3.0833333333333335,5.166666666666667,3.0,2.75,11.083333333333334,13.916666666666666,3.9166666666666665,4.083333333333333,5.166666666666667,6.666666666666667,2.0,1.5,1.2727272727272727,1.0,13.666666666666666,19.25,13.583333333333334,12.333333333333334,355.6666666666667,356.0,272.1666666666667,268.75,18.083333333333332,15.25,9.5,9.083333333333334,48.0,50.416666666666664,12
2026-04-21,m_0QP5Eq,15,t_1L8FaD,Tigre,LOCAL,0.6,1.0,0.8,1.0,2.6,2.9,4.4,4.9,3.2,2.9,2.2,2.9,11.8,11.6,12.8,14.1,4.8,4.2,3.2,3.9,4.2,5.2,6.4,6.7,1.8,1.7,1.4,1.4,1.2,1.0,1.0,0.9,17.4,15.2,20.0,19.1,13.2,13.6,14.4,13.6,372.2,355.4,357.2,364.3,282.4,268.8,260.4,274.0,19.8,20.1,14.4,16.2,7.2,9.4,11.0,9.9,50.4,50.4,55.6,53.9,1.0769230769230769,1.0769230769230769,3.076923076923077,5.153846153846154,2.8461538461538463,2.6153846153846154,11.153846153846153,13.384615384615385,3.923076923076923,3.8461538461538463,5.153846153846154,6.461538461538462,1.9230769230769231,1.4615384615384615,1.25,1.0,14.0,18.846153846153847,13.307692307692308,12.384615384615385,356.46153846153845,354.84615384615387,271.15384615384613,266.2307692307692,18.53846153846154,15.615384615384615,9.23076923076923,9.076923076923077,48.15384615384615,50.61538461538461,13
2026-04-25,m_19Px84,16,t_1L8FaD,Tigre,VISITANTE,0.6,0.7,0.8,1.0,2.6,3.0,3.6,4.2,3.0,2.9,2.0,2.9,11.0,11.0,11.4,13.3,4.2,3.8,2.8,3.6,4.2,4.8,5.4,6.7,1.6,1.4,1.6,1.5,1.2,0.9,1.0,0.9,17.8,16.4,17.0,18.5,13.6,13.7,14.2,14.2,390.8,385.4,359.4,340.4,304.4,299.6,265.4,250.7,22.6,20.8,13.0,15.6,8.2,8.9,9.8,10.3,51.6,51.2,56.6,54.8,1.0714285714285714,1.0714285714285714,3.0714285714285716,4.785714285714286,2.9285714285714284,2.5714285714285716,10.714285714285714,13.071428571428571,3.7857142857142856,3.7142857142857144,4.857142857142857,6.357142857142857,1.7857142857142858,1.5,1.1538461538461537,1.0,14.428571428571429,18.285714285714285,13.357142857142858,12.571428571428571,369.0,351.2857142857143,283.92857142857144,263.2142857142857,19.071428571428573,15.214285714285714,9.428571428571429,9.0,48.857142857142854,51.357142857142854,14
2026-05-03,m_0fdjQP,9,t_1L8FaD,Tigre,VISITANTE,0.4,0.7,0.8,1.0,3.4,3.2,4.0,3.8,3.0,3.2,2.4,3.0,12.4,11.5,12.2,12.9,4.0,4.0,3.0,3.4,5.6,5.0,5.8,6.8,1.0,1.4,1.6,1.5,0.8,0.9,1.0,0.9,17.4,16.5,17.0,18.4,13.4,13.5,13.4,14.4,355.4,388.2,371.0,346.7,263.6,300.1,272.0,254.9,22.8,20.4,14.2,14.8,9.4,9.5,8.8,10.7,50.4,50.9,56.4,55.6,1.0,1.0666666666666667,3.2666666666666666,4.666666666666667,3.066666666666667,2.6666666666666665,11.0,12.866666666666667,3.6666666666666665,3.7333333333333334,5.2,6.266666666666667,1.6666666666666667,1.5333333333333334,1.0714285714285714,1.0,14.466666666666667,18.0,13.466666666666667,12.466666666666667,369.2,350.93333333333334,282.6,261.0,18.6,15.066666666666666,9.733333333333333,9.066666666666666,48.6,51.53333333333333,15
2026-07-25,m_2VlptL,1,t_1L8FaD,Tigre,VISITANTE,0.4,0.8,1.0,1.1,5.0,3.7,3.2,3.7,2.8,3.4,2.2,2.4,13.4,11.6,10.8,13.0,3.8,4.1,3.2,3.8,5.6,4.7,4.8,6.4,1.4,1.6,2.0,1.9,1.4,1.1,1.2,1.2,19.4,17.1,15.2,19.1,14.0,14.2,13.8,13.9,386.8,376.6,324.8,345.2,295.6,288.5,234.0,253.2,20.4,20.2,15.4,15.4,9.2,8.6,8.6,10.3,48.6,49.8,54.4,55.1,1.0,1.0625,3.75,4.5625,3.0625,2.625,11.375,13.0,3.6875,3.8125,5.25,6.3125,1.75,1.6875,1.2,1.1333333333333333,15.125,18.125,13.6875,12.5625,367.8125,346.625,281.5625,258.25,18.625,15.25,9.375,8.9375,48.0625,51.125,16
2026-08-01,m_0afzlB,3,t_1L8FaD,Tigre,VISITANTE,0.4,0.7,0.8,1.0,5.6,4.0,3.0,4.1,3.0,3.5,2.2,2.2,13.4,11.9,9.8,12.7,3.2,3.9,2.8,3.5,5.8,4.7,5.0,6.3,0.8,1.4,2.2,2.0,0.8,1.0,1.4,1.3,19.8,17.8,14.0,18.7,13.8,14.3,14.2,13.9,421.6,393.0,318.2,337.8,328.6,303.6,228.2,246.1,19.6,20.6,15.4,15.3,8.2,7.9,9.8,10.7,47.8,49.3,53.4,54.9,0.9411764705882353,1.0588235294117647,3.823529411764706,4.529411764705882,3.0,2.588235294117647,11.764705882352942,12.705882352941176,3.7058823529411766,3.7058823529411766,5.352941176470588,6.176470588235294,1.6470588235294117,1.7058823529411764,1.125,1.125,15.470588235294118,17.705882352941178,13.647058823529411,12.882352941176471,375.05882352941177,344.88235294117646,288.7647058823529,256.8235294117647,18.529411764705884,15.294117647058824,9.117647058823529,9.294117647058824,47.94117647058823,51.294117647058826,17
2026-08-06,m_147hOq,2,t_1L8FaD,Tigre,LOCAL,1.0,0.8,1.0,0.9,5.0,3.8,3.2,3.8,3.2,3.2,2.6,2.4,13.4,12.6,10.6,11.7,3.4,4.1,3.6,3.4,6.0,5.1,5.0,5.7,1.0,1.4,2.2,1.8,0.8,1.0,1.4,1.2,19.4,18.4,15.4,17.7,13.6,13.4,14.6,14.5,416.2,394.2,363.0,360.1,325.6,304.0,274.2,267.3,20.2,20.0,16.0,15.2,8.2,7.7,10.2,10.6,50.2,50.3,52.0,53.8,1.0555555555555556,1.0555555555555556,3.611111111111111,4.611111111111111,2.9444444444444446,2.611111111111111,11.777777777777779,12.61111111111111,3.7777777777777777,3.7777777777777777,5.388888888888889,6.055555555555555,1.6666666666666667,1.6666666666666667,1.1176470588235294,1.1176470588235294,15.5,17.88888888888889,13.38888888888889,13.0,373.05555555555554,357.1111111111111,286.27777777777777,268.44444444444446,19.0,15.722222222222221,8.944444444444445,9.38888888888889,48.72222222222222,51.0,18
2026-08-08,m_2VSaa1,4,t_1L8FaD,Tigre,LOCAL,0.8,0.7,0.8,0.8,5.2,3.9,4.0,3.8,3.2,3.1,2.4,2.2,15.4,13.2,12.4,11.9,4.2,4.2,4.2,3.5,7.2,5.7,5.6,5.5,1.2,1.4,3.0,2.3,1.0,1.1,2.4,1.7,19.6,18.7,19.6,18.3,14.6,14.1,12.8,13.5,403.8,397.3,383.0,371.2,314.0,309.2,294.8,280.1,18.8,20.7,18.0,15.5,8.6,8.4,10.6,10.2,49.2,50.4,52.0,54.3,1.0,1.0,3.6315789473684212,4.578947368421052,3.0,2.526315789473684,11.947368421052632,12.894736842105264,3.8947368421052633,3.8421052631578947,5.473684210526316,6.157894736842105,1.631578947368421,1.894736842105263,1.1111111111111112,1.3888888888888888,15.789473684210526,18.63157894736842,13.68421052631579,12.631578947368421,378.1578947368421,359.63157894736844,291.8421052631579,271.5263157894737,19.0,15.947368421052632,9.210526315789474,9.421052631578947,48.94736842105263,51.526315789473685,19
2026-08-15,m_0kIwxH,5,t_1L8FaD,Tigre,VISITANTE,0.8,0.6,0.8,0.8,4.8,4.1,3.8,3.9,2.8,2.9,2.0,2.2,14.2,13.3,11.4,11.8,4.0,4.0,3.8,3.4,5.8,5.7,5.0,5.4,1.2,1.1,2.8,2.2,1.25,1.0,2.75,1.7777777777777777,20.2,18.8,18.0,17.5,15.0,14.2,12.4,12.9,459.4,407.4,374.0,372.5,374.4,319.0,289.8,280.9,21.2,22.0,20.4,17.3,7.4,8.4,10.0,9.4,51.0,50.7,51.4,53.9,0.95,1.0,3.65,4.45,3.0,2.5,11.8,12.5,3.75,3.75,5.35,5.95,1.55,1.85,1.1111111111111112,1.3888888888888888,15.9,18.0,13.85,12.45,391.75,356.7,305.55,268.2,19.25,16.4,9.15,9.3,49.2,51.5,20
2026-08-24,m_2k3hTY,6,t_1L8FaD,Tigre,LOCAL,0.6,0.5,0.6,0.8,4.4,4.7,4.6,3.9,2.8,2.8,2.0,2.1,13.4,13.4,12.8,11.8,3.6,3.7,3.6,3.4,5.6,5.6,5.8,5.3,0.8,1.1,2.2,2.1,0.75,1.1111111111111112,2.25,1.6666666666666667,18.8,19.1,17.6,16.4,13.4,13.7,12.0,12.9,470.0,428.4,384.8,354.8,384.2,339.9,292.6,263.3,21.4,20.9,21.4,18.4,7.8,8.5,11.2,9.9,53.0,50.8,53.6,54.0,0.9047619047619048,0.9523809523809523,3.9047619047619047,4.571428571428571,3.0,2.4761904761904763,11.857142857142858,12.952380952380953,3.6666666666666665,3.761904761904762,5.333333333333333,6.190476190476191,1.5238095238095237,1.8095238095238095,1.105263157894737,1.368421052631579,16.0,18.0,13.619047619047619,12.428571428571429,392.14285714285717,355.7142857142857,306.0,266.42857142857144,19.285714285714285,16.714285714285715,9.0,9.476190476190476,49.23809523809524,51.714285714285715,21
2026-09-01,m_2eHqO4,7,t_1L8FaD,Tigre,LOCAL,0.8,0.6,0.8,0.8,4.4,5.0,4.6,3.8,2.8,2.9,2.2,2.2,12.0,12.7,14.0,11.9,3.2,3.2,3.6,3.2,4.8,5.3,7.0,6.0,1.2,1.0,2.2,2.2,1.0,0.8888888888888888,2.0,1.6666666666666667,18.8,19.3,19.6,16.8,13.6,13.7,10.8,12.5,468.2,444.9,383.0,350.6,383.0,355.8,289.4,258.8,21.0,20.3,22.2,18.8,9.0,8.6,11.8,10.8,55.2,51.5,53.0,53.2,0.9090909090909091,1.0,3.9545454545454546,4.545454545454546,2.9545454545454546,2.5,11.818181818181818,13.0,3.590909090909091,3.6818181818181817,5.2272727272727275,6.363636363636363,1.5454545454545454,1.8181818181818181,1.1,1.3,16.227272727272727,18.136363636363637,13.636363636363637,12.409090909090908,396.22727272727275,353.54545454545456,310.1818181818182,264.22727272727275,19.09090909090909,16.863636363636363,9.090909090909092,9.863636363636363,49.59090909090909,51.68181818181818,22
2026-09-05,m_2MnXyo,8,t_1L8FaD,Tigre,VISITANTE,0.2,0.6,0.6,0.8,5.4,5.2,4.0,3.6,3.0,3.1,1.8,2.2,12.4,12.9,13.0,11.8,2.6,3.0,2.8,3.2,5.2,5.6,7.2,6.1,1.0,1.0,2.0,2.1,1.0,0.8888888888888888,1.75,1.5555555555555556,19.0,19.2,18.2,16.8,14.4,14.0,10.0,12.3,479.0,447.6,349.6,356.3,395.0,360.3,254.2,264.2,19.6,19.9,20.6,18.3,11.8,10.0,11.2,10.7,56.2,53.2,56.2,54.1,0.8695652173913043,0.9565217391304348,4.0,4.478260869565218,2.9565217391304346,2.4347826086956523,11.91304347826087,12.695652173913043,3.5217391304347827,3.5652173913043477,5.3478260869565215,6.304347826086956,1.5217391304347827,1.7391304347826086,1.0952380952380953,1.2380952380952381,16.26086956521739,17.956521739130434,13.608695652173912,12.347826086956522,396.0869565217391,355.4782608695652,309.9130434782609,265.3478260869565,19.130434782608695,16.782608695652176,9.565217391304348,9.782608695652174,50.34782608695652,52.130434782608695,23
2026-09-13,m_2UjMTH,9,t_1L8FaD,Tigre,LOCAL,0.4,0.6,1.0,0.9,4.8,5.0,4.2,4.1,3.0,3.1,2.2,2.3,11.8,13.6,12.2,12.3,2.0,3.1,3.2,3.7,5.2,6.2,6.4,6.0,1.0,1.1,1.4,2.2,0.75,0.8888888888888888,0.5,1.5555555555555556,18.8,19.2,18.0,18.8,13.4,14.0,11.8,12.3,461.4,432.6,335.0,359.0,376.6,345.3,239.8,267.3,18.2,18.5,21.0,19.5,11.6,10.1,10.0,10.3,56.2,52.7,54.6,53.3,0.875,1.0,3.875,4.5,3.0,2.4583333333333335,11.916666666666666,12.75,3.5,3.7083333333333335,5.416666666666667,6.208333333333333,1.5,1.7916666666666667,1.0454545454545454,1.2272727272727273,16.416666666666668,18.5,13.625,12.458333333333334,395.5,354.5,309.5,264.9166666666667,18.833333333333332,17.0,9.708333333333334,9.541666666666666,50.458333333333336,52.166666666666664,24
2026-09-21,m_0el541,Clausura - Round 10,t_1L8FaD,Tigre,VISITANTE,0.6,0.7,0.8,0.8,4.8,4.8,4.6,4.2,3.0,2.9,2.4,2.2,12.4,13.3,13.8,12.6,3.0,3.5,3.4,3.6,5.8,5.8,7.6,6.3,1.6,1.4,1.8,2.3,1.0,1.1111111111111112,1.0,1.7777777777777777,19.6,19.9,20.2,19.1,11.6,13.3,12.6,12.5,426.0,442.7,341.0,357.5,341.0,357.7,248.0,268.9,19.0,20.1,20.2,20.3,12.2,9.8,12.4,11.2,56.6,53.8,55.0,53.2,0.88,0.96,3.88,4.48,3.0,2.48,11.92,12.76,3.6,3.68,5.44,6.28,1.56,1.84,1.0869565217391304,1.3043478260869565,16.64,18.44,13.4,12.48,398.6,353.56,312.64,264.16,19.2,17.16,9.76,9.92,50.68,52.2,25
2026-10-04,m_099zvI,Clausura - Round 11,t_1L8FaD,Tigre,VISITANTE,1.0,0.8,1.4,1.0,4.4,4.4,3.6,4.1,3.0,2.888888888888889,2.5,2.2222222222222223,12.4,12.9,14.0,13.4,4.4,4.0,4.2,3.9,5.4,5.5,7.0,6.4,2.4,1.6,2.2,2.2,1.4,1.1111111111111112,1.2,1.6666666666666667,19.4,19.1,21.6,19.6,11.6,12.5,12.0,12.0,417.0,443.5,372.2,378.5,333.6,358.9,285.0,288.8,19.0,20.2,19.4,20.4,13.6,10.7,12.0,11.6,58.2,55.6,57.0,55.3,0.9230769230769231,1.0384615384615385,4.0,4.384615384615385,3.0,2.48,11.961538461538462,13.153846153846153,3.8076923076923075,3.8461538461538463,5.346153846153846,6.346153846153846,1.6923076923076923,1.8846153846153846,1.1666666666666667,1.3333333333333333,16.653846153846153,18.692307692307693,13.23076923076923,12.346153846153847,396.9230769230769,358.88461538461536,311.3076923076923,270.0,19.23076923076923,17.23076923076923,9.884615384615385,9.961538461538462,50.96153846153846,52.73076923076923,26
2026-01-23,m_2wEu9K,1,t_1QqhS7,San Lorenzo,LOCAL,,,,,,,,,,,,,,,,,,,,,,,,,,,,,,,,,,,,,,,,,,,,,,,,,,,,,,,,,,,,,,,,,,,,,,,,,,,,,,,,,,,,,,,,,,,0
2026-01-27,m_14jWEQ,2,t_1QqhS7,San Lorenzo,VISITANTE,3.0,3.0,2.0,2.0,8.0,8.0,6.0,6.0,4.0,4.0,1.0,1.0,13.0,13.0,17.0,17.0,6.0,6.0,4.0,4.0,7.0,7.0,9.0,9.0,4.0,4.0,1.0,1.0,2.0,2.0,0.0,0.0,16.0,16.0,38.0,38.0,20.0,20.0,14.0,14.0,285.0,285.0,395.0,395.0,209.0,209.0,321.0,321.0,30.0,30.0,20.0,20.0,7.0,7.0,10.0,10.0,40.0,40.0,44.0,44.0,3.0,2.0,8.0,6.0,4.0,1.0,13.0,17.0,6.0,4.0,7.0,9.0,4.0,1.0,2.0,0.0,16.0,38.0,20.0,14.0,285.0,395.0,209.0,321.0,30.0,20.0,7.0,10.0,40.0,44.0,1
2026-01-31,m_4SzUty,3,t_1QqhS7,San Lorenzo,LOCAL,2.0,2.0,1.0,1.0,6.0,6.0,5.0,5.0,3.0,3.0,1.0,1.0,11.0,11.0,15.0,15.0,3.5,3.5,3.5,3.5,6.0,6.0,7.5,7.5,2.5,2.5,0.5,0.5,2.0,2.0,0.0,0.0,14.0,14.0,23.5,23.5,16.0,16.0,12.5,12.5,268.0,268.0,370.5,370.5,175.5,175.5,285.5,285.5,24.5,24.5,19.5,19.5,8.0,8.0,9.0,9.0,45.5,45.5,46.5,46.5,2.0,1.0,6.0,5.0,3.0,1.0,11.0,15.0,3.5,3.5,6.0,7.5,2.5,0.5,2.0,0.0,14.0,23.5,16.0,12.5,268.0,370.5,175.5,285.5,24.5,19.5,8.0,9.0,45.5,46.5,2
2026-02-08,m_4PxDme,4,t_1QqhS7,San Lorenzo,VISITANTE,1.3333333333333333,1.3333333333333333,1.0,1.0,5.333333333333333,5.333333333333333,5.666666666666667,5.666666666666667,3.3333333333333335,3.3333333333333335,1.3333333333333333,1.3333333333333333,10.0,10.0,13.666666666666666,13.666666666666666,3.3333333333333335,3.3333333333333335,2.6666666666666665,2.6666666666666665,5.333333333333333,5.333333333333333,6.666666666666667,6.666666666666667,1.6666666666666667,1.6666666666666667,0.6666666666666666,0.6666666666666666,2.0,2.0,0.0,0.0,13.666666666666666,13.666666666666666,22.666666666666668,22.666666666666668,16.333333333333332,16.333333333333332,12.333333333333334,12.333333333333334,280.3333333333333,280.3333333333333,361.6666666666667,361.6666666666667,193.0,193.0,280.6666666666667,280.6666666666667,23.666666666666668,23.666666666666668,19.0,19.0,9.333333333333334,9.333333333333334,10.666666666666666,10.666666666666666,45.333333333333336,45.333333333333336,48.0,48.0,1.3333333333333333,1.0,5.333333333333333,5.666666666666667,3.3333333333333335,1.3333333333333333,10.0,13.666666666666666,3.3333333333333335,2.6666666666666665,5.333333333333333,6.666666666666667,1.6666666666666667,0.6666666666666666,2.0,0.0,13.666666666666666,22.666666666666668,16.333333333333332,12.333333333333334,280.3333333333333,361.6666666666667,193.0,280.6666666666667,23.666666666666668,19.0,9.333333333333334,10.666666666666666,45.333333333333336,48.0,3
2026-02-14,m_0TuvMr,5,t_1QqhS7,San Lorenzo,VISITANTE,1.0,1.0,1.0,1.0,4.5,4.5,4.5,4.5,4.25,4.25,1.75,1.75,8.75,8.75,12.25,12.25,2.5,2.5,2.75,2.75,5.0,5.0,6.0,6.0,1.25,1.25,1.0,1.0,1.0,1.0,0.5,0.5,12.0,12.0,19.25,19.25,17.75,17.75,13.5,13.5,289.25,289.25,341.5,341.5,195.25,195.25,254.0,254.0,20.5,20.5,19.0,19.0,9.25,9.25,10.0,10.0,44.75,44.75,47.25,47.25,1.0,1.0,4.5,4.5,4.25,1.75,8.75,12.25,2.5,2.75,5.0,6.0,1.25,1.0,1.0,0.5,12.0,19.25,17.75,13.5,289.25,341.5,195.25,254.0,20.5,19.0,9.25,10.0,44.75,47.25,4
2026-02-22,m_48r2a7,6,t_1QqhS7,San Lorenzo,LOCAL,0.8,0.8,0.8,0.8,3.8,3.8,4.8,4.8,4.4,4.4,1.6,1.6,8.0,8.0,14.4,14.4,2.6,2.6,3.4,3.4,4.4,4.4,7.2,7.2,1.4,1.4,2.4,2.4,1.3333333333333333,1.3333333333333333,3.0,3.0,12.4,12.4,21.8,21.8,17.0,17.0,12.8,12.8,289.6,289.6,340.0,340.0,195.2,195.2,252.2,252.2,20.6,20.6,17.8,17.8,9.0,9.0,9.6,9.6,46.0,46.0,48.2,48.2,0.8,0.8,3.8,4.8,4.4,1.6,8.0,14.4,2.6,3.4,4.4,7.2,1.4,2.4,1.3333333333333333,3.0,12.4,21.8,17.0,12.8,289.6,340.0,195.2,252.2,20.6,17.8,9.0,9.6,46.0,48.2,5
2026-02-24,m_2YNGA5,7,t_1QqhS7,San Lorenzo,LOCAL,0.6,1.0,0.4,0.6666666666666666,2.8,3.6666666666666665,4.8,5.0,4.0,4.0,2.0,1.8333333333333333,7.0,8.0,13.2,13.833333333333334,2.6,3.1666666666666665,3.4,3.5,3.2,3.8333333333333335,6.2,6.666666666666667,0.8,1.3333333333333333,2.2,2.0,1.0,1.3333333333333333,4.5,3.0,11.4,12.166666666666666,18.4,21.666666666666668,15.6,16.333333333333332,12.6,12.833333333333334,302.6,299.6666666666667,331.2,341.8333333333333,207.6,207.83333333333334,238.8,252.5,18.4,20.333333333333332,16.8,17.333333333333332,9.6,9.166666666666666,9.2,9.333333333333334,48.6,47.166666666666664,49.8,48.833333333333336,1.0,0.6666666666666666,3.6666666666666665,5.0,4.0,1.8333333333333333,8.0,13.833333333333334,3.1666666666666665,3.5,3.8333333333333335,6.666666666666667,1.3333333333333333,2.0,1.3333333333333333,3.0,12.166666666666666,21.666666666666668,16.333333333333332,12.833333333333334,299.6666666666667,341.8333333333333,207.83333333333334,252.5,20.333333333333332,17.333333333333332,9.166666666666666,9.333333333333334,47.166666666666664,48.833333333333336,6
2026-03-01,m_3CjTLG,8,t_1QqhS7,San Lorenzo,VISITANTE,0.6,1.0,0.6,0.7142857142857143,3.2,4.0,4.0,4.285714285714286,4.0,3.7142857142857144,2.0,1.7142857142857142,8.2,9.0,12.8,13.428571428571429,3.6,3.5714285714285716,3.4,3.4285714285714284,3.4,4.142857142857143,6.2,6.571428571428571,0.8,1.2857142857142858,2.6,2.0,1.0,1.25,3.3333333333333335,2.5,12.0,12.571428571428571,20.2,21.142857142857142,15.2,15.428571428571429,11.6,11.857142857142858,315.4,301.85714285714283,347.2,353.85714285714283,223.6,209.85714285714286,257.6,265.57142857142856,19.4,20.857142857142858,17.4,18.0,8.8,8.571428571428571,9.0,9.0,49.6,48.42857142857143,48.4,47.857142857142854,1.0,0.7142857142857143,4.0,4.285714285714286,3.7142857142857144,1.7142857142857142,9.0,13.428571428571429,3.5714285714285716,3.4285714285714284,4.142857142857143,6.571428571428571,1.2857142857142858,2.0,1.25,2.5,12.571428571428571,21.142857142857142,15.428571428571429,11.857142857142858,301.85714285714283,353.85714285714283,209.85714285714286,265.57142857142856,20.857142857142858,18.0,8.571428571428571,9.0,48.42857142857143,47.857142857142854,7
2026-03-11,m_0EJRQi,10,t_1QqhS7,San Lorenzo,VISITANTE,0.6,0.875,0.4,0.625,3.6,4.25,5.0,5.25,3.8,3.625,1.8,1.625,8.8,9.25,13.6,13.625,4.0,3.75,4.4,3.75,3.2,4.0,6.6,6.625,1.0,1.25,2.8,2.0,1.0,1.2,3.0,2.4,11.8,12.5,20.4,21.25,13.8,14.75,11.6,11.875,308.6,298.0,351.0,355.0,216.2,207.5,257.8,266.375,17.0,19.5,18.0,18.375,9.2,9.25,7.6,8.75,50.0,48.25,49.0,48.625,0.875,0.625,4.25,5.25,3.625,1.625,9.25,13.625,3.75,3.75,4.0,6.625,1.25,2.0,1.2,2.4,12.5,21.25,14.75,11.875,298.0,355.0,207.5,266.375,19.5,18.375,9.25,8.75,48.25,48.625,8
2026-03-16,m_2pi43m,11,t_1QqhS7,San Lorenzo,LOCAL,0.8,0.8888888888888888,0.4,0.6666666666666666,3.6,4.0,5.0,4.777777777777778,3.0,3.5555555555555554,1.8,1.7777777777777777,8.6,8.666666666666666,14.2,13.333333333333334,4.4,3.5555555555555554,4.4,3.6666666666666665,2.8,3.7777777777777777,7.4,6.777777777777778,1.4,1.3333333333333333,2.6,1.8888888888888888,1.25,1.1666666666666667,3.0,2.1666666666666665,12.6,12.333333333333334,23.2,21.444444444444443,12.2,14.666666666666666,9.8,11.444444444444445,288.8,289.0,396.6,372.1111111111111,204.0,200.11111111111111,308.8,284.44444444444446,18.8,19.555555555555557,17.2,18.0,10.4,9.88888888888889,7.2,8.444444444444445,50.2,47.77777777777778,48.4,47.888888888888886,0.8888888888888888,0.6666666666666666,4.0,4.777777777777778,3.5555555555555554,1.7777777777777777,8.666666666666666,13.333333333333334,3.5555555555555554,3.6666666666666665,3.7777777777777777,6.777777777777778,1.3333333333333333,1.8888888888888888,1.1666666666666667,2.1666666666666665,12.333333333333334,21.444444444444443,14.666666666666666,11.444444444444445,289.0,372.1111111111111,200.11111111111111,284.44444444444446,19.555555555555557,18.0,9.88888888888889,8.444444444444445,47.77777777777778,47.888888888888886,9
2026-03-25,m_0idF82,12,t_1QqhS7,San Lorenzo,VISITANTE,1.8,1.3,0.8,0.8,3.8,3.8,5.6,5.2,2.4,3.4,1.8,1.7,9.8,8.9,13.0,13.7,5.0,3.8,4.4,3.9,3.2,3.8,6.2,6.7,2.2,1.8,1.6,2.0,1.0,1.1428571428571428,1.25,2.0,13.4,12.9,23.0,22.4,10.8,13.9,8.8,10.8,308.0,298.8,411.2,375.6,229.4,212.3,328.0,290.1,18.4,19.5,18.0,17.9,10.8,9.9,7.2,8.4,48.4,47.2,45.4,46.8,1.3,0.8,3.8,5.2,3.4,1.7,8.9,13.7,3.8,3.9,3.8,6.7,1.8,2.0,1.1428571428571428,2.0,12.9,22.4,13.9,10.8,298.8,375.6,212.3,290.1,19.5,17.9,9.9,8.4,47.2,46.8,10
2026-04-03,m_0IMWj8,13,t_1QqhS7,San Lorenzo,LOCAL,1.6,1.1,1.0,0.7,3.6,3.2,5.2,5.0,2.4,3.2,1.4,1.7,10.0,8.5,12.2,12.7,4.2,3.4,4.0,3.7,3.8,3.5,6.2,6.2,2.2,1.5,2.0,2.1,0.8,0.8571428571428571,1.4,2.2857142857142856,14.4,12.9,21.0,19.7,11.0,13.3,9.0,10.8,283.2,292.9,426.0,378.6,200.6,204.1,341.2,290.0,19.0,18.7,17.2,17.0,9.2,9.4,7.6,8.4,48.0,48.3,44.6,47.2,1.2727272727272727,0.8181818181818182,3.6363636363636362,5.090909090909091,3.272727272727273,1.6363636363636365,8.909090909090908,13.090909090909092,3.6363636363636362,3.727272727272727,3.8181818181818183,6.454545454545454,1.7272727272727273,2.0,1.0,2.0,13.181818181818182,21.363636363636363,13.909090909090908,11.090909090909092,292.1818181818182,380.09090909090907,204.54545454545453,292.8181818181818,19.727272727272727,17.272727272727273,9.181818181818182,8.545454545454545,47.54545454545455,46.90909090909091,11
2026-04-12,m_1WEirs,14,t_1QqhS7,San Lorenzo,VISITANTE,1.4,1.0,1.0,0.8,3.0,3.1,6.0,5.0,2.8,3.4,2.0,2.0,9.6,8.9,12.0,12.4,4.0,3.8,4.4,3.9,4.0,3.7,5.6,5.9,2.2,1.5,2.0,2.3,0.8,0.875,1.6,2.25,15.6,13.8,21.0,20.6,12.0,13.6,10.6,11.1,310.2,312.8,408.8,378.0,230.6,227.1,323.4,290.5,17.6,18.5,18.4,17.9,9.0,8.9,9.2,9.1,50.4,50.0,48.8,48.6,1.1666666666666667,0.8333333333333334,3.5833333333333335,5.0,3.3333333333333335,1.8333333333333333,9.25,12.833333333333334,3.75,3.8333333333333335,4.083333333333333,6.166666666666667,1.6666666666666667,2.0,1.0,2.0,13.833333333333334,21.083333333333332,14.0,11.333333333333334,305.3333333333333,376.75,218.5,289.6666666666667,19.5,18.166666666666668,8.75,9.083333333333334,49.25,48.25,12
2026-04-20,m_4X5YYv,15,t_1QqhS7,San Lorenzo,LOCAL,1.4,1.0,1.0,0.7,2.4,3.0,3.8,4.4,2.6,3.2,2.6,2.2,10.0,9.4,10.0,11.8,3.6,3.8,3.4,3.9,4.8,4.0,4.6,5.6,2.5,1.6666666666666667,2.0,2.4444444444444446,0.75,0.875,1.5,2.25,17.4,14.6,17.6,19.0,11.8,12.8,12.8,12.2,314.4,311.5,412.8,381.9,233.4,224.8,330.6,294.2,19.0,18.0,17.2,17.6,7.2,8.2,9.6,8.6,52.8,51.4,47.6,48.3,1.0769230769230769,0.7692307692307693,3.5384615384615383,4.6923076923076925,3.230769230769231,2.0,9.538461538461538,12.23076923076923,3.6923076923076925,3.6153846153846154,4.3076923076923075,5.846153846153846,1.6666666666666667,2.0,1.0,2.0,14.384615384615385,19.846153846153847,13.615384615384615,12.23076923076923,304.3076923076923,377.2307692307692,217.46153846153845,291.0769230769231,19.307692307692307,17.923076923076923,8.461538461538462,9.076923076923077,50.0,48.23076923076923,13
2026-04-25,m_41mY2k,16,t_1QqhS7,San Lorenzo,VISITANTE,1.2,1.0,0.8,0.6,2.2,2.9,4.4,4.7,2.2,2.6,2.4,2.1,11.2,9.9,10.2,12.2,3.8,4.1,3.8,4.1,5.4,4.1,4.2,5.8,2.5,1.8888888888888888,2.0,2.3333333333333335,1.0,1.125,1.5,2.25,18.8,15.7,15.4,19.3,12.2,12.2,13.8,11.8,341.8,315.3,388.0,392.3,259.0,231.5,303.4,306.1,18.0,18.4,16.8,17.0,7.0,8.7,11.2,9.2,55.2,52.7,52.2,50.3,1.0,0.7142857142857143,3.357142857142857,4.642857142857143,3.0714285714285716,2.0,9.571428571428571,12.214285714285714,3.642857142857143,3.7142857142857144,4.357142857142857,5.857142857142857,1.6923076923076923,1.9230769230769231,1.1,1.9,14.642857142857142,19.285714285714285,13.785714285714286,12.285714285714286,307.85714285714283,377.7857142857143,221.14285714285714,291.2142857142857,19.0,17.571428571428573,8.857142857142858,9.428571428571429,50.42857142857143,49.42857142857143,14
2026-05-02,m_3CZXTq,9,t_1QqhS7,San Lorenzo,LOCAL,0.4,1.1,0.4,0.6,2.6,3.2,4.2,4.9,2.4,2.4,2.6,2.2,11.0,10.4,11.4,12.2,3.8,4.4,3.8,4.1,5.2,4.2,4.6,5.4,1.25,1.7777777777777777,1.75,1.6666666666666667,1.0,1.0,1.75,1.5,17.8,15.6,16.8,19.9,12.8,11.8,16.0,12.4,328.4,318.2,387.8,399.5,241.2,235.3,298.4,313.2,18.4,18.4,15.4,16.7,8.4,9.6,11.2,9.2,60.0,54.2,57.8,51.6,1.0,0.6666666666666666,3.4,4.866666666666666,3.066666666666667,2.0,9.6,12.933333333333334,3.8,3.8666666666666667,4.266666666666667,6.0,1.6428571428571428,1.9285714285714286,1.0909090909090908,1.9090909090909092,14.533333333333333,20.533333333333335,13.533333333333333,12.533333333333333,308.6666666666667,379.6666666666667,221.93333333333334,292.8666666666667,19.133333333333333,17.066666666666666,9.4,9.333333333333334,51.46666666666667,50.46666666666667,15
2026-05-10,m_21tO51,1/8,t_1QqhS7,San Lorenzo,VISITANTE,0.6,1.1,0.4,0.7,3.0,3.3,4.8,5.0,2.6,2.5,3.2,2.3,11.8,10.9,15.0,13.6,4.4,4.3,4.8,4.4,5.0,4.4,6.0,6.1,1.75,2.0,1.75,1.8888888888888888,1.25,1.0,1.5,1.4444444444444444,19.2,16.8,21.4,21.2,13.8,12.4,15.8,12.4,352.4,317.8,394.8,410.4,268.6,234.6,311.6,326.4,17.2,18.1,17.4,17.3,10.2,9.7,11.0,9.3,62.2,55.1,59.8,52.2,1.0625,0.6875,3.4375,5.0,3.0625,2.125,9.8125,13.6875,3.875,4.0625,4.1875,6.3125,1.7333333333333334,1.9333333333333333,1.0833333333333333,1.8333333333333333,15.0625,21.375,13.875,12.5625,311.0,384.6875,224.5625,298.6875,18.9375,17.3125,9.5,9.3125,52.125,50.9375,16
2026-07-26,m_1aviF3,1,t_1QqhS7,San Lorenzo,VISITANTE,1.6,1.5,1.4,1.2,2.8,2.9,5.2,5.6,2.0,2.4,3.0,2.5,10.2,9.9,19.0,15.5,4.2,4.1,6.2,5.3,3.8,3.9,8.4,7.0,1.75,2.0,1.75,1.8888888888888888,1.0,0.8888888888888888,1.25,1.4444444444444444,15.8,15.7,26.8,23.9,13.4,12.7,15.8,13.2,315.8,313.0,467.8,438.3,225.0,227.8,381.2,352.3,18.6,18.1,16.2,17.3,11.4,10.2,9.2,9.2,60.0,55.2,63.6,56.2,1.2941176470588236,1.0,3.3529411764705883,5.0588235294117645,2.9411764705882355,2.176470588235294,9.529411764705882,14.647058823529411,3.8823529411764706,4.529411764705882,4.0,6.823529411764706,1.6875,1.9375,1.0,1.7692307692307692,14.411764705882353,22.764705882352942,13.823529411764707,12.647058823529411,308.4117647058824,403.52941176470586,220.41176470588235,316.5882352941176,19.235294117647058,17.58823529411765,9.529411764705882,9.117647058823529,52.411764705882355,52.76470588235294,17
2026-07-28,m_0SpGk1,2,t_1QqhS7,San Lorenzo,LOCAL,1.6,1.5,1.6,1.3,2.6,2.5,6.6,5.2,2.2,2.4,2.8,2.7,10.0,10.0,22.6,16.3,4.6,4.1,8.0,5.7,3.8,4.3,9.6,7.1,1.6,2.0,2.0,2.0,1.0,0.8888888888888888,1.4,1.4444444444444444,14.8,16.1,33.8,25.7,14.2,13.0,14.2,13.5,347.8,331.1,482.0,447.4,254.8,244.1,394.0,362.3,18.4,18.7,17.6,17.4,11.4,9.3,9.4,9.5,58.0,55.4,63.4,55.5,1.2222222222222223,1.0,3.2777777777777777,5.222222222222222,2.9444444444444446,2.2222222222222223,9.666666666666666,15.11111111111111,3.9444444444444446,4.833333333333333,4.166666666666667,6.888888888888889,1.6470588235294117,2.0,1.0,1.7857142857142858,14.5,23.72222222222222,13.777777777777779,12.777777777777779,316.3888888888889,406.3333333333333,227.83333333333334,319.6666666666667,19.055555555555557,17.833333333333332,9.277777777777779,9.166666666666666,52.22222222222222,52.44444444444444,18
2026-08-04,m_3lE8VM,3,t_1QqhS7,San Lorenzo,VISITANTE,1.6,1.4,1.8,1.3,3.6,2.9,6.6,5.5,2.8,2.5,2.4,2.4,10.6,10.9,22.8,16.5,4.6,4.2,8.0,5.9,3.4,4.4,9.2,6.7,1.2,1.7777777777777777,2.2,2.111111111111111,0.6,0.7777777777777778,1.4,1.4444444444444444,14.8,16.8,36.2,25.8,13.8,13.0,13.8,13.8,363.0,352.4,493.8,440.9,272.4,265.7,408.2,355.8,20.8,19.4,21.0,18.9,9.4,8.2,9.4,10.3,58.8,57.0,63.0,57.6,1.1578947368421053,1.0,3.4210526315789473,5.157894736842105,3.0,2.1052631578947367,9.842105263157896,15.0,3.8947368421052633,4.842105263157895,4.105263157894737,6.7368421052631575,1.5555555555555556,2.0,0.9333333333333333,1.7333333333333334,14.68421052631579,23.736842105263158,13.789473684210526,12.68421052631579,322.36842105263156,408.3157894736842,234.6315789473684,322.0,19.473684210526315,18.473684210526315,9.0,9.421052631578947,52.63157894736842,53.0,19
2026-08-09,m_3Oow95,4,t_1QqhS7,San Lorenzo,LOCAL,1.6,1.0,1.8,1.1,3.4,3.0,6.0,5.1,3.2,2.8,2.6,2.6,11.4,11.2,21.2,16.3,4.8,4.3,7.2,5.5,3.6,4.4,9.4,7.0,1.6,1.4444444444444444,2.4,2.111111111111111,0.8,0.8888888888888888,1.6,1.6666666666666667,15.8,16.8,33.6,25.2,15.0,13.9,12.6,14.3,357.2,342.8,506.4,447.1,269.0,255.1,420.2,359.3,20.2,19.3,22.8,19.1,8.2,8.3,10.0,10.6,55.8,57.9,60.4,59.1,1.15,0.95,3.4,5.15,3.1,2.15,10.05,15.0,4.05,4.7,4.1,6.85,1.631578947368421,2.0526315789473686,1.0,1.8125,14.85,23.8,13.9,12.55,320.8,411.35,233.7,324.7,19.4,18.5,9.1,9.5,52.55,52.95,20
2026-08-15,m_0CvxlD,5,t_1QqhS7,San Lorenzo,LOCAL,1.6,1.1,1.6,1.0,3.4,3.2,5.0,4.9,3.2,2.9,2.4,2.8,11.6,11.7,17.8,16.4,4.8,4.6,6.2,5.5,4.6,4.8,7.6,6.8,1.6,1.6666666666666667,2.4,2.111111111111111,0.8,1.0,1.8,1.6666666666666667,14.6,16.9,29.8,25.6,15.4,14.6,12.0,13.9,358.6,355.5,496.4,445.6,268.8,268.7,408.4,360.0,23.2,20.2,22.6,20.0,6.2,8.2,11.4,11.2,56.6,59.4,58.6,59.2,1.1904761904761905,0.9047619047619048,3.4285714285714284,5.0,3.0952380952380953,2.1904761904761907,10.238095238095237,14.666666666666666,4.095238095238095,4.571428571428571,4.285714285714286,6.619047619047619,1.7,2.05,1.0,1.8235294117647058,14.952380952380953,23.38095238095238,14.238095238095237,12.428571428571429,322.3333333333333,411.2857142857143,235.0952380952381,324.8095238095238,19.952380952380953,18.571428571428573,8.714285714285714,9.80952380952381,53.19047619047619,52.76190476190476,21
2026-08-21,m_3wtsgB,6,t_1QqhS7,San Lorenzo,VISITANTE,0.6,1.1,0.6,1.0,3.2,3.0,4.6,4.9,3.8,2.9,2.0,2.5,11.8,11.0,14.6,16.8,4.2,4.2,5.4,5.8,5.0,4.4,5.4,6.9,1.4,1.5555555555555556,2.8,2.3333333333333335,0.8,0.8888888888888888,2.2,1.7777777777777777,15.8,15.8,25.6,26.2,17.2,15.3,10.8,13.3,365.4,340.6,423.8,445.8,277.2,251.1,335.8,358.5,24.0,21.3,22.2,19.2,5.4,8.4,11.8,10.5,56.4,58.2,51.4,57.5,1.1363636363636365,0.9090909090909091,3.3181818181818183,4.954545454545454,3.1363636363636362,2.1363636363636362,10.045454545454545,14.636363636363637,3.9545454545454546,4.7272727272727275,4.2272727272727275,6.5,1.619047619047619,2.142857142857143,0.9444444444444444,1.8888888888888888,14.727272727272727,23.40909090909091,14.590909090909092,12.227272727272727,321.3636363636364,408.1363636363636,233.3181818181818,320.95454545454544,20.318181818181817,18.636363636363637,8.590909090909092,9.727272727272727,53.31818181818182,52.45454545454545,22
2026-09-01,m_1YGhXX,7,t_1QqhS7,San Lorenzo,VISITANTE,0.6,1.1,0.4,1.0,3.0,2.8,3.0,4.8,3.4,2.8,2.0,2.4,12.0,11.0,11.6,17.1,4.0,4.3,3.8,5.9,5.2,4.5,4.6,7.1,1.5,1.5555555555555556,2.75,2.3333333333333335,0.75,0.8888888888888888,2.25,1.7777777777777777,16.2,15.5,20.0,26.9,15.4,14.8,11.4,12.8,362.4,355.1,397.4,439.7,273.8,264.3,307.2,350.6,23.8,21.1,25.4,21.5,5.8,8.6,12.2,10.8,57.6,57.8,54.4,58.9,1.0869565217391304,0.8695652173913043,3.217391304347826,4.739130434782608,3.0434782608695654,2.1739130434782608,10.173913043478262,14.347826086956522,3.9565217391304346,4.608695652173913,4.391304347826087,6.391304347826087,1.619047619047619,2.142857142857143,0.9444444444444444,1.8888888888888888,14.869565217391305,22.91304347826087,14.130434782608695,12.478260869565217,326.39130434782606,404.39130434782606,237.82608695652175,316.95652173913044,20.08695652173913,19.47826086956522,8.521739130434783,9.826086956521738,53.391304347826086,52.869565217391305,23
2026-09-05,m_2ImO5V,8,t_1QqhS7,San Lorenzo,LOCAL,0.8,1.2,0.2,1.0,4.0,3.8,2.4,4.5,3.0,2.9,3.0,2.7,13.2,11.9,10.0,16.4,4.0,4.3,3.0,5.5,6.6,5.0,4.6,6.9,2.25,1.6666666666666667,2.75,2.4444444444444446,1.5,1.0,2.5,1.8888888888888888,18.2,16.5,17.0,26.6,14.2,14.0,11.4,12.6,344.6,353.8,385.4,439.6,254.8,263.6,294.4,351.3,23.0,21.9,22.2,21.6,7.4,8.4,11.4,10.4,56.0,57.4,51.2,57.1,1.0833333333333333,0.8333333333333334,3.5416666666666665,4.583333333333333,3.0,2.2916666666666665,10.541666666666666,13.958333333333334,3.9166666666666665,4.458333333333333,4.625,6.291666666666667,1.6818181818181819,2.1363636363636362,1.0526315789473684,1.894736842105263,15.416666666666666,22.333333333333332,13.875,12.416666666666666,327.0,403.5416666666667,238.83333333333334,316.25,20.208333333333332,19.25,8.666666666666666,9.833333333333334,53.333333333333336,52.625,24
2026-09-13,m_0XqwtQ,9,t_1QqhS7,San Lorenzo,VISITANTE,0.6,1.1,0.4,1.1,4.2,3.8,2.6,4.3,2.6,2.9,2.8,2.7,13.4,12.4,10.8,16.0,3.8,4.3,3.4,5.3,7.2,5.4,4.4,6.9,1.5,1.5555555555555556,2.5,2.4444444444444446,1.0,0.8888888888888888,2.0,1.7777777777777777,18.6,17.2,16.8,25.2,14.0,14.5,11.8,12.2,375.0,366.1,369.6,438.0,284.6,276.8,280.0,350.1,23.8,22.0,22.0,22.4,6.6,7.4,11.0,10.5,57.2,56.5,51.4,55.9,1.04,0.84,3.56,4.64,3.0,2.28,10.72,14.16,4.0,4.44,4.72,6.36,1.608695652173913,2.130434782608696,1.0,1.85,15.6,22.4,13.92,12.4,331.64,403.0,243.88,315.76,20.28,19.2,8.6,9.8,53.48,52.64,25
2026-01-23,m_1oH2tW,1,t_1XZg6T,Independiente,LOCAL,,,,,,,,,,,,,,,,,,,,,,,,,,,,,,,,,,,,,,,,,,,,,,,,,,,,,,,,,,,,,,,,,,,,,,,,,,,,,,,,,,,,,,,,,,,0
2026-01-28,m_1BPKXp,2,t_1XZg6T,Independiente,VISITANTE,1.0,1.0,1.0,1.0,5.0,5.0,10.0,10.0,4.0,4.0,2.0,2.0,11.0,11.0,13.0,13.0,2.0,2.0,3.0,3.0,6.0,6.0,6.0,6.0,3.0,3.0,1.0,1.0,2.0,2.0,0.0,0.0,22.0,22.0,22.0,22.0,10.0,10.0,9.0,9.0,445.0,445.0,284.0,284.0,357.0,357.0,205.0,205.0,23.0,23.0,11.0,11.0,8.0,8.0,11.0,11.0,49.0,49.0,53.0,53.0,1.0,1.0,5.0,10.0,4.0,2.0,11.0,13.0,2.0,3.0,6.0,6.0,3.0,1.0,2.0,0.0,22.0,22.0,10.0,9.0,445.0,284.0,357.0,205.0,23.0,11.0,8.0,11.0,49.0,53.0,1
2026-01-31,m_1jdpKo,3,t_1XZg6T,Independiente,LOCAL,1.0,1.0,1.0,1.0,5.5,5.5,6.5,6.5,3.0,3.0,3.5,3.5,11.5,11.5,9.5,9.5,3.0,3.0,2.5,2.5,6.5,6.5,4.5,4.5,2.0,2.0,0.5,0.5,2.0,2.0,0.0,0.0,20.5,20.5,18.0,18.0,11.5,11.5,14.0,14.0,338.0,338.0,264.0,264.0,254.5,254.5,180.5,180.5,22.5,22.5,12.5,12.5,8.5,8.5,9.0,9.0,46.0,46.0,46.0,46.0,1.0,1.0,5.5,6.5,3.0,3.5,11.5,9.5,3.0,2.5,6.5,4.5,2.0,0.5,2.0,0.0,20.5,18.0,11.5,14.0,338.0,264.0,254.5,180.5,22.5,12.5,8.5,9.0,46.0,46.0,2
2026-02-08,m_4FfDiT,4,t_1XZg6T,Independiente,VISITANTE,1.0,1.0,1.0,1.0,5.666666666666667,5.666666666666667,5.333333333333333,5.333333333333333,2.3333333333333335,2.3333333333333335,2.6666666666666665,2.6666666666666665,11.666666666666666,11.666666666666666,10.666666666666666,10.666666666666666,3.6666666666666665,3.6666666666666665,3.0,3.0,5.666666666666667,5.666666666666667,4.333333333333333,4.333333333333333,2.3333333333333335,2.3333333333333335,0.6666666666666666,0.6666666666666666,2.0,2.0,0.5,0.5,21.0,21.0,20.666666666666668,20.666666666666668,12.333333333333334,12.333333333333334,12.333333333333334,12.333333333333334,323.3333333333333,323.3333333333333,289.0,289.0,229.33333333333334,229.33333333333334,201.33333333333334,201.33333333333334,24.0,24.0,11.666666666666666,11.666666666666666,8.333333333333334,8.333333333333334,9.333333333333334,9.333333333333334,48.666666666666664,48.666666666666664,49.333333333333336,49.333333333333336,1.0,1.0,5.666666666666667,5.333333333333333,2.3333333333333335,2.6666666666666665,11.666666666666666,10.666666666666666,3.6666666666666665,3.0,5.666666666666667,4.333333333333333,2.3333333333333335,0.6666666666666666,2.0,0.5,21.0,20.666666666666668,12.333333333333334,12.333333333333334,323.3333333333333,289.0,229.33333333333334,201.33333333333334,24.0,11.666666666666666,8.333333333333334,9.333333333333334,48.666666666666664,49.333333333333336,3
2026-02-13,m_4CCLV7,5,t_1XZg6T,Independiente,LOCAL,0.75,0.75,1.0,1.0,5.25,5.25,4.25,4.25,1.75,1.75,3.0,3.0,10.0,10.0,10.5,10.5,3.0,3.0,3.5,3.5,5.0,5.0,4.0,4.0,1.75,1.75,1.25,1.25,1.3333333333333333,1.3333333333333333,1.0,1.0,18.5,18.5,19.0,19.0,12.25,12.25,11.5,11.5,322.0,322.0,293.0,293.0,223.5,223.5,202.75,202.75,23.25,23.25,11.75,11.75,8.25,8.25,9.0,9.0,51.75,51.75,49.75,49.75,0.75,1.0,5.25,4.25,1.75,3.0,10.0,10.5,3.0,3.5,5.0,4.0,1.75,1.25,1.3333333333333333,1.0,18.5,19.0,12.25,11.5,322.0,293.0,223.5,202.75,23.25,11.75,8.25,9.0,51.75,49.75,4
2026-02-21,m_49Gg2q,6,t_1XZg6T,Independiente,VISITANTE,0.6,0.6,1.2,1.2,4.4,4.4,4.8,4.8,1.8,1.8,3.2,3.2,9.0,9.0,11.8,11.8,2.4,2.4,3.4,3.4,4.8,4.8,4.6,4.6,1.4,1.4,1.4,1.4,1.0,1.0,1.0,1.0,17.2,17.2,20.0,20.0,12.6,12.6,12.8,12.8,333.4,333.4,306.8,306.8,236.8,236.8,219.4,219.4,21.8,21.8,12.2,12.2,8.8,8.8,9.2,9.2,49.4,49.4,48.8,48.8,0.6,1.2,4.4,4.8,1.8,3.2,9.0,11.8,2.4,3.4,4.8,4.6,1.4,1.4,1.0,1.0,17.2,20.0,12.6,12.8,333.4,306.8,236.8,219.4,21.8,12.2,8.8,9.2,49.4,48.8,5
2026-02-25,m_4Hyhnt,7,t_1XZg6T,Independiente,VISITANTE,1.0,1.0,1.4,1.3333333333333333,4.0,4.166666666666667,4.6,5.5,1.4,1.8333333333333333,2.8,2.6666666666666665,10.4,10.5,12.6,12.666666666666666,3.0,2.8333333333333335,3.8,3.6666666666666665,5.2,5.333333333333333,5.4,5.5,1.8,2.0,1.6,1.5,1.25,1.4,1.25,1.0,18.8,19.333333333333332,20.2,20.5,12.8,12.333333333333334,12.2,11.666666666666666,290.8,316.5,326.8,319.6666666666667,196.0,222.83333333333334,238.4,232.83333333333334,20.8,21.166666666666668,14.0,13.5,9.4,9.166666666666666,8.2,8.666666666666666,47.2,47.5,44.4,45.833333333333336,1.0,1.3333333333333333,4.166666666666667,5.5,1.8333333333333333,2.6666666666666665,10.5,12.666666666666666,2.8333333333333335,3.6666666666666665,5.333333333333333,5.5,2.0,1.5,1.4,1.0,19.333333333333332,20.5,12.333333333333334,11.666666666666666,316.5,319.6666666666667,222.83333333333334,232.83333333333334,21.166666666666668,13.5,9.166666666666666,8.666666666666666,47.5,45.833333333333336,6
2026-02-28,m_2FKyoL,8,t_1XZg6T,Independiente,LOCAL,1.0,1.0,1.4,1.2857142857142858,3.8,4.285714285714286,4.8,5.285714285714286,1.2,1.7142857142857142,2.8,3.0,9.2,9.857142857142858,13.0,12.0,3.0,3.0,4.0,3.5714285714285716,4.0,4.714285714285714,5.2,5.0,2.0,2.0,2.0,1.5,1.25,1.4,1.25,1.0,18.0,18.714285714285715,20.6,19.857142857142858,12.6,12.285714285714286,10.6,11.571428571428571,313.2,320.2857142857143,356.8,330.2857142857143,211.0,223.42857142857142,265.6,241.28571428571428,19.2,20.142857142857142,15.2,14.428571428571429,10.0,9.571428571428571,8.0,8.285714285714286,47.8,47.285714285714285,47.8,47.285714285714285,1.0,1.2857142857142858,4.285714285714286,5.285714285714286,1.7142857142857142,3.0,9.857142857142858,12.0,3.0,3.5714285714285716,4.714285714285714,5.0,2.0,1.5,1.4,1.0,18.714285714285715,19.857142857142858,12.285714285714286,11.571428571428571,320.2857142857143,330.2857142857143,223.42857142857142,241.28571428571428,20.142857142857142,14.428571428571429,9.571428571428571,8.285714285714286,47.285714285714285,47.285714285714285,7
2026-03-10,m_433Hpb,10,t_1XZg6T,Independiente,LOCAL,1.2,1.125,1.2,1.125,4.8,5.125,4.6,4.875,1.2,1.625,2.8,2.75,12.4,12.125,11.8,11.375,3.6,3.625,3.6,3.375,5.4,5.5,5.2,4.875,2.0,2.142857142857143,1.75,1.2857142857142858,1.5,1.6666666666666667,1.0,0.8333333333333334,24.2,23.0,16.8,18.25,11.2,11.625,11.8,12.0,359.0,345.625,327.4,313.0,261.4,249.375,240.4,225.75,16.6,19.375,16.6,14.75,10.0,9.375,8.4,8.75,46.6,47.375,45.0,46.625,1.125,1.125,5.125,4.875,1.625,2.75,12.125,11.375,3.625,3.375,5.5,4.875,2.142857142857143,1.2857142857142858,1.6666666666666667,0.8333333333333334,23.0,18.25,11.625,12.0,345.625,313.0,249.375,225.75,19.375,14.75,9.375,8.75,47.375,46.625,8
2026-03-17,m_4WxmC2,11,t_1XZg6T,Independiente,VISITANTE,2.0,1.4444444444444444,1.8,1.4444444444444444,5.4,5.333333333333333,5.0,4.666666666666667,1.6,1.6666666666666667,2.0,2.4444444444444446,14.0,12.222222222222221,11.6,11.11111111111111,4.8,4.0,3.8,3.6666666666666665,5.6,5.333333333333333,5.2,4.666666666666667,3.25,2.5,2.0,1.625,2.0,1.7142857142857142,0.75,0.8571428571428571,27.8,23.666666666666668,17.6,18.22222222222222,11.2,11.666666666666666,12.0,11.777777777777779,370.2,348.77777777777777,324.6,310.55555555555554,275.6,252.44444444444446,238.0,222.33333333333334,16.8,19.666666666666668,18.0,15.222222222222221,9.6,9.0,8.2,8.555555555555555,44.2,47.55555555555556,46.0,47.666666666666664,1.4444444444444444,1.4444444444444444,5.333333333333333,4.666666666666667,1.6666666666666667,2.4444444444444446,12.222222222222221,11.11111111111111,4.0,3.6666666666666665,5.333333333333333,4.666666666666667,2.5,1.625,1.7142857142857142,0.8571428571428571,23.666666666666668,18.22222222222222,11.666666666666666,11.777777777777779,348.77777777777777,310.55555555555554,252.44444444444446,222.33333333333334,19.666666666666668,15.222222222222221,9.0,8.555555555555555,47.55555555555556,47.666666666666664,9
2026-03-21,m_41GmcC,12,t_1XZg6T,Independiente,LOCAL,2.2,1.4,1.8,1.5,6.8,5.6,4.2,4.5,1.8,1.8,2.4,2.8,15.4,12.2,10.4,11.1,5.6,4.0,4.0,3.7,5.8,5.3,4.6,4.6,3.5,2.3333333333333335,2.25,1.7777777777777777,2.25,1.625,1.0,1.0,30.6,23.9,16.4,18.2,10.8,11.7,12.4,12.6,375.0,354.2,297.4,302.1,284.2,260.5,211.8,215.6,15.6,18.7,18.6,15.4,8.8,8.8,7.6,8.4,45.6,47.5,46.0,47.4,1.4,1.5,5.6,4.5,1.8,2.8,12.2,11.1,4.0,3.7,5.3,4.6,2.3333333333333335,1.7777777777777777,1.625,1.0,23.9,18.2,11.7,12.6,354.2,302.1,260.5,215.6,18.7,15.4,8.8,8.4,47.5,47.4,10
2026-04-04,m_3qEFO6,13,t_1XZg6T,Independiente,LOCAL,1.8,1.4,1.8,1.6,7.4,5.7,3.4,4.0,1.6,1.5,2.8,2.8,15.0,12.7,8.6,10.6,5.4,4.2,3.8,3.8,6.2,5.7,3.0,4.2,3.0,2.3333333333333335,2.5,2.0,2.0,1.625,1.0,1.125,31.4,25.1,13.8,17.0,10.2,11.5,14.4,13.3,401.2,346.0,290.0,308.4,307.0,251.5,202.4,220.4,16.4,18.6,17.6,15.8,8.0,8.7,8.4,8.3,50.2,48.7,50.6,47.5,1.3636363636363635,1.5454545454545454,5.636363636363637,4.545454545454546,1.7272727272727273,2.727272727272727,12.545454545454545,10.818181818181818,4.0,3.727272727272727,5.7272727272727275,4.363636363636363,2.4,1.9,1.6666666666666667,1.0,24.818181818181817,17.454545454545453,11.363636363636363,12.909090909090908,355.0,306.1818181818182,261.09090909090907,219.0,19.0,15.363636363636363,8.636363636363637,8.545454545454545,48.72727272727273,48.0,11
2026-04-11,m_1uocnY,14,t_1XZg6T,Independiente,VISITANTE,1.8,1.4,1.6,1.5,7.6,5.7,3.4,4.1,1.8,1.5,2.4,2.6,15.4,12.3,9.0,11.0,5.2,4.1,3.4,3.7,6.2,5.1,3.8,4.5,2.6,2.3333333333333335,2.2,2.111111111111111,1.6,1.4444444444444444,1.0,1.1111111111111112,31.8,24.9,14.4,17.5,9.6,11.1,15.2,12.9,384.2,348.7,268.6,312.7,293.0,252.0,179.0,222.3,15.6,17.4,17.6,16.4,6.8,8.4,9.0,8.5,50.4,49.1,49.4,48.6,1.3333333333333333,1.4166666666666667,5.666666666666667,4.5,1.75,2.75,12.166666666666666,10.75,3.9166666666666665,3.5,5.333333333333333,4.5,2.272727272727273,1.8181818181818181,1.5,1.0,24.166666666666668,17.583333333333332,11.166666666666666,13.083333333333334,346.9166666666667,304.5833333333333,252.41666666666666,215.33333333333334,18.25,15.75,8.416666666666666,8.583333333333334,48.583333333333336,48.166666666666664,12
2026-04-18,m_2qTx0J,15,t_1XZg6T,Independiente,LOCAL,1.6,1.4,1.8,1.5,6.0,5.4,3.6,4.1,1.6,1.4,2.8,2.8,12.2,12.3,9.4,10.6,4.6,4.1,3.2,3.4,5.0,5.2,4.0,4.6,2.8,2.4444444444444446,2.4,2.111111111111111,1.6,1.5555555555555556,1.2,1.1111111111111112,26.4,25.3,15.4,16.1,9.6,10.4,15.6,13.7,391.2,375.1,300.2,313.8,300.6,281.0,204.0,222.2,16.4,16.5,16.2,16.4,9.4,9.7,8.2,8.3,53.4,50.0,53.8,49.4,1.3076923076923077,1.3846153846153846,5.461538461538462,4.384615384615385,1.6153846153846154,2.769230769230769,12.153846153846153,10.615384615384615,4.0,3.3076923076923075,5.3076923076923075,4.538461538461538,2.4166666666666665,1.75,1.6363636363636365,1.0,24.307692307692307,17.153846153846153,10.846153846153847,13.384615384615385,363.15384615384613,308.0769230769231,269.0769230769231,217.3846153846154,18.23076923076923,15.307692307692308,9.384615384615385,8.538461538461538,49.69230769230769,49.38461538461539,13
2026-04-24,m_0cJtQg,16,t_1XZg6T,Independiente,VISITANTE,1.0,1.5,1.6,1.7,5.6,5.5,4.2,4.6,1.6,1.6,3.2,2.6,11.4,12.7,10.2,10.9,3.4,4.1,3.0,3.4,5.4,5.5,4.6,4.9,2.0,2.5555555555555554,2.2,2.111111111111111,1.2,1.5555555555555556,1.2,1.0,23.4,25.6,17.8,17.7,9.6,10.4,15.0,13.5,398.8,384.5,322.8,323.7,311.4,293.5,228.0,233.0,14.8,15.8,16.6,17.3,12.8,11.2,9.6,8.9,53.8,49.0,55.0,50.5,1.2857142857142858,1.5,5.428571428571429,4.5,1.6428571428571428,2.7142857142857144,11.928571428571429,10.785714285714286,3.7857142857142856,3.4285714285714284,5.357142857142857,4.642857142857143,2.3076923076923075,1.8461538461538463,1.5,1.0,23.571428571428573,18.071428571428573,10.928571428571429,12.928571428571429,366.64285714285717,314.92857142857144,273.5,224.35714285714286,17.928571428571427,15.714285714285714,10.357142857142858,8.928571428571429,49.785714285714285,50.285714285714285,14
2026-05-02,m_3CZXTq,9,t_1XZg6T,Independiente,VISITANTE,1.2,1.7,1.2,1.5,4.6,5.7,4.2,4.2,2.0,1.9,2.6,2.5,10.6,13.0,10.6,10.5,3.4,4.5,2.6,3.3,4.8,5.3,4.2,4.4,2.0,2.6666666666666665,1.8,2.0,1.0,1.5555555555555556,1.0,1.0,22.0,26.3,19.0,17.7,10.4,10.6,13.6,13.0,362.0,368.5,373.0,335.2,267.4,275.8,276.6,244.2,17.2,16.4,15.2,16.9,13.0,10.9,9.8,8.7,54.6,50.1,56.8,51.4,1.3333333333333333,1.4,5.266666666666667,4.4,1.8666666666666667,2.7333333333333334,11.666666666666666,10.933333333333334,3.8,3.3333333333333335,5.133333333333334,4.466666666666667,2.2142857142857144,1.7857142857142858,1.3846153846153846,1.0,23.266666666666666,18.466666666666665,11.266666666666667,12.933333333333334,356.8,325.73333333333335,262.8,235.93333333333334,18.2,15.333333333333334,10.2,8.866666666666667,49.86666666666667,50.53333333333333,15
2026-05-10,m_2dZtBq,1/8,t_1XZg6T,Independiente,VISITANTE,1.2,1.5,1.2,1.5,4.8,6.1,4.0,3.7,2.6,2.1,2.8,2.8,12.4,13.7,11.6,10.1,4.0,4.7,2.8,3.3,5.0,5.6,4.4,3.7,1.8,2.3333333333333335,1.8,2.111111111111111,0.8,1.3333333333333333,1.0,1.0,22.0,26.7,21.6,17.7,11.4,10.8,14.2,14.3,381.4,391.3,372.8,331.4,291.2,299.1,278.8,240.6,17.0,16.7,15.4,16.5,13.4,10.7,10.0,9.2,54.0,52.1,58.4,54.5,1.3125,1.4375,5.375,4.375,2.0,2.75,12.5,11.0625,4.0,3.4375,5.5,4.375,2.2,1.8666666666666667,1.3571428571428572,1.0,23.9375,18.75,11.375,13.3125,363.25,327.0,270.5,237.6875,18.375,15.375,10.125,9.0,50.375,51.25,16
2026-07-26,m_0smnBS,1,t_1XZg6T,Independiente,VISITANTE,1.2,1.5,1.8,1.7,4.2,5.9,3.6,3.5,2.6,2.2,2.6,2.5,12.0,13.7,12.4,10.7,4.2,4.7,3.8,3.6,5.2,5.7,4.6,4.2,2.0,2.3,2.2,2.2,1.0,1.3,1.0,1.0,20.0,25.9,23.8,19.1,12.4,11.0,13.4,14.3,385.8,385.0,404.2,336.4,299.4,296.2,313.6,246.3,20.8,18.2,15.0,16.3,14.4,10.6,11.2,10.1,56.4,53.4,58.8,54.1,1.2941176470588236,1.5294117647058822,5.235294117647059,4.235294117647059,2.0,2.7058823529411766,12.117647058823529,11.235294117647058,4.0,3.588235294117647,5.294117647058823,4.529411764705882,2.1875,1.9375,1.3333333333333333,1.0,22.941176470588236,19.41176470588235,11.529411764705882,13.176470588235293,358.3529411764706,333.88235294117646,266.2352941176471,244.23529411764707,19.0,15.529411764705882,10.176470588235293,9.352941176470589,50.88235294117647,51.294117647058826,17
2026-07-31,m_2tup6z,2,t_1XZg6T,Independiente,LOCAL,1.4,1.5,1.6,1.7,4.6,5.3,4.0,3.8,2.8,2.2,2.2,2.5,12.4,12.3,13.8,11.6,4.0,4.3,4.2,3.7,5.6,5.3,5.2,4.6,1.8,2.3,2.6,2.5,0.6,1.1,1.4,1.3,19.2,22.8,28.0,21.7,13.8,11.7,13.0,14.3,327.8,359.5,409.4,354.8,240.8,270.7,323.8,263.9,21.2,18.8,17.8,17.0,13.4,11.4,12.0,10.1,53.6,53.5,55.6,54.7,1.3333333333333333,1.4444444444444444,5.222222222222222,4.277777777777778,1.9444444444444444,2.611111111111111,12.222222222222221,11.5,4.0,3.5555555555555554,5.388888888888889,4.722222222222222,2.235294117647059,2.0,1.3125,1.125,22.88888888888889,20.166666666666668,11.666666666666666,13.277777777777779,353.3333333333333,336.22222222222223,261.22222222222223,246.94444444444446,19.055555555555557,16.0,10.5,9.5,50.77777777777778,51.111111111111114,18
2026-08-09,m_11WoiN,4,t_1XZg6T,Independiente,LOCAL,1.4,1.2,1.0,1.3,5.0,5.3,3.2,3.7,2.8,2.2,2.4,2.8,13.0,12.2,11.6,10.9,4.6,4.0,3.4,3.2,5.4,5.4,4.2,4.4,1.8,1.9,2.0,2.1,0.8,1.0,1.2,1.2,21.6,22.5,23.4,20.6,13.8,11.7,13.0,14.0,326.2,362.5,418.0,370.4,238.4,274.9,329.8,278.9,24.4,19.6,20.0,18.3,10.8,11.8,12.2,10.9,56.6,55.2,54.6,54.8,1.3157894736842106,1.368421052631579,5.315789473684211,4.157894736842105,1.9473684210526316,2.6315789473684212,12.210526315789474,11.0,4.0,3.4210526315789473,5.368421052631579,4.526315789473684,2.1666666666666665,1.8888888888888888,1.2941176470588236,1.0588235294117647,23.05263157894737,19.473684210526315,11.68421052631579,12.947368421052632,356.0,342.05263157894734,264.2631578947368,252.10526315789474,19.63157894736842,16.842105263157894,10.473684210526315,9.789473684210526,51.578947368421055,51.421052631578945,19
2026-08-17,m_1E7Dux,5,t_1XZg6T,Independiente,VISITANTE,1.0,1.1,1.2,1.2,7.0,5.8,2.8,3.5,2.2,2.1,2.2,2.4,15.2,12.9,10.6,10.6,4.8,4.1,3.4,3.0,7.0,5.9,5.0,4.6,1.8,1.9,2.0,1.9,1.0,1.0,1.0,1.0,26.8,24.4,19.8,19.4,13.0,11.7,13.8,13.7,384.2,373.1,377.2,375.1,295.8,281.6,284.6,280.6,24.4,20.8,25.6,20.4,11.2,12.1,14.4,12.1,60.2,57.4,58.8,57.8,1.25,1.35,5.7,4.0,1.95,2.6,12.55,10.85,4.05,3.35,5.6,4.6,2.1052631578947367,1.8421052631578947,1.2777777777777777,1.0,24.15,18.8,11.7,13.15,363.65,338.6,271.05,248.1,19.75,17.9,10.45,10.25,52.45,52.6,20
2026-08-22,m_2IoMcO,6,t_1XZg6T,Independiente,LOCAL,1.4,1.3,1.0,1.1,6.6,5.7,4.0,4.0,2.0,2.3,2.0,2.4,13.0,12.7,12.2,11.9,4.2,4.1,3.6,3.2,6.0,5.5,6.8,5.6,1.8,1.8,1.6,1.7,0.8,0.8,1.0,1.0,24.2,23.1,21.8,21.7,12.6,12.0,13.6,13.9,367.8,374.6,387.4,380.1,276.0,283.6,294.0,286.4,24.4,20.7,27.0,21.2,11.2,12.3,14.4,12.2,57.8,55.9,56.6,57.5,1.3333333333333333,1.3333333333333333,5.666666666666667,4.285714285714286,2.0,2.5714285714285716,12.619047619047619,11.333333333333334,4.0476190476190474,3.4761904761904763,5.619047619047619,4.9523809523809526,2.1,1.8,1.2105263157894737,1.0,24.0,19.476190476190474,11.666666666666666,13.380952380952381,364.3333333333333,341.3809523809524,271.8095238095238,251.0952380952381,19.80952380952381,18.142857142857142,10.380952380952381,10.285714285714286,52.142857142857146,52.523809523809526,21
2026-08-30,m_14q45G,7,t_1XZg6T,Independiente,LOCAL,1.2,1.2,0.4,1.1,8.2,6.2,4.2,3.9,2.0,2.3,2.2,2.4,14.4,13.2,11.6,12.0,4.0,4.1,3.2,3.5,7.2,6.2,6.2,5.4,1.8,1.9,1.2,1.7,1.0,1.0,1.0,1.0,28.2,24.1,19.0,21.4,11.4,11.9,13.8,13.6,410.6,398.2,361.4,382.8,315.2,307.3,266.2,289.9,20.8,20.8,27.6,21.3,10.6,12.5,14.6,12.9,57.4,56.9,56.4,57.6,1.2727272727272727,1.2727272727272727,5.909090909090909,4.2272727272727275,2.0,2.590909090909091,12.636363636363637,11.318181818181818,4.0,3.5,5.7272727272727275,4.909090909090909,2.0952380952380953,1.7619047619047619,1.25,1.0,24.136363636363637,19.318181818181817,11.5,13.318181818181818,370.22727272727275,340.1363636363636,277.3636363636364,249.22727272727272,19.40909090909091,18.272727272727273,10.272727272727273,10.545454545454545,52.36363636363637,52.45454545454545,22
2026-09-06,m_1W1wwo,8,t_1XZg6T,Independiente,VISITANTE,0.8,1.1,1.0,1.3,8.6,6.6,4.0,4.0,2.0,2.4,2.2,2.2,13.8,13.1,10.6,12.2,4.0,4.0,3.4,3.8,6.2,5.9,5.8,5.5,1.8,1.8,1.2,1.9,1.4,1.0,1.0,1.2,28.0,23.6,15.0,21.5,10.0,11.9,13.8,13.4,449.8,388.8,352.4,380.9,353.6,297.2,257.4,290.6,20.4,20.8,26.4,22.1,9.2,11.3,14.6,13.3,58.4,56.0,59.0,57.3,1.2173913043478262,1.3478260869565217,5.956521739130435,4.217391304347826,1.9565217391304348,2.5217391304347827,12.565217391304348,11.304347826086957,4.0,3.5217391304347827,5.565217391304348,4.956521739130435,2.1363636363636362,1.8181818181818181,1.3333333333333333,1.0952380952380953,24.0,19.043478260869566,11.304347826086957,13.391304347826088,374.30434782608694,339.7391304347826,281.30434782608694,249.2173913043478,19.347826086956523,18.26086956521739,10.217391304347826,10.608695652173912,52.43478260869565,52.82608695652174,23
2026-09-13,m_0XqwtQ,9,t_1XZg6T,Independiente,LOCAL,0.6,1.0,1.2,1.1,9.4,7.2,4.2,3.7,1.6,2.2,1.8,2.1,17.4,15.2,13.0,12.3,4.2,4.4,4.2,3.8,8.2,6.8,6.4,5.3,1.8,1.8,2.0,2.0,1.4,1.1,1.6,1.4,29.4,25.5,18.0,20.7,9.8,11.8,14.2,13.6,446.0,386.1,331.8,374.9,351.4,294.9,242.6,286.2,18.0,21.2,24.6,22.3,8.8,9.8,13.2,12.7,55.2,55.9,57.8,56.2,1.1666666666666667,1.3333333333333333,6.166666666666667,4.166666666666667,1.875,2.4583333333333335,13.291666666666666,11.416666666666666,4.041666666666667,3.5833333333333335,5.958333333333333,4.916666666666667,2.0869565217391304,1.9130434782608696,1.3181818181818181,1.1818181818181819,24.375,19.166666666666668,11.291666666666666,13.208333333333334,374.75,339.9166666666667,282.4166666666667,250.125,19.291666666666668,18.458333333333332,10.125,10.5,52.333333333333336,52.75,24
2026-09-19,m_17fjdr,Clausura - Round 10,t_1XZg6T,Independiente,VISITANTE,0.8,0.9,1.2,1.2,8.4,7.7,5.2,4.0,1.6,1.9,2.0,2.1,18.2,16.7,13.0,11.8,4.2,4.5,4.4,3.9,8.0,7.5,5.8,5.4,2.2,2.0,1.8,1.9,1.6,1.3,1.6,1.3,24.4,25.6,18.8,19.3,9.8,11.4,14.2,14.0,443.6,413.9,327.6,352.4,356.4,326.1,242.8,263.7,17.2,20.8,22.0,23.8,8.0,9.6,10.8,12.6,51.0,55.6,50.6,54.7,1.16,1.32,6.24,4.24,1.88,2.48,13.68,11.28,4.08,3.56,6.08,4.84,2.125,1.8333333333333333,1.3478260869565217,1.1304347826086956,24.2,18.8,11.32,13.36,379.64,336.4,288.12,247.04,19.24,18.72,9.96,10.36,52.16,52.2,25
2026-10-02,m_2hYK0U,Clausura - Round 11,t_1XZg6T,Independiente,LOCAL,0.4,0.9,1.4,1.2,8.6,7.6,3.4,3.7,1.4,1.7,2.4,2.2,19.6,16.3,10.4,11.3,4.2,4.2,4.0,3.8,8.8,7.4,3.8,5.3,2.2,2.0,1.8,1.7,1.8,1.3,1.4,1.2,25.6,24.9,14.4,18.1,9.8,11.2,13.0,13.3,441.2,404.5,311.6,349.5,354.2,315.1,227.6,260.8,15.8,20.1,18.6,22.8,7.2,9.2,9.6,12.0,52.0,54.9,48.6,52.6,1.1538461538461537,1.3461538461538463,6.230769230769231,4.115384615384615,1.8846153846153846,2.5384615384615383,13.961538461538462,11.153846153846153,4.076923076923077,3.576923076923077,6.230769230769231,4.730769230769231,2.12,1.8,1.3333333333333333,1.0833333333333333,24.307692307692307,18.5,11.307692307692308,13.307692307692308,379.11538461538464,335.65384615384613,287.65384615384613,246.57692307692307,19.03846153846154,18.23076923076923,9.76923076923077,10.153846153846153,52.11538461538461,51.76923076923077,26
2026-01-26,m_3gOUak,1,t_1dhmUh,Estudiantes de Río Cuarto,VISITANTE,,,,,,,,,,,,,,,,,,,,,,,,,,,,,,,,,,,,,,,,,,,,,,,,,,,,,,,,,,,,,,,,,,,,,,,,,,,,,,,,,,,,,,,,,,,0
2026-01-30,m_1mw3rN,2,t_1dhmUh,Estudiantes de Río Cuarto,LOCAL,0.0,0.0,2.0,2.0,6.0,6.0,3.0,3.0,3.0,3.0,3.0,3.0,9.0,9.0,11.0,11.0,2.0,2.0,3.0,3.0,5.0,5.0,5.0,5.0,1.0,1.0,3.0,3.0,1.0,1.0,1.0,1.0,14.0,14.0,12.0,12.0,9.0,9.0,16.0,16.0,326.0,326.0,357.0,357.0,236.0,236.0,264.0,264.0,14.0,14.0,10.0,10.0,2.0,2.0,6.0,6.0,33.0,33.0,40.0,40.0,0.0,2.0,6.0,3.0,3.0,3.0,9.0,11.0,2.0,3.0,5.0,5.0,1.0,3.0,1.0,1.0,14.0,12.0,9.0,16.0,326.0,357.0,236.0,264.0,14.0,10.0,2.0,6.0,33.0,40.0,1
2026-02-03,m_1P4cPw,3,t_1dhmUh,Estudiantes de Río Cuarto,VISITANTE,0.0,0.0,1.0,1.0,6.0,6.0,2.0,2.0,1.5,1.5,2.5,2.5,10.0,10.0,9.0,9.0,2.5,2.5,1.5,1.5,5.0,5.0,5.5,5.5,1.0,1.0,1.5,1.5,1.0,1.0,0.5,0.5,18.5,18.5,11.5,11.5,11.0,11.0,17.0,17.0,489.0,489.0,293.0,293.0,399.5,399.5,207.0,207.0,13.0,13.0,13.0,13.0,8.5,8.5,11.5,11.5,40.0,40.0,44.0,44.0,0.0,1.0,6.0,2.0,1.5,2.5,10.0,9.0,2.5,1.5,5.0,5.5,1.0,1.5,1.0,0.5,18.5,11.5,11.0,17.0,489.0,293.0,399.5,207.0,13.0,13.0,8.5,11.5,40.0,44.0,2
2026-02-10,m_3jKKF8,4,t_1dhmUh,Estudiantes de Río Cuarto,LOCAL,0.3333333333333333,0.3333333333333333,1.3333333333333333,1.3333333333333333,4.666666666666667,4.666666666666667,2.6666666666666665,2.6666666666666665,1.6666666666666667,1.6666666666666667,2.3333333333333335,2.3333333333333335,11.666666666666666,11.666666666666666,10.666666666666666,10.666666666666666,3.0,3.0,2.3333333333333335,2.3333333333333335,6.0,6.0,6.0,6.0,1.3333333333333333,1.3333333333333333,1.6666666666666667,1.6666666666666667,1.0,1.0,0.6666666666666666,0.6666666666666666,20.0,20.0,19.333333333333332,19.333333333333332,11.666666666666666,11.666666666666666,13.666666666666666,13.666666666666666,408.6666666666667,408.6666666666667,302.6666666666667,302.6666666666667,316.3333333333333,316.3333333333333,213.0,213.0,12.0,12.0,17.333333333333332,17.333333333333332,7.0,7.0,9.666666666666666,9.666666666666666,41.333333333333336,41.333333333333336,47.666666666666664,47.666666666666664,0.3333333333333333,1.3333333333333333,4.666666666666667,2.6666666666666665,1.6666666666666667,2.3333333333333335,11.666666666666666,10.666666666666666,3.0,2.3333333333333335,6.0,6.0,1.3333333333333333,1.6666666666666667,1.0,0.6666666666666666,20.0,19.333333333333332,11.666666666666666,13.666666666666666,408.6666666666667,302.6666666666667,316.3333333333333,213.0,12.0,17.333333333333332,7.0,9.666666666666666,41.333333333333336,47.666666666666664,3
2026-02-15,m_37CuJS,5,t_1dhmUh,Estudiantes de Río Cuarto,VISITANTE,0.25,0.25,1.25,1.25,4.25,4.25,3.0,3.0,2.25,2.25,2.0,2.0,11.75,11.75,11.75,11.75,2.25,2.25,2.5,2.5,7.25,7.25,6.5,6.5,1.0,1.0,1.5,1.5,0.75,0.75,0.75,0.75,20.0,20.0,20.25,20.25,11.75,11.75,12.5,12.5,393.0,393.0,317.75,317.75,293.25,293.25,219.75,219.75,11.75,11.75,16.75,16.75,11.0,11.0,9.25,9.25,44.75,44.75,48.25,48.25,0.25,1.25,4.25,3.0,2.25,2.0,11.75,11.75,2.25,2.5,7.25,6.5,1.0,1.5,0.75,0.75,20.0,20.25,11.75,12.5,393.0,317.75,293.25,219.75,11.75,16.75,11.0,9.25,44.75,48.25,4
2026-02-22,m_48r2a7,6,t_1dhmUh,Estudiantes de Río Cuarto,VISITANTE,0.2,0.2,1.8,1.8,3.8,3.8,3.8,3.8,2.4,2.4,1.8,1.8,10.4,10.4,13.0,13.0,1.8,1.8,3.4,3.4,6.4,6.4,6.8,6.8,0.8,0.8,2.6,2.6,0.6,0.6,1.2,1.2,18.0,18.0,19.8,19.8,11.6,11.6,12.6,12.6,370.2,370.2,307.4,307.4,269.0,269.0,211.0,211.0,11.6,11.6,15.4,15.4,12.0,12.0,11.4,11.4,42.6,42.6,48.4,48.4,0.2,1.8,3.8,3.8,2.4,1.8,10.4,13.0,1.8,3.4,6.4,6.8,0.8,2.6,0.6,1.2,18.0,19.8,11.6,12.6,370.2,307.4,269.0,211.0,11.6,15.4,12.0,11.4,42.6,48.4,5
2026-02-26,m_0JTPFi,7,t_1dhmUh,Estudiantes de Río Cuarto,LOCAL,0.2,0.16666666666666666,1.8,1.8333333333333333,3.8,4.166666666666667,3.8,3.6666666666666665,2.4,2.5,1.6,1.8333333333333333,10.8,10.5,12.4,12.166666666666666,2.2,2.1666666666666665,4.0,3.8333333333333335,6.2,6.0,6.0,5.833333333333333,0.6,0.6666666666666666,2.2,2.3333333333333335,0.5,0.6,1.25,1.2,19.4,18.5,19.6,18.333333333333332,12.4,11.833333333333334,12.0,12.666666666666666,375.2,367.0,306.0,314.5,272.6,266.5,212.4,221.0,11.8,12.166666666666666,17.2,16.0,13.2,11.333333333333334,12.2,11.166666666666666,46.4,44.166666666666664,51.0,49.166666666666664,0.16666666666666666,1.8333333333333333,4.166666666666667,3.6666666666666665,2.5,1.8333333333333333,10.5,12.166666666666666,2.1666666666666665,3.8333333333333335,6.0,5.833333333333333,0.6666666666666666,2.3333333333333335,0.6,1.2,18.5,18.333333333333332,11.833333333333334,12.666666666666666,367.0,314.5,266.5,221.0,12.166666666666666,16.0,11.333333333333334,11.166666666666666,44.166666666666664,49.166666666666664,6
2026-03-03,m_3B5PeK,8,t_1dhmUh,Estudiantes de Río Cuarto,VISITANTE,0.2,0.14285714285714285,2.2,1.8571428571428572,3.6,4.285714285714286,4.8,4.0,3.6,3.0,1.8,2.0,10.6,10.428571428571429,14.6,13.0,2.0,2.142857142857143,5.4,4.285714285714286,6.6,6.142857142857143,6.6,6.285714285714286,0.6,0.7142857142857143,3.2,2.7142857142857144,0.5,0.6666666666666666,2.0,1.5,18.0,18.142857142857142,20.2,17.714285714285715,11.8,11.571428571428571,11.0,12.714285714285714,336.2,379.85714285714283,309.4,304.7142857142857,234.0,281.2857142857143,217.0,214.14285714285714,12.4,12.571428571428571,16.8,15.714285714285714,10.8,10.142857142857142,10.6,10.857142857142858,45.6,44.0,51.6,49.42857142857143,0.14285714285714285,1.8571428571428572,4.285714285714286,4.0,3.0,2.0,10.428571428571429,13.0,2.142857142857143,4.285714285714286,6.142857142857143,6.285714285714286,0.7142857142857143,2.7142857142857144,0.6666666666666666,1.5,18.142857142857142,17.714285714285715,11.571428571428571,12.714285714285714,379.85714285714283,304.7142857142857,281.2857142857143,214.14285714285714,12.571428571428571,15.714285714285714,10.142857142857142,10.857142857142858,44.0,49.42857142857143,7
2026-03-12,m_3oaL0D,10,t_1dhmUh,Estudiantes de Río Cuarto,LOCAL,0.0,0.125,2.0,1.75,4.8,4.75,5.2,4.25,3.6,2.875,2.2,2.25,9.6,10.375,14.2,12.875,1.6,2.125,5.2,4.125,6.4,6.25,6.0,6.0,0.4,0.75,3.0,2.5,0.5,0.7142857142857143,1.75,1.2857142857142858,17.4,18.375,17.0,17.875,11.6,11.625,13.2,13.375,348.0,370.75,314.6,310.125,245.4,272.0,223.0,219.25,15.4,14.125,14.8,15.75,11.8,10.0,10.8,10.375,44.8,43.5,50.2,49.25,0.125,1.75,4.75,4.25,2.875,2.25,10.375,12.875,2.125,4.125,6.25,6.0,0.75,2.5,0.7142857142857143,1.2857142857142858,18.375,17.875,11.625,13.375,370.75,310.125,272.0,219.25,14.125,15.75,10.0,10.375,43.5,49.25,8
2026-03-16,m_1jmmXo,11,t_1dhmUh,Estudiantes de Río Cuarto,VISITANTE,0.2,0.2222222222222222,1.8,1.5555555555555556,4.6,4.444444444444445,6.0,4.666666666666667,3.2,2.7777777777777777,2.2,2.111111111111111,8.8,10.11111111111111,14.4,13.222222222222221,1.8,2.0,5.0,3.888888888888889,5.0,6.0,6.4,6.444444444444445,0.6,0.7777777777777778,2.8,2.2222222222222223,0.6666666666666666,0.7142857142857143,2.0,1.2857142857142858,16.8,18.22222222222222,16.6,18.22222222222222,11.2,11.444444444444445,12.2,12.333333333333334,348.8,368.44444444444446,318.4,318.1111111111111,249.6,269.0,228.6,224.66666666666666,18.4,15.444444444444445,15.8,16.22222222222222,9.4,10.11111111111111,11.0,10.222222222222221,46.0,45.44444444444444,53.8,51.333333333333336,0.2222222222222222,1.5555555555555556,4.444444444444445,4.666666666666667,2.7777777777777777,2.111111111111111,10.11111111111111,13.222222222222221,2.0,3.888888888888889,6.0,6.444444444444445,0.7777777777777778,2.2222222222222223,0.7142857142857143,1.2857142857142858,18.22222222222222,18.22222222222222,11.444444444444445,12.333333333333334,368.44444444444446,318.1111111111111,269.0,224.66666666666666,15.444444444444445,16.22222222222222,10.11111111111111,10.222222222222221,45.44444444444444,51.333333333333336,9
2026-03-22,m_38Dq9r,12,t_1dhmUh,Estudiantes de Río Cuarto,LOCAL,0.2,0.2,1.4,1.6,4.4,4.1,5.2,4.5,3.2,2.8,2.2,2.0,8.4,9.4,15.2,14.1,1.8,1.8,4.2,3.8,5.0,5.7,7.4,7.1,0.6,0.7,2.6,2.6,0.6666666666666666,0.625,2.3333333333333335,1.625,14.8,16.4,19.6,19.7,11.6,11.6,12.0,12.3,365.8,368.0,355.2,331.3,271.8,270.4,266.6,238.8,19.2,15.4,18.6,17.0,7.4,9.7,8.8,10.1,46.6,44.6,51.8,50.1,0.2,1.6,4.1,4.5,2.8,2.0,9.4,14.1,1.8,3.8,5.7,7.1,0.7,2.6,0.625,1.625,16.4,19.7,11.6,12.3,368.0,331.3,270.4,238.8,15.4,17.0,9.7,10.1,44.6,50.1,10
2026-04-04,m_3pnBbL,13,t_1dhmUh,Estudiantes de Río Cuarto,VISITANTE,0.6,0.4,1.0,1.4,4.6,4.2,5.6,4.7,3.0,2.7,2.2,1.9,8.0,9.4,15.0,13.7,1.6,1.9,3.2,3.6,4.6,5.4,7.4,6.7,1.0,0.8,2.4,2.3,0.6666666666666666,0.5714285714285714,2.3333333333333335,1.7142857142857142,13.8,16.6,20.8,20.2,10.6,11.5,10.8,11.4,375.8,375.5,345.2,325.6,288.6,280.6,255.4,233.9,19.2,15.5,18.4,17.8,7.4,10.3,8.4,10.3,47.2,46.8,51.2,51.1,0.36363636363636365,1.4545454545454546,4.363636363636363,4.545454545454546,2.727272727272727,2.0,9.363636363636363,13.454545454545455,1.9090909090909092,3.5454545454545454,5.363636363636363,6.545454545454546,0.8181818181818182,2.3636363636363638,0.625,1.625,16.363636363636363,19.454545454545453,11.272727272727273,11.818181818181818,371.0,328.45454545454544,276.54545454545456,236.63636363636363,15.363636363636363,17.09090909090909,9.545454545454545,9.909090909090908,45.54545454545455,50.09090909090909,11
2026-04-12,m_1VteVu,14,t_1dhmUh,Estudiantes de Río Cuarto,LOCAL,0.6,0.4,0.6,1.4,5.6,4.6,5.6,5.2,2.2,2.9,2.6,2.2,8.6,9.6,13.6,14.1,1.6,1.8,2.4,3.9,4.4,5.5,7.0,6.8,1.2,0.9,1.8,2.5,1.0,0.7142857142857143,2.0,2.0,14.8,16.4,22.4,21.3,10.8,11.3,11.4,11.2,378.8,357.5,344.2,326.8,289.4,261.7,250.4,233.7,18.0,15.2,18.2,17.5,8.2,9.5,9.0,9.8,50.8,48.2,51.6,51.6,0.3333333333333333,1.3333333333333333,4.833333333333333,4.666666666666667,2.6666666666666665,2.25,9.666666666666666,13.25,1.9166666666666667,3.5,5.416666666666667,6.583333333333333,0.9166666666666666,2.3333333333333335,0.7777777777777778,1.6666666666666667,16.75,19.666666666666668,11.25,12.166666666666666,379.4166666666667,321.1666666666667,284.6666666666667,229.25,14.833333333333334,16.75,9.333333333333334,10.083333333333334,46.833333333333336,50.333333333333336,12
2026-04-18,m_2yMdi1,15,t_1dhmUh,Estudiantes de Río Cuarto,VISITANTE,1.0,0.5,0.6,1.3,4.4,4.6,5.6,5.4,2.4,3.0,2.0,2.1,8.8,9.2,14.4,14.3,2.2,1.9,2.6,3.9,3.8,5.1,8.0,7.0,1.2,0.8,2.2,2.6,1.0,0.7142857142857143,2.6666666666666665,2.142857142857143,14.6,16.0,23.0,20.0,12.4,12.0,10.2,11.7,356.0,352.0,389.4,352.0,271.8,258.6,298.4,260.7,15.0,15.2,18.0,16.4,7.6,9.7,10.4,10.6,50.6,47.7,51.4,50.8,0.46153846153846156,1.3076923076923077,4.615384615384615,4.769230769230769,2.6923076923076925,2.1538461538461537,9.76923076923077,13.461538461538462,2.1538461538461537,3.5384615384615383,5.3076923076923075,6.769230769230769,0.9230769230769231,2.3846153846153846,0.8,1.7,16.923076923076923,19.846153846153847,11.923076923076923,12.153846153846153,365.0769230769231,340.61538461538464,271.9230769230769,249.69230769230768,14.461538461538462,16.615384615384617,9.076923076923077,10.384615384615385,46.23076923076923,50.07692307692308,13
2026-04-24,m_4KqHL3,16,t_1dhmUh,Estudiantes de Río Cuarto,LOCAL,1.0,0.6,0.6,1.2,4.2,4.4,4.8,5.4,2.6,2.9,2.4,2.3,10.2,9.5,14.0,14.2,2.8,2.3,3.0,4.0,5.2,5.1,7.8,7.1,1.6,1.1,2.8,2.8,1.25,1.0,2.75,2.4285714285714284,17.0,16.9,22.4,19.5,12.8,12.0,12.0,12.1,351.4,350.1,390.8,354.6,274.4,262.0,305.4,267.0,12.4,15.4,16.6,16.2,8.6,9.0,10.0,10.5,49.2,47.6,47.8,50.8,0.5,1.2142857142857142,4.357142857142857,4.714285714285714,2.7142857142857144,2.2142857142857144,10.142857142857142,13.5,2.2857142857142856,3.5714285714285716,5.714285714285714,6.928571428571429,1.0714285714285714,2.4285714285714284,0.9090909090909091,1.8181818181818181,17.785714285714285,19.714285714285715,11.928571428571429,12.214285714285714,362.35714285714283,344.07142857142856,270.92857142857144,253.5,14.357142857142858,16.357142857142858,9.571428571428571,10.142857142857142,46.785714285714285,50.07142857142857,14
2026-05-05,m_1qqpJe,9,t_1dhmUh,Estudiantes de Río Cuarto,LOCAL,1.4,0.8,0.4,0.9,4.8,4.6,4.2,4.7,2.8,3.0,2.4,2.3,12.0,10.2,12.4,13.8,3.6,2.7,2.8,3.5,6.2,5.6,7.2,7.3,2.2,1.4,2.4,2.5,1.5,1.1428571428571428,2.75,2.5714285714285716,21.4,18.1,20.4,20.0,12.4,12.0,12.0,12.0,364.4,365.1,362.8,359.0,286.6,279.2,278.8,272.7,12.8,16.0,15.4,17.0,10.4,8.9,11.2,10.0,52.6,49.6,51.2,51.5,0.6,1.2,4.333333333333333,4.4,2.8,2.1333333333333333,10.266666666666667,13.533333333333333,2.4,3.466666666666667,5.866666666666666,7.133333333333334,1.2,2.533333333333333,0.9166666666666666,2.0,18.066666666666666,19.933333333333334,11.866666666666667,12.2,366.8,341.8,275.8,252.13333333333333,14.533333333333333,16.466666666666665,9.933333333333334,10.466666666666667,47.266666666666666,50.46666666666667,15
2026-07-25,m_2VlptL,1,t_1dhmUh,Estudiantes de Río Cuarto,LOCAL,1.4,1.0,0.4,0.7,5.0,4.8,3.8,4.7,2.6,2.8,2.2,2.2,14.6,11.3,12.8,13.9,4.4,3.0,3.0,3.1,7.8,6.2,8.2,7.8,2.6,1.8,2.6,2.5,1.6,1.25,2.4,2.375,27.0,20.4,19.6,20.2,13.8,12.2,11.8,11.3,373.4,374.6,370.6,357.9,292.8,290.7,284.4,269.9,13.4,16.3,14.8,16.6,10.0,8.7,10.8,9.6,54.0,50.6,51.8,51.5,0.6875,1.125,4.5625,4.3125,2.6875,2.0625,11.0,13.25,2.6875,3.375,6.125,7.0625,1.375,2.4375,1.0,1.9230769230769231,19.6875,19.5,12.0625,11.8125,371.75,341.625,281.625,251.5625,14.75,16.375,9.6875,10.1875,48.1875,50.625,16
2026-07-29,m_3zA6AY,2,t_1dhmUh,Estudiantes de Río Cuarto,VISITANTE,1.6,1.1,0.4,0.5,3.8,4.7,3.6,4.6,2.6,2.4,1.6,2.1,13.6,11.1,14.2,13.9,4.4,3.0,3.2,2.8,7.4,5.9,8.2,7.6,2.6,1.9,2.2,2.0,1.4,1.25,2.0,2.0,25.0,19.9,19.4,20.9,15.2,13.0,11.2,11.3,342.4,360.6,420.6,382.4,264.8,277.1,335.6,293.0,14.8,16.4,15.6,16.9,11.6,9.9,9.4,9.2,52.6,51.7,50.4,51.0,0.7058823529411765,1.0588235294117647,4.529411764705882,4.352941176470588,2.6470588235294117,2.0588235294117645,10.823529411764707,13.529411764705882,2.6470588235294117,3.411764705882353,6.0,7.0588235294117645,1.411764705882353,2.2941176470588234,1.0,1.7857142857142858,19.176470588235293,19.58823529411765,12.411764705882353,11.882352941176471,368.52941176470586,350.4117647058824,278.8235294117647,260.52941176470586,14.823529411764707,16.41176470588235,10.0,9.882352941176471,48.529411764705884,50.35294117647059,17
2026-08-01,m_0OvFHa,3,t_1dhmUh,Estudiantes de Río Cuarto,LOCAL,1.8,1.4,0.2,0.4,4.6,4.5,3.2,4.4,2.0,2.2,1.6,1.8,14.8,11.8,13.4,13.9,5.2,3.7,3.2,2.9,8.0,5.9,7.6,7.8,3.6,2.4,1.8,2.0,1.8,1.5,1.8,2.125,26.2,20.4,18.0,20.5,12.6,12.5,9.8,10.0,433.0,394.5,360.6,375.0,352.6,312.2,274.2,286.3,17.0,16.0,16.2,17.1,12.0,9.8,8.6,9.5,56.2,53.4,51.6,51.5,0.8333333333333334,1.0,4.611111111111111,4.333333333333333,2.5,2.0,11.166666666666666,13.444444444444445,3.0,3.4444444444444446,6.055555555555555,7.0,1.6666666666666667,2.2222222222222223,1.1333333333333333,1.7333333333333334,19.5,19.333333333333332,12.11111111111111,11.5,383.94444444444446,346.1666666666667,294.3333333333333,256.5,15.166666666666666,16.5,9.88888888888889,9.88888888888889,49.0,50.5,18
2026-08-08,m_0eUxKc,4,t_1dhmUh,Estudiantes de Río Cuarto,VISITANTE,1.6,1.3,0.2,0.4,5.8,5.0,3.4,4.1,1.8,2.2,1.0,1.7,13.4,11.8,13.4,13.7,4.4,3.6,3.0,3.0,6.8,6.0,7.2,7.5,3.0,2.3,1.4,2.1,1.4,1.3333333333333333,1.4,2.0,23.4,20.2,17.8,20.1,14.0,13.4,10.0,11.0,446.4,398.9,342.0,366.4,358.6,316.5,250.4,277.9,19.0,15.7,18.2,17.4,10.6,9.6,8.6,9.3,56.0,52.6,53.2,50.5,0.7894736842105263,0.9473684210526315,4.7368421052631575,4.368421052631579,2.473684210526316,1.894736842105263,11.0,13.473684210526315,2.8421052631578947,3.4210526315789473,6.0,7.0,1.5789473684210527,2.1578947368421053,1.0625,1.6875,19.263157894736842,19.210526315789473,12.473684210526315,11.631578947368421,384.4736842105263,343.5263157894737,294.0,252.68421052631578,15.578947368421053,16.842105263157894,9.842105263157896,9.736842105263158,49.21052631578947,50.89473684210526,19
2026-08-17,m_17RFeg,5,t_1dhmUh,Estudiantes de Río Cuarto,LOCAL,1.6,1.5,0.2,0.3,5.8,5.3,4.0,4.1,1.2,2.0,1.4,1.9,14.6,13.3,11.8,12.1,4.2,3.9,3.2,3.0,7.2,6.7,5.6,6.4,3.2,2.7,1.0,1.7,1.8,1.6666666666666667,0.8,1.6666666666666667,23.6,22.5,14.8,17.6,13.8,13.1,9.8,10.9,473.8,419.1,342.6,352.7,382.8,334.7,246.8,262.8,19.8,16.3,17.4,16.4,8.4,9.4,8.0,9.6,56.6,54.6,52.8,52.0,0.85,0.95,4.7,4.3,2.4,1.95,11.35,13.1,2.85,3.4,6.2,6.75,1.7,2.15,1.1764705882352942,1.6470588235294117,19.45,18.65,12.35,11.6,393.55,342.0,302.55,250.8,15.85,16.7,9.55,9.85,49.6,51.05,20
2026-08-21,m_3wtsgB,6,t_1dhmUh,Estudiantes de Río Cuarto,LOCAL,1.4,1.4,0.2,0.3,5.4,5.2,4.2,4.0,1.8,2.2,1.4,1.8,12.0,13.3,12.4,12.6,3.4,3.9,3.0,3.0,6.2,7.0,5.6,6.9,2.6,2.6,0.8,1.7,1.75,1.6666666666666667,0.75,1.6666666666666667,18.6,22.8,14.6,17.1,13.8,13.8,11.0,11.4,455.0,414.2,344.0,357.3,361.8,327.3,248.8,266.6,21.2,17.3,21.0,17.9,9.2,9.6,10.2,10.5,56.4,55.2,52.4,52.1,0.8571428571428571,0.9047619047619048,4.761904761904762,4.285714285714286,2.4761904761904763,1.9047619047619047,11.238095238095237,13.047619047619047,2.857142857142857,3.2857142857142856,6.142857142857143,6.714285714285714,1.6666666666666667,2.0476190476190474,1.1764705882352942,1.6470588235294117,19.428571428571427,18.333333333333332,12.476190476190476,11.619047619047619,391.57142857142856,342.1904761904762,300.7142857142857,250.9047619047619,16.285714285714285,17.476190476190474,9.571428571428571,10.19047619047619,50.142857142857146,51.04761904761905,21
2026-08-29,m_0m7kON,7,t_1dhmUh,Estudiantes de Río Cuarto,VISITANTE,1.2,1.4,0.2,0.3,4.6,4.2,3.4,3.5,2.0,2.3,1.2,1.4,12.0,12.8,11.4,12.8,3.4,3.9,3.0,3.1,6.2,6.8,5.8,7.0,2.75,2.6666666666666665,1.0,1.6666666666666667,2.0,1.625,1.0,1.625,18.8,21.9,14.0,16.7,13.8,14.5,9.2,10.2,456.0,399.2,333.2,376.9,360.8,312.8,235.4,285.5,25.6,20.2,20.6,18.1,8.6,10.1,10.6,10.0,58.0,55.3,54.2,52.3,0.8181818181818182,0.8636363636363636,4.545454545454546,4.136363636363637,2.5,1.8636363636363635,11.090909090909092,13.045454545454545,2.8181818181818183,3.3181818181818183,6.045454545454546,6.7727272727272725,1.6666666666666667,2.0476190476190474,1.1764705882352942,1.6470588235294117,19.09090909090909,18.318181818181817,12.727272727272727,11.272727272727273,388.40909090909093,346.5,297.45454545454544,254.8181818181818,17.272727272727273,17.363636363636363,9.681818181818182,10.045454545454545,50.68181818181818,51.22727272727273,22
2026-09-04,m_4fJmCv,8,t_1dhmUh,Estudiantes de Río Cuarto,LOCAL,0.8,1.3,0.4,0.3,3.8,4.2,4.2,3.7,2.8,2.4,1.4,1.5,9.6,12.2,12.6,13.0,1.8,3.5,2.6,2.9,5.4,6.7,6.0,6.8,1.5,2.6666666666666665,1.25,1.5555555555555556,1.0,1.5,1.0,1.5,16.0,21.1,16.4,17.2,15.8,14.2,10.6,10.2,381.0,407.0,378.4,369.5,286.6,319.6,281.6,277.9,24.4,20.7,20.0,18.1,11.8,11.9,11.4,10.0,53.4,54.8,52.6,52.1,0.8260869565217391,0.8695652173913043,4.434782608695652,4.304347826086956,2.5652173913043477,1.8695652173913044,10.826086956521738,13.26086956521739,2.739130434782609,3.260869565217391,5.913043478260869,6.782608695652174,1.6363636363636365,2.0454545454545454,1.1111111111111112,1.6111111111111112,18.73913043478261,18.695652173913043,12.91304347826087,11.304347826086957,383.30434782608694,353.17391304347825,292.6521739130435,261.95652173913044,17.17391304347826,17.26086956521739,10.304347826086957,10.217391304347826,49.95652173913044,50.95652173913044,23
2026-09-15,m_1qj0Vv,Clausura - Round 9,t_1dhmUh,Estudiantes de Río Cuarto,VISITANTE,1.2,1.4,0.4,0.3,2.6,4.2,6.0,4.7,2.4,2.1,1.8,1.4,10.4,11.9,13.4,13.4,2.6,3.5,2.6,2.8,5.6,6.2,6.2,6.7,2.25,2.6666666666666665,1.25,1.3333333333333333,1.6666666666666667,1.5,1.0,1.25,16.8,20.1,17.8,17.8,13.2,13.6,9.6,9.8,357.0,401.7,419.6,380.8,265.6,312.1,326.4,288.4,23.8,21.4,19.2,18.7,12.6,11.6,11.4,10.0,51.6,53.8,52.4,52.8,0.875,0.8333333333333334,4.291666666666667,4.708333333333333,2.4583333333333335,1.875,10.875,13.458333333333334,2.7916666666666665,3.25,5.916666666666667,6.833333333333333,1.6956521739130435,2.0,1.1578947368421053,1.5789473684210527,18.75,18.916666666666668,12.625,11.208333333333334,378.75,359.375,288.0833333333333,268.0416666666667,17.291666666666668,17.333333333333332,10.416666666666666,10.083333333333334,49.708333333333336,51.208333333333336,24
2026-09-15,m_47lc7V,9,t_1dhmUh,Estudiantes de Río Cuarto,VISITANTE,1.2,1.4,0.4,0.3,2.2,4.0,6.0,5.0,2.8,2.0,1.6,1.5,9.4,12.0,14.4,13.1,2.8,3.5,3.0,3.1,4.4,5.8,6.8,6.2,1.25,2.3333333333333335,1.0,1.0,0.6666666666666666,1.375,1.0,0.875,15.8,19.7,19.8,17.3,13.2,13.5,9.8,9.8,306.8,390.3,451.2,396.9,220.8,301.8,361.8,304.3,23.6,21.7,20.2,18.8,14.6,11.5,10.8,9.4,48.6,52.6,51.2,52.0,0.92,0.84,4.2,4.64,2.48,1.88,10.96,13.36,2.84,3.32,5.84,6.76,1.625,1.9583333333333333,1.1,1.55,18.72,18.88,12.52,11.24,376.2,363.84,286.2,273.0,17.4,17.4,10.56,10.04,49.4,51.08,25
2026-01-23,m_22Z8p0,1,t_1g5yTJ,Gimnasia Mendoza,VISITANTE,,,,,,,,,,,,,,,,,,,,,,,,,,,,,,,,,,,,,,,,,,,,,,,,,,,,,,,,,,,,,,,,,,,,,,,,,,,,,,,,,,,,,,,,,,,0
2026-01-27,m_14jWEQ,2,t_1g5yTJ,Gimnasia Mendoza,LOCAL,0.0,0.0,1.0,1.0,14.0,14.0,2.0,2.0,0.0,0.0,1.0,1.0,16.0,16.0,11.0,11.0,4.0,4.0,4.0,4.0,5.0,5.0,5.0,5.0,2.0,2.0,2.0,2.0,2.0,2.0,2.0,2.0,25.0,25.0,12.0,12.0,9.0,9.0,10.0,10.0,524.0,524.0,245.0,245.0,443.0,443.0,163.0,163.0,15.0,15.0,22.0,22.0,6.0,6.0,8.0,8.0,46.0,46.0,40.0,40.0,0.0,1.0,14.0,2.0,0.0,1.0,16.0,11.0,4.0,4.0,5.0,5.0,2.0,2.0,2.0,2.0,25.0,12.0,9.0,10.0,524.0,245.0,443.0,163.0,15.0,22.0,6.0,8.0,46.0,40.0,1
2026-02-03,m_0Xzrp8,3,t_1g5yTJ,Gimnasia Mendoza,VISITANTE,0.0,0.0,1.0,1.0,9.0,9.0,3.0,3.0,0.5,0.5,1.5,1.5,14.5,14.5,10.0,10.0,3.5,3.5,2.5,2.5,5.5,5.5,5.0,5.0,1.0,1.0,1.5,1.5,2.0,2.0,2.0,2.0,17.0,17.0,12.0,12.0,10.0,10.0,11.0,11.0,435.0,435.0,248.0,248.0,346.5,346.5,152.5,152.5,17.0,17.0,20.5,20.5,7.0,7.0,8.5,8.5,47.5,47.5,45.5,45.5,0.0,1.0,9.0,3.0,0.5,1.5,14.5,10.0,3.5,2.5,5.5,5.0,1.0,1.5,2.0,2.0,17.0,12.0,10.0,11.0,435.0,248.0,346.5,152.5,17.0,20.5,7.0,8.5,47.5,45.5,2
2026-02-09,m_185FrI,4,t_1g5yTJ,Gimnasia Mendoza,LOCAL,1.3333333333333333,1.3333333333333333,0.6666666666666666,0.6666666666666666,7.0,7.0,2.3333333333333335,2.3333333333333335,0.6666666666666666,0.6666666666666666,1.3333333333333333,1.3333333333333333,15.333333333333334,15.333333333333334,8.0,8.0,4.666666666666667,4.666666666666667,2.0,2.0,5.666666666666667,5.666666666666667,4.0,4.0,2.0,2.0,1.0,1.0,1.5,1.5,1.0,1.0,20.333333333333332,20.333333333333332,9.0,9.0,11.0,11.0,10.333333333333334,10.333333333333334,454.6666666666667,454.6666666666667,283.0,283.0,370.3333333333333,370.3333333333333,195.33333333333334,195.33333333333334,17.666666666666668,17.666666666666668,17.666666666666668,17.666666666666668,7.666666666666667,7.666666666666667,9.333333333333334,9.333333333333334,47.333333333333336,47.333333333333336,43.666666666666664,43.666666666666664,1.3333333333333333,0.6666666666666666,7.0,2.3333333333333335,0.6666666666666666,1.3333333333333333,15.333333333333334,8.0,4.666666666666667,2.0,5.666666666666667,4.0,2.0,1.0,1.5,1.0,20.333333333333332,9.0,11.0,10.333333333333334,454.6666666666667,283.0,370.3333333333333,195.33333333333334,17.666666666666668,17.666666666666668,7.666666666666667,9.333333333333334,47.333333333333336,43.666666666666664,3
2026-02-14,m_2a1a7F,5,t_1g5yTJ,Gimnasia Mendoza,VISITANTE,1.0,1.0,0.75,0.75,7.0,7.0,2.75,2.75,0.75,0.75,1.25,1.25,14.5,14.5,9.0,9.0,4.75,4.75,2.75,2.75,5.5,5.5,4.5,4.5,2.25,2.25,1.25,1.25,2.0,2.0,1.0,1.0,21.25,21.25,12.25,12.25,10.25,10.25,10.75,10.75,442.0,442.0,296.5,296.5,351.5,351.5,209.75,209.75,15.5,15.5,17.75,17.75,8.0,8.0,9.75,9.75,50.75,50.75,46.0,46.0,1.0,0.75,7.0,2.75,0.75,1.25,14.5,9.0,4.75,2.75,5.5,4.5,2.25,1.25,2.0,1.0,21.25,12.25,10.25,10.75,442.0,296.5,351.5,209.75,15.5,17.75,8.0,9.75,50.75,46.0,4
2026-02-21,m_3TfM13,6,t_1g5yTJ,Gimnasia Mendoza,LOCAL,1.2,1.2,0.8,0.8,6.4,6.4,2.6,2.6,1.0,1.0,1.2,1.2,14.2,14.2,8.8,8.8,5.0,5.0,3.2,3.2,5.0,5.0,4.2,4.2,2.2,2.2,1.8,1.8,2.0,2.0,1.5,1.5,20.0,20.0,12.0,12.0,10.6,10.6,11.4,11.4,450.8,450.8,294.4,294.4,360.6,360.6,208.6,208.6,17.2,17.2,19.8,19.8,7.6,7.6,10.0,10.0,51.4,51.4,45.8,45.8,1.2,0.8,6.4,2.6,1.0,1.2,14.2,8.8,5.0,3.2,5.0,4.2,2.2,1.8,2.0,1.5,20.0,12.0,10.6,11.4,450.8,294.4,360.6,208.6,17.2,19.8,7.6,10.0,51.4,45.8,5
2026-02-25,m_4Hyhnt,7,t_1g5yTJ,Gimnasia Mendoza,LOCAL,1.4,1.1666666666666667,0.6,0.6666666666666666,4.4,6.0,3.6,3.3333333333333335,1.8,1.5,1.6,1.5,12.8,13.333333333333334,11.8,11.666666666666666,4.6,4.5,3.6,3.6666666666666665,5.0,5.0,6.4,6.166666666666667,2.2,2.1666666666666665,1.8,1.8333333333333333,1.75,1.8,1.5,1.6,18.2,19.333333333333332,15.8,15.166666666666666,12.0,11.5,11.4,11.166666666666666,409.0,428.1666666666667,332.0,317.5,317.0,338.0,247.6,233.5,17.0,16.666666666666668,17.2,18.0,8.0,7.666666666666667,11.0,10.5,52.2,51.166666666666664,46.8,45.666666666666664,1.1666666666666667,0.6666666666666666,6.0,3.3333333333333335,1.5,1.5,13.333333333333334,11.666666666666666,4.5,3.6666666666666665,5.0,6.166666666666667,2.1666666666666665,1.8333333333333333,1.8,1.6,19.333333333333332,15.166666666666666,11.5,11.166666666666666,428.1666666666667,317.5,338.0,233.5,16.666666666666668,18.0,7.666666666666667,10.5,51.166666666666664,45.666666666666664,6
2026-02-28,m_3ZmoAF,8,t_1g5yTJ,Gimnasia Mendoza,VISITANTE,1.6,1.1428571428571428,0.6,0.7142857142857143,4.4,5.714285714285714,3.8,3.5714285714285716,2.6,2.0,1.4,1.4285714285714286,11.8,12.571428571428571,11.2,10.857142857142858,4.6,4.285714285714286,4.2,3.7142857142857144,4.2,4.571428571428571,5.6,5.428571428571429,2.75,2.1666666666666665,2.0,1.8333333333333333,1.75,1.8,1.5,1.6,19.6,18.857142857142858,16.4,15.142857142857142,12.0,11.428571428571429,11.4,11.285714285714286,418.6,423.2857142857143,350.4,321.14285714285717,325.4,331.42857142857144,264.6,232.57142857142858,17.2,17.142857142857142,16.2,17.428571428571427,7.6,7.428571428571429,11.6,10.714285714285714,53.6,51.857142857142854,45.8,45.714285714285715,1.1428571428571428,0.7142857142857143,5.714285714285714,3.5714285714285716,2.0,1.4285714285714286,12.571428571428571,10.857142857142858,4.285714285714286,3.7142857142857144,4.571428571428571,5.428571428571429,2.1666666666666665,1.8333333333333333,1.8,1.6,18.857142857142858,15.142857142857142,11.428571428571429,11.285714285714286,423.2857142857143,321.14285714285717,331.42857142857144,232.57142857142858,17.142857142857142,17.428571428571427,7.428571428571429,10.714285714285714,51.857142857142854,45.714285714285715,7
2026-03-12,m_2mbzIF,10,t_1g5yTJ,Gimnasia Mendoza,VISITANTE,1.0,1.125,0.8,0.75,4.4,5.375,5.4,4.25,3.2,2.25,1.8,1.625,9.6,11.75,14.2,11.875,3.8,4.125,5.0,3.875,3.2,4.125,7.2,6.0,1.75,1.8571428571428572,2.5,1.8571428571428572,1.5,1.5,2.0,1.6666666666666667,15.2,17.125,21.8,17.0,12.8,12.125,11.8,11.25,369.2,401.25,394.8,352.875,271.8,308.75,306.0,264.5,17.4,17.5,17.8,17.75,8.6,8.25,10.6,10.125,57.8,53.875,51.0,48.25,1.125,0.75,5.375,4.25,2.25,1.625,11.75,11.875,4.125,3.875,4.125,6.0,1.8571428571428572,1.8571428571428572,1.5,1.6666666666666667,17.125,17.0,12.125,11.25,401.25,352.875,308.75,264.5,17.5,17.75,8.25,10.125,53.875,48.25,8
2026-03-18,m_2XIz1k,11,t_1g5yTJ,Gimnasia Mendoza,LOCAL,1.0,1.0,0.6,0.6666666666666666,4.4,5.555555555555555,5.0,4.0,3.6,2.3333333333333335,2.2,1.7777777777777777,10.0,12.0,13.2,11.333333333333334,4.2,4.444444444444445,4.4,3.6666666666666665,2.8,4.0,6.6,5.666666666666667,1.3333333333333333,1.8571428571428572,2.6666666666666665,1.8571428571428572,1.0,1.5,2.3333333333333335,1.6666666666666667,16.8,18.77777777777778,18.4,15.666666666666666,15.2,13.0,12.0,11.444444444444445,351.2,391.55555555555554,379.0,342.3333333333333,245.6,292.6666666666667,285.2,251.66666666666666,22.2,19.22222222222222,16.8,17.22222222222222,9.0,8.555555555555555,11.8,10.88888888888889,58.6,55.111111111111114,53.6,50.22222222222222,1.0,0.6666666666666666,5.555555555555555,4.0,2.3333333333333335,1.7777777777777777,12.0,11.333333333333334,4.444444444444445,3.6666666666666665,4.0,5.666666666666667,1.8571428571428572,1.8571428571428572,1.5,1.6666666666666667,18.77777777777778,15.666666666666666,13.0,11.444444444444445,391.55555555555554,342.3333333333333,292.6666666666667,251.66666666666666,19.22222222222222,17.22222222222222,8.555555555555555,10.88888888888889,55.111111111111114,50.22222222222222,9
2026-03-21,m_2gIXlp,12,t_1g5yTJ,Gimnasia Mendoza,VISITANTE,1.0,1.1,0.6,0.7,4.2,5.3,5.4,4.0,4.2,2.6,2.4,1.8,9.4,11.8,14.2,11.5,4.2,4.6,3.8,3.5,2.8,3.9,7.4,5.8,1.3333333333333333,1.875,1.6666666666666667,1.75,0.6666666666666666,1.4285714285714286,1.3333333333333333,1.4285714285714286,18.6,19.3,20.0,16.0,16.2,13.4,11.2,11.3,343.2,397.0,384.6,339.5,239.0,299.8,292.0,250.3,23.2,20.2,14.6,17.2,9.4,8.5,11.2,10.6,57.6,54.5,53.0,49.4,1.1,0.7,5.3,4.0,2.6,1.8,11.8,11.5,4.6,3.5,3.9,5.8,1.875,1.75,1.4285714285714286,1.4285714285714286,19.3,16.0,13.4,11.3,397.0,339.5,299.8,250.3,20.2,17.2,8.5,10.6,54.5,49.4,10
2026-04-03,m_1tC6eA,13,t_1g5yTJ,Gimnasia Mendoza,LOCAL,0.8,1.1,0.8,0.7,4.4,4.4,5.2,4.4,4.8,3.3,2.4,2.0,9.6,11.2,12.2,12.0,4.4,4.5,3.6,3.6,2.4,3.7,5.2,5.8,0.6666666666666666,1.625,1.3333333333333333,1.625,0.5,1.3333333333333333,1.0,1.3333333333333333,18.2,18.2,18.8,17.3,16.0,14.0,11.8,11.6,338.0,373.5,374.2,353.1,236.0,276.5,285.6,266.6,24.0,20.5,15.6,16.4,8.2,8.1,10.6,10.8,57.4,54.8,54.6,50.7,1.0,0.7272727272727273,5.2727272727272725,4.181818181818182,3.0,1.9090909090909092,11.636363636363637,11.909090909090908,4.454545454545454,3.6363636363636362,3.8181818181818183,5.7272727272727275,1.6666666666666667,1.6666666666666667,1.4285714285714286,1.4285714285714286,18.818181818181817,16.818181818181817,13.545454545454545,11.454545454545455,387.1818181818182,343.27272727272725,291.6363636363636,257.1818181818182,20.0,16.90909090909091,7.909090909090909,10.545454545454545,54.0,49.72727272727273,11
2026-04-12,m_4TG70M,14,t_1g5yTJ,Gimnasia Mendoza,VISITANTE,1.2,1.4,1.0,0.8,4.4,4.4,4.2,4.0,4.2,3.4,2.6,2.0,11.2,11.5,13.2,12.2,5.6,5.1,3.4,3.8,3.0,3.6,6.2,5.9,1.0,1.875,1.75,1.875,0.6666666666666666,1.2857142857142858,1.3333333333333333,1.4285714285714286,19.0,19.3,19.0,17.7,16.2,14.1,11.8,11.6,331.2,374.9,399.8,375.1,234.8,280.1,315.2,289.9,23.0,20.1,16.6,16.4,9.6,8.6,9.2,10.4,58.4,56.0,58.4,52.1,1.1666666666666667,0.8333333333333334,5.166666666666667,3.8333333333333335,2.9166666666666665,1.9166666666666667,12.0,11.833333333333334,4.833333333333333,3.5833333333333335,3.9166666666666665,5.75,1.7,1.8,1.375,1.5,18.916666666666668,16.75,13.416666666666666,11.5,384.9166666666667,353.9166666666667,291.1666666666667,267.0,19.583333333333332,17.083333333333332,8.333333333333334,10.083333333333334,54.583333333333336,51.0,12
2026-04-21,m_2riSvt,15,t_1g5yTJ,Gimnasia Mendoza,LOCAL,1.2,1.1,1.0,0.9,4.8,4.6,2.8,4.1,4.0,3.6,2.2,2.0,12.4,11.0,11.0,12.6,5.8,4.8,3.4,4.2,4.0,3.6,4.6,5.9,1.0,1.375,1.75,2.125,0.6666666666666666,1.1428571428571428,1.0,1.5714285714285714,23.0,19.1,15.4,18.6,15.2,14.0,12.6,12.2,362.6,365.9,359.2,377.0,266.6,269.2,271.4,288.7,24.4,20.9,19.2,18.5,9.2,8.9,10.2,10.4,59.8,58.8,56.0,53.5,1.1538461538461537,0.8461538461538461,5.153846153846154,3.6923076923076925,2.923076923076923,1.8461538461538463,12.0,11.538461538461538,4.769230769230769,3.6923076923076925,4.076923076923077,5.461538461538462,1.5454545454545454,1.8181818181818181,1.2222222222222223,1.4444444444444444,19.384615384615383,16.384615384615383,13.307692307692308,11.76923076923077,386.38461538461536,355.3076923076923,292.53846153846155,267.15384615384613,20.153846153846153,18.307692307692307,8.615384615384615,10.153846153846153,56.15384615384615,51.23076923076923,13
2026-04-26,m_1qQfO1,16,t_1g5yTJ,Gimnasia Mendoza,VISITANTE,1.2,1.1,1.2,0.9,3.6,4.0,3.6,4.3,4.4,4.0,1.8,2.0,11.2,10.6,13.4,13.3,4.4,4.3,3.8,4.1,4.4,3.6,5.2,5.9,1.0,1.125,2.0,2.25,0.75,0.8571428571428571,1.25,1.7142857142857142,19.4,18.1,17.0,17.7,14.8,15.0,13.4,12.7,378.8,365.0,364.2,371.6,296.6,271.1,281.8,283.5,20.8,21.5,19.2,18.0,8.0,8.5,8.8,10.3,57.4,58.0,51.6,52.6,1.0714285714285714,0.8571428571428571,4.857142857142857,3.857142857142857,3.0714285714285716,1.7857142857142858,11.714285714285714,12.071428571428571,4.428571428571429,3.7142857142857144,4.142857142857143,5.5,1.5,1.9166666666666667,1.2,1.5,19.0,16.142857142857142,13.642857142857142,12.142857142857142,387.0,350.14285714285717,294.07142857142856,262.42857142857144,19.785714285714285,17.928571428571427,8.357142857142858,10.142857142857142,55.92857142857143,50.714285714285715,14
2026-05-04,m_019qHk,9,t_1g5yTJ,Gimnasia Mendoza,LOCAL,1.8,1.4,1.2,0.9,5.2,4.7,3.2,4.3,3.8,4.0,2.6,2.5,13.8,11.6,12.2,13.2,5.2,4.7,3.8,3.8,5.2,4.0,4.6,6.0,1.8,1.625,2.0,1.875,1.0,0.8571428571428571,1.25,1.2857142857142858,20.6,19.6,15.4,17.7,14.4,15.3,15.0,13.1,340.6,341.9,338.0,361.3,262.2,250.6,260.0,276.0,18.2,20.7,18.2,16.4,7.6,8.5,8.6,9.9,54.8,56.2,51.0,52.0,1.3333333333333333,0.8666666666666667,5.266666666666667,3.7333333333333334,3.0,2.066666666666667,12.466666666666667,11.733333333333333,4.8,3.6,4.333333333333333,5.4,1.8461538461538463,1.8461538461538463,1.2727272727272727,1.3636363636363635,19.733333333333334,15.8,13.733333333333333,12.533333333333333,378.2,339.0,287.26666666666665,253.53333333333333,19.533333333333335,17.533333333333335,8.2,9.933333333333334,54.6,49.93333333333333,15
2026-07-24,m_3B1MqQ,1,t_1g5yTJ,Gimnasia Mendoza,LOCAL,2.0,1.4,1.4,1.1,5.6,5.0,2.4,3.8,3.0,3.9,2.4,2.4,14.0,11.8,10.8,11.5,5.4,4.9,3.4,3.5,6.0,4.2,4.2,4.7,2.0,1.5,2.2,1.875,0.8,0.7142857142857143,1.2,1.1428571428571428,23.2,20.7,12.6,15.7,13.8,14.9,14.4,13.1,361.6,349.8,317.8,346.0,281.4,258.7,232.8,259.2,18.0,21.0,18.4,17.0,9.0,8.6,7.6,9.1,56.0,56.7,50.2,52.4,1.3125,0.9375,5.375,3.625,3.0,2.0625,12.375,11.5625,4.75,3.5625,4.5,5.25,1.7857142857142858,1.8571428571428572,1.1666666666666667,1.3333333333333333,20.1875,15.5,13.625,12.375,379.1875,335.3125,288.4375,249.5625,19.375,17.375,8.25,9.625,54.625,49.875,16
2026-07-28,m_0SpGk1,2,t_1g5yTJ,Gimnasia Mendoza,VISITANTE,1.6,1.4,1.0,1.0,5.4,4.9,3.0,3.6,2.6,3.4,2.2,2.4,15.2,13.2,10.2,11.7,5.2,5.4,3.4,3.4,6.6,4.8,4.0,5.1,2.0,1.5555555555555556,2.0,1.8888888888888888,0.8,0.75,1.2,1.25,23.8,21.4,12.6,15.8,12.6,14.4,14.6,13.2,392.8,362.0,284.0,341.9,314.0,274.4,203.8,259.5,17.2,20.1,19.2,17.9,8.2,8.9,8.6,8.9,55.2,56.8,49.4,53.9,1.2941176470588236,0.8823529411764706,5.235294117647059,3.588235294117647,2.823529411764706,2.0,12.941176470588236,11.352941176470589,4.9411764705882355,3.5294117647058822,4.705882352941177,5.235294117647059,1.8,1.8666666666666667,1.1538461538461537,1.3846153846153846,20.352941176470587,15.529411764705882,13.176470588235293,12.411764705882353,387.2352941176471,333.3529411764706,297.88235294117646,248.41176470588235,18.88235294117647,17.705882352941178,8.294117647058824,9.647058823529411,54.76470588235294,50.529411764705884,17
2026-08-01,m_2WYe7B,3,t_1g5yTJ,Gimnasia Mendoza,LOCAL,1.6,1.4,0.8,0.9,5.2,5.0,3.8,3.3,2.0,3.0,2.8,2.5,15.4,13.9,11.2,11.1,5.4,5.6,3.0,3.2,6.2,5.1,4.2,4.4,2.4,1.7777777777777777,1.6,1.6666666666666667,1.0,0.875,1.0,1.0,23.6,23.3,13.8,14.6,12.4,13.8,14.4,13.5,400.8,381.7,295.6,327.4,325.0,295.8,221.4,246.4,17.8,21.1,18.0,18.6,8.6,8.9,7.2,8.7,52.8,56.3,50.6,53.3,1.2777777777777777,0.8333333333333334,5.166666666666667,3.7222222222222223,2.6666666666666665,2.111111111111111,12.944444444444445,11.444444444444445,4.944444444444445,3.5,4.666666666666667,5.111111111111111,1.8125,1.75,1.1428571428571428,1.2857142857142858,20.555555555555557,15.666666666666666,13.055555555555555,12.5,390.3888888888889,338.72222222222223,301.55555555555554,254.44444444444446,19.5,18.22222222222222,8.61111111111111,9.333333333333334,55.22222222222222,51.05555555555556,18
2026-08-09,m_3JpYQD,4,t_1g5yTJ,Gimnasia Mendoza,VISITANTE,2.0,1.6,0.6,0.9,6.8,5.2,3.6,3.6,1.4,2.9,2.6,2.2,16.8,14.0,10.0,11.7,6.8,5.6,3.0,3.4,5.8,5.1,4.2,4.7,2.8,1.9,1.6,1.8,1.0,0.8888888888888888,1.2,1.2222222222222223,24.2,21.8,15.2,16.1,11.6,13.2,14.0,13.7,396.0,387.4,306.2,335.2,319.4,308.0,234.2,258.0,18.2,19.5,19.2,19.2,10.4,9.2,6.8,7.8,51.6,54.5,51.4,51.5,1.3157894736842106,0.7894736842105263,5.368421052631579,3.789473684210526,2.6315789473684212,2.0,13.052631578947368,11.526315789473685,5.052631578947368,3.526315789473684,4.578947368421052,5.157894736842105,1.8823529411764706,1.8235294117647058,1.1333333333333333,1.4,20.36842105263158,15.894736842105264,13.105263157894736,12.631578947368421,389.36842105263156,338.57894736842104,300.7368421052632,255.0,19.36842105263158,18.263157894736842,8.894736842105264,9.263157894736842,54.78947368421053,50.89473684210526,19
2026-08-18,m_15Akee,5,t_1g5yTJ,Gimnasia Mendoza,LOCAL,1.2,1.5,0.4,0.8,5.4,5.3,3.6,3.4,1.8,2.8,2.4,2.5,15.2,14.5,9.6,10.9,6.2,5.7,2.8,3.3,5.4,5.3,4.2,4.4,2.6,2.2,1.6,1.8,1.4,1.2222222222222223,1.4,1.3333333333333333,23.6,22.1,15.2,15.3,12.0,13.2,12.8,13.9,413.0,376.8,345.0,341.5,329.8,296.0,264.4,262.2,19.2,18.7,21.8,20.0,11.6,9.6,8.0,8.3,54.6,54.7,53.0,52.0,1.3,0.75,5.3,3.7,2.7,2.15,13.15,11.2,5.15,3.4,4.6,5.1,2.0555555555555554,1.7777777777777777,1.3125,1.375,20.7,15.65,13.3,12.6,386.9,340.5,297.9,256.25,19.45,18.6,9.05,9.45,54.6,50.7,20
2026-08-22,m_4FtNTS,6,t_1g5yTJ,Gimnasia Mendoza,VISITANTE,1.6,1.8,0.2,0.8,5.4,5.5,3.8,3.1,1.8,2.4,2.6,2.5,16.6,15.3,10.8,10.8,6.6,6.0,3.2,3.3,5.6,5.8,5.0,4.6,3.2,2.6,2.0,2.1,1.8,1.3,1.8,1.5,20.2,21.7,16.4,14.5,12.4,13.1,12.4,13.4,422.6,392.1,388.8,353.3,342.4,311.9,313.4,273.1,19.4,18.7,21.8,20.1,12.6,10.8,8.4,8.0,57.2,56.6,53.2,51.7,1.380952380952381,0.7619047619047619,5.380952380952381,3.6666666666666665,2.7142857142857144,2.1904761904761907,13.380952380952381,11.380952380952381,5.190476190476191,3.4761904761904763,4.761904761904762,5.190476190476191,2.1578947368421053,1.894736842105263,1.3529411764705883,1.4705882352941178,20.19047619047619,15.714285714285714,13.333333333333334,12.380952380952381,389.5238095238095,348.04761904761904,301.2857142857143,264.76190476190476,19.38095238095238,18.428571428571427,9.285714285714286,9.333333333333334,55.23809523809524,50.666666666666664,21
2026-08-30,m_14q45G,7,t_1g5yTJ,Gimnasia Mendoza,VISITANTE,1.8,1.7,0.8,0.9,6.0,5.7,3.4,3.2,1.8,2.2,3.0,2.6,15.6,15.4,12.0,11.1,6.2,5.7,3.8,3.6,5.4,6.0,5.2,4.6,3.8,2.9,2.4,2.2,2.4,1.6,1.8,1.5,25.2,24.5,16.4,14.5,12.0,12.3,14.6,14.6,412.8,402.8,402.0,343.0,327.0,320.5,322.0,262.9,22.6,19.9,21.4,20.3,13.0,10.6,8.0,8.3,58.6,56.9,53.4,51.4,1.4090909090909092,0.8636363636363636,5.409090909090909,3.5454545454545454,2.590909090909091,2.227272727272727,13.545454545454545,11.5,5.2272727272727275,3.590909090909091,4.863636363636363,5.2272727272727275,2.3,2.0,1.5,1.5,21.454545454545453,15.727272727272727,12.909090909090908,12.909090909090908,393.04545454545456,348.95454545454544,304.5,265.1363636363636,19.727272727272727,18.545454545454547,9.363636363636363,9.272727272727273,55.63636363636363,51.18181818181818,22
2026-09-05,m_4BLbJI,8,t_1g5yTJ,Gimnasia Mendoza,LOCAL,2.2,1.9,0.8,0.8,6.0,5.6,3.6,3.7,2.0,2.0,2.4,2.6,15.2,15.3,11.6,11.4,6.0,5.7,4.0,3.5,5.8,6.0,5.0,4.6,4.0,3.2,3.0,2.3,2.8,1.9,2.4,1.7,23.0,23.3,17.0,15.4,12.8,12.6,13.2,13.8,390.2,395.5,408.8,352.2,304.0,314.5,324.2,272.8,20.2,19.0,19.6,18.8,12.6,10.6,9.0,8.1,58.2,55.5,52.2,51.4,1.4782608695652173,0.8260869565217391,5.3478260869565215,3.6956521739130435,2.5217391304347827,2.1739130434782608,13.434782608695652,11.478260869565217,5.173913043478261,3.608695652173913,4.913043478260869,5.086956521739131,2.3333333333333335,2.0476190476190474,1.5789473684210527,1.5789473684210527,21.08695652173913,15.956521739130435,13.0,12.652173913043478,390.3478260869565,353.95652173913044,302.0869565217391,269.60869565217394,19.652173913043477,18.52173913043478,9.478260869565217,9.26086956521739,55.869565217391305,51.30434782608695,23
2026-09-11,m_0v5efb,9,t_1g5yTJ,Gimnasia Mendoza,VISITANTE,2.2,2.1,1.2,0.9,5.2,6.0,3.8,3.7,2.0,1.7,3.2,2.9,15.6,16.2,11.4,10.7,6.0,6.4,4.4,3.7,6.8,6.3,4.4,4.3,3.8,3.3,2.6,2.1,3.0,2.0,2.0,1.6,23.6,23.9,17.0,16.1,11.2,11.4,11.8,12.9,407.0,401.5,406.8,356.5,320.6,320.0,319.2,276.7,19.0,18.6,18.4,18.8,10.2,10.3,9.8,8.3,57.4,54.5,52.0,51.7,1.5,0.875,5.333333333333333,3.7916666666666665,2.5,2.25,13.583333333333334,11.5,5.25,3.7083333333333335,5.041666666666667,5.0,2.3181818181818183,2.0,1.6,1.55,21.041666666666668,16.125,12.708333333333334,12.458333333333334,393.0416666666667,352.7916666666667,304.875,268.375,19.291666666666668,18.291666666666668,9.166666666666666,9.375,55.333333333333336,51.125,24
2026-10-05,m_2cktRa,Clausura - Round 11,t_1g5yTJ,Gimnasia Mendoza,VISITANTE,2.4,1.8,1.2,0.8,5.4,5.4,4.6,4.1,1.4,1.6,2.8,2.6,14.6,14.9,13.6,11.6,5.8,6.0,4.4,3.6,6.4,5.9,5.4,4.8,3.4,3.0,2.6,2.1,2.6,2.0,2.0,1.7,21.4,22.5,19.2,17.2,11.4,11.7,11.2,12.0,410.0,411.5,406.8,375.9,326.6,328.2,322.4,293.4,21.2,20.2,17.4,19.6,9.8,10.7,9.0,8.5,59.6,57.1,53.6,53.3,1.52,0.84,5.32,3.88,2.44,2.28,13.44,11.68,5.28,3.6,4.96,5.16,2.347826086956522,1.9565217391304348,1.619047619047619,1.5238095238095237,20.84,16.36,12.92,12.32,391.52,353.76,303.64,269.48,19.8,18.36,9.2,9.36,55.6,51.28,25
2026-01-25,m_0pr0Dr,1,t_1rEb7t,Rosario Central,LOCAL,,,,,,,,,,,,,,,,,,,,,,,,,,,,,,,,,,,,,,,,,,,,,,,,,,,,,,,,,,,,,,,,,,,,,,,,,,,,,,,,,,,,,,,,,,,0
2026-01-28,m_0GrdJU,2,t_1rEb7t,Rosario Central,VISITANTE,1.0,1.0,2.0,2.0,4.0,4.0,3.0,3.0,2.0,2.0,1.0,1.0,17.0,17.0,13.0,13.0,8.0,8.0,6.0,6.0,7.0,7.0,4.0,4.0,3.0,3.0,3.0,3.0,2.0,2.0,3.0,3.0,25.0,25.0,29.0,29.0,6.0,6.0,11.0,11.0,379.0,379.0,382.0,382.0,312.0,312.0,307.0,307.0,14.0,14.0,20.0,20.0,14.0,14.0,8.0,8.0,52.0,52.0,46.0,46.0,1.0,2.0,4.0,3.0,2.0,1.0,17.0,13.0,8.0,6.0,7.0,4.0,3.0,3.0,2.0,3.0,25.0,29.0,6.0,11.0,379.0,382.0,312.0,307.0,14.0,20.0,14.0,8.0,52.0,46.0,1
2026-02-02,m_4aRjxN,3,t_1rEb7t,Rosario Central,LOCAL,1.0,1.0,2.0,2.0,2.5,2.5,2.5,2.5,3.0,3.0,2.5,2.5,19.0,19.0,9.5,9.5,7.5,7.5,4.5,4.5,7.5,7.5,3.0,3.0,2.0,2.0,2.0,2.0,2.0,2.0,3.0,3.0,25.5,25.5,19.0,19.0,11.0,11.0,11.0,11.0,431.5,431.5,293.5,293.5,354.5,354.5,208.0,208.0,11.5,11.5,15.0,15.0,10.5,10.5,11.5,11.5,47.5,47.5,43.0,43.0,1.0,2.0,2.5,2.5,3.0,2.5,19.0,9.5,7.5,4.5,7.5,3.0,2.0,2.0,2.0,3.0,25.5,19.0,11.0,11.0,431.5,293.5,354.5,208.0,11.5,15.0,10.5,11.5,47.5,43.0,2
2026-02-07,m_0WCpY7,4,t_1rEb7t,Rosario Central,VISITANTE,0.6666666666666666,0.6666666666666666,1.3333333333333333,1.3333333333333333,3.6666666666666665,3.6666666666666665,2.6666666666666665,2.6666666666666665,2.6666666666666665,2.6666666666666665,3.0,3.0,15.666666666666666,15.666666666666666,12.0,12.0,6.0,6.0,4.333333333333333,4.333333333333333,6.333333333333333,6.333333333333333,4.333333333333333,4.333333333333333,1.6666666666666667,1.6666666666666667,1.6666666666666667,1.6666666666666667,1.5,1.5,2.0,2.0,23.666666666666668,23.666666666666668,18.0,18.0,10.666666666666666,10.666666666666666,12.666666666666666,12.666666666666666,376.0,376.0,369.3333333333333,369.3333333333333,295.6666666666667,295.6666666666667,285.0,285.0,13.333333333333334,13.333333333333334,14.0,14.0,12.333333333333334,12.333333333333334,10.666666666666666,10.666666666666666,46.0,46.0,43.0,43.0,0.6666666666666666,1.3333333333333333,3.6666666666666665,2.6666666666666665,2.6666666666666665,3.0,15.666666666666666,12.0,6.0,4.333333333333333,6.333333333333333,4.333333333333333,1.6666666666666667,1.6666666666666667,1.5,2.0,23.666666666666668,18.0,10.666666666666666,12.666666666666666,376.0,369.3333333333333,295.6666666666667,285.0,13.333333333333334,14.0,12.333333333333334,10.666666666666666,46.0,43.0,3
2026-02-16,m_2HMWiS,5,t_1rEb7t,Rosario Central,LOCAL,0.75,0.75,1.25,1.25,4.5,4.5,3.0,3.0,3.0,3.0,2.5,2.5,15.5,15.5,11.5,11.5,5.5,5.5,4.25,4.25,6.5,6.5,4.0,4.0,1.25,1.25,1.5,1.5,1.5,1.5,2.0,2.0,21.25,21.25,17.5,17.5,13.0,13.0,12.0,12.0,356.5,356.5,402.0,402.0,275.0,275.0,321.0,321.0,16.0,16.0,14.75,14.75,10.75,10.75,9.75,9.75,50.0,50.0,47.0,47.0,0.75,1.25,4.5,3.0,3.0,2.5,15.5,11.5,5.5,4.25,6.5,4.0,1.25,1.5,1.5,2.0,21.25,17.5,13.0,12.0,356.5,402.0,275.0,321.0,16.0,14.75,10.75,9.75,50.0,47.0,4
2026-02-21,m_2M8Y8t,6,t_1rEb7t,Rosario Central,LOCAL,1.0,1.0,1.0,1.0,4.2,4.2,2.4,2.4,2.6,2.6,2.6,2.6,16.2,16.2,9.8,9.8,5.8,5.8,4.0,4.0,7.2,7.2,3.2,3.2,2.0,2.0,1.2,1.2,2.0,2.0,1.3333333333333333,1.3333333333333333,23.0,23.0,14.2,14.2,12.6,12.6,12.8,12.8,390.8,390.8,376.4,376.4,311.2,311.2,297.0,297.0,17.8,17.8,15.2,15.2,12.4,12.4,9.2,9.2,52.6,52.6,47.4,47.4,1.0,1.0,4.2,2.4,2.6,2.6,16.2,9.8,5.8,4.0,7.2,3.2,2.0,1.2,2.0,1.3333333333333333,23.0,14.2,12.6,12.8,390.8,376.4,311.2,297.0,17.8,15.2,12.4,9.2,52.6,47.4,5
2026-02-25,m_1j8XKc,7,t_1rEb7t,Rosario Central,VISITANTE,0.8,0.8333333333333334,0.8,1.0,5.8,5.5,2.2,2.3333333333333335,2.8,2.6666666666666665,3.2,2.8333333333333335,15.6,15.833333333333334,8.8,9.5,5.0,5.5,3.6,4.0,6.8,6.833333333333333,2.6,2.8333333333333335,1.6,1.8333333333333333,0.8,1.1666666666666667,1.6666666666666667,1.75,0.3333333333333333,1.0,23.6,23.833333333333332,10.2,13.333333333333334,13.2,12.0,14.2,13.666666666666666,411.8,406.3333333333333,347.2,353.0,329.8,326.8333333333333,268.2,274.6666666666667,19.0,18.166666666666668,15.2,16.0,12.2,12.5,10.2,9.833333333333334,52.4,52.333333333333336,49.2,48.666666666666664,0.8333333333333334,1.0,5.5,2.3333333333333335,2.6666666666666665,2.8333333333333335,15.833333333333334,9.5,5.5,4.0,6.833333333333333,2.8333333333333335,1.8333333333333333,1.1666666666666667,1.75,1.0,23.833333333333332,13.333333333333334,12.0,13.666666666666666,406.3333333333333,353.0,326.8333333333333,274.6666666666667,18.166666666666668,16.0,12.5,9.833333333333334,52.333333333333336,48.666666666666664,6
2026-03-01,m_2sHWPe,8,t_1rEb7t,Rosario Central,VISITANTE,0.8,0.8571428571428571,0.8,1.1428571428571428,6.8,5.571428571428571,2.4,2.4285714285714284,2.8,2.857142857142857,3.0,2.857142857142857,14.0,15.428571428571429,9.4,9.428571428571429,4.8,5.571428571428571,3.4,3.7142857142857144,6.0,6.428571428571429,3.2,3.142857142857143,2.4,2.2857142857142856,0.8,1.1428571428571428,2.25,2.2,0.5,1.0,22.0,23.0,11.4,13.571428571428571,12.8,12.285714285714286,16.0,14.571428571428571,388.0,400.42857142857144,399.6,369.2857142857143,309.0,322.0,324.4,291.14285714285717,22.2,19.142857142857142,17.8,17.0,12.6,12.0,8.8,9.571428571428571,53.4,51.714285714285715,51.6,49.142857142857146,0.8571428571428571,1.1428571428571428,5.571428571428571,2.4285714285714284,2.857142857142857,2.857142857142857,15.428571428571429,9.428571428571429,5.571428571428571,3.7142857142857144,6.428571428571429,3.142857142857143,2.2857142857142856,1.1428571428571428,2.2,1.0,23.0,13.571428571428571,12.285714285714286,14.571428571428571,400.42857142857144,369.2857142857143,322.0,291.14285714285717,19.142857142857142,17.0,12.0,9.571428571428571,51.714285714285715,49.142857142857146,7
2026-03-11,m_1WKjOD,10,t_1rEb7t,Rosario Central,VISITANTE,0.8,0.75,1.2,1.25,5.8,5.0,3.4,3.125,2.8,2.75,2.8,2.875,13.6,14.375,8.2,9.625,4.6,5.125,3.8,4.0,5.4,5.75,2.4,3.125,2.4,2.125,1.4,1.5,2.25,2.0,0.75,1.1666666666666667,21.8,22.5,12.6,14.625,15.6,13.75,14.2,13.625,386.4,382.5,379.2,375.5,306.8,302.625,302.6,296.0,21.6,18.5,19.2,17.25,11.4,11.75,8.8,9.5,55.2,51.75,53.0,49.25,0.75,1.25,5.0,3.125,2.75,2.875,14.375,9.625,5.125,4.0,5.75,3.125,2.125,1.5,2.0,1.1666666666666667,22.5,14.625,13.75,13.625,382.5,375.5,302.625,296.0,18.5,17.25,11.75,9.5,51.75,49.25,8
2026-03-15,m_0FP8kh,11,t_1rEb7t,Rosario Central,LOCAL,0.6,0.6666666666666666,1.0,1.1111111111111112,5.4,5.0,3.6,3.3333333333333335,2.6,2.7777777777777777,2.8,2.6666666666666665,13.0,14.11111111111111,8.4,9.777777777777779,4.2,4.777777777777778,3.8,4.0,5.2,5.777777777777778,2.6,3.2222222222222223,2.6,2.0,1.6,1.5555555555555556,2.0,1.8571428571428572,1.0,1.2857142857142858,22.6,22.0,12.4,14.666666666666666,13.8,13.444444444444445,14.6,13.444444444444445,424.4,394.22222222222223,348.0,372.0,341.4,311.8888888888889,269.4,292.3333333333333,19.2,17.77777777777778,18.0,16.555555555555557,12.4,11.666666666666666,9.8,9.777777777777779,55.4,53.0,52.8,50.22222222222222,0.6666666666666666,1.1111111111111112,5.0,3.3333333333333335,2.7777777777777777,2.6666666666666665,14.11111111111111,9.777777777777779,4.777777777777778,4.0,5.777777777777778,3.2222222222222223,2.0,1.5555555555555556,1.8571428571428572,1.2857142857142858,22.0,14.666666666666666,13.444444444444445,13.444444444444445,394.22222222222223,372.0,311.8888888888889,292.3333333333333,17.77777777777778,16.555555555555557,11.666666666666666,9.777777777777779,53.0,50.22222222222222,9
2026-03-23,m_3SxiDH,12,t_1rEb7t,Rosario Central,VISITANTE,0.6,0.8,1.2,1.1,6.0,5.1,3.6,3.0,3.0,2.8,2.4,2.5,13.4,14.8,9.2,9.5,4.0,4.9,3.6,3.8,5.0,6.1,3.2,3.2,2.2,2.1,1.8,1.5,1.8,1.875,1.2,1.25,22.4,22.7,14.2,14.2,13.6,13.1,13.8,13.3,436.2,413.5,339.8,358.1,351.8,331.5,260.4,278.7,19.6,18.7,19.4,17.3,10.4,11.4,11.6,10.4,52.6,52.6,53.0,50.2,0.8,1.1,5.1,3.0,2.8,2.5,14.8,9.5,4.9,3.8,6.1,3.2,2.1,1.5,1.875,1.25,22.7,14.2,13.1,13.3,413.5,358.1,331.5,278.7,18.7,17.3,11.4,10.4,52.6,50.2,10
2026-04-05,m_0QgN6d,13,t_1rEb7t,Rosario Central,LOCAL,1.0,0.9,1.0,0.9,4.2,5.0,3.8,3.0,2.4,2.6,2.0,2.6,12.2,13.9,10.2,9.5,4.0,4.5,3.4,3.5,4.8,5.8,4.6,3.6,2.4,2.0,2.0,1.4,1.8,1.75,1.6,1.125,18.8,21.2,16.8,13.5,14.6,13.9,12.2,13.2,381.8,396.8,399.2,373.2,300.0,314.9,321.6,294.9,18.4,18.7,17.6,16.4,9.4,10.8,11.6,10.9,50.0,51.2,51.2,50.2,0.9090909090909091,1.0,4.909090909090909,3.0,2.5454545454545454,2.4545454545454546,14.181818181818182,9.818181818181818,4.818181818181818,3.727272727272727,5.909090909090909,3.6363636363636362,2.090909090909091,1.5454545454545454,1.7777777777777777,1.3333333333333333,21.545454545454547,14.909090909090908,13.181818181818182,13.0,395.1818181818182,374.0,314.6363636363636,296.0,18.272727272727273,16.727272727272727,11.090909090909092,10.636363636363637,51.27272727272727,49.81818181818182,11
2026-04-12,m_19wJgg,14,t_1rEb7t,Rosario Central,VISITANTE,1.2,1.0,0.8,0.8,4.0,5.4,4.4,3.4,2.2,2.5,1.6,2.3,13.2,13.6,11.8,10.6,4.4,4.6,3.8,3.6,5.8,5.9,5.2,4.2,2.4,2.4,2.6,1.7,1.8,2.0,2.0,1.3333333333333333,20.8,21.4,17.0,14.2,14.2,13.5,10.8,13.4,400.8,394.4,349.2,374.4,318.2,313.6,274.4,299.4,16.4,19.3,16.0,16.9,9.0,10.8,11.4,10.1,48.4,50.9,48.0,49.8,1.0,1.0,4.916666666666667,3.25,2.5833333333333335,2.3333333333333335,14.5,10.416666666666666,5.083333333333333,3.75,6.166666666666667,4.0,2.3333333333333335,1.75,2.0,1.5,22.083333333333332,15.0,13.083333333333334,13.0,400.5833333333333,360.9166666666667,320.4166666666667,284.1666666666667,18.0,16.583333333333332,10.75,10.333333333333334,50.333333333333336,48.666666666666664,12
2026-04-19,m_2AINHd,15,t_1rEb7t,Rosario Central,LOCAL,1.8,1.3,0.6,0.9,5.8,5.8,3.4,3.4,2.0,2.4,1.4,2.1,15.0,14.3,11.0,9.6,5.6,5.1,2.8,3.3,6.6,6.0,5.2,3.8,2.8,2.6,2.2,1.8,1.8,2.0,1.8,1.3333333333333333,22.0,21.9,15.2,13.9,12.4,14.0,11.0,12.6,417.8,402.1,360.0,369.6,337.8,322.3,288.2,295.4,16.8,19.2,14.6,16.9,9.2,10.3,11.8,10.3,48.4,51.8,47.2,50.1,1.1538461538461537,1.0,5.3076923076923075,3.230769230769231,2.4615384615384617,2.3076923076923075,14.615384615384615,10.153846153846153,5.3076923076923075,3.5384615384615383,6.076923076923077,3.923076923076923,2.3846153846153846,1.7692307692307692,1.9090909090909092,1.4545454545454546,22.307692307692307,14.846153846153847,13.23076923076923,12.615384615384615,396.0769230769231,369.53846153846155,316.15384615384613,293.0,17.846153846153847,16.23076923076923,10.76923076923077,10.384615384615385,50.46153846153846,48.46153846153846,13
2026-04-24,m_4KqHL3,16,t_1rEb7t,Rosario Central,VISITANTE,2.2,1.4,0.8,0.9,5.6,5.5,3.0,3.3,1.6,2.1,1.2,2.0,17.0,15.0,9.8,9.1,6.4,5.3,2.2,3.0,6.6,5.9,5.2,3.9,3.4,3.0,1.8,1.7,2.0,2.0,1.4,1.2,24.0,23.3,13.8,13.1,12.2,13.0,10.8,12.7,420.6,422.5,348.2,348.1,345.4,343.4,275.8,272.6,19.0,19.1,16.4,17.2,9.0,10.7,12.6,11.2,47.2,51.3,45.6,49.2,1.2142857142857142,1.0,5.214285714285714,3.2142857142857144,2.357142857142857,2.142857142857143,15.142857142857142,9.785714285714286,5.357142857142857,3.357142857142857,6.071428571428571,3.9285714285714284,2.5,1.6428571428571428,1.9166666666666667,1.3333333333333333,22.714285714285715,14.357142857142858,13.0,12.5,403.64285714285717,363.5,323.85714285714283,286.42857142857144,18.214285714285715,16.5,10.714285714285714,10.785714285714286,50.92857142857143,48.57142857142857,14
2026-05-03,m_0fdjQP,9,t_1rEb7t,Rosario Central,LOCAL,2.0,1.3,1.0,1.1,4.4,5.2,3.8,3.7,1.2,2.1,1.8,2.1,15.6,14.5,10.8,10.0,5.6,4.8,2.6,3.1,6.8,5.9,6.2,4.7,3.6,2.9,2.2,2.0,2.4,2.1,1.4,1.3,22.8,22.6,16.2,15.2,12.6,13.1,10.6,12.2,365.2,400.7,387.4,363.6,290.4,321.1,313.4,286.9,17.2,18.4,15.0,17.2,10.2,10.3,12.4,12.0,48.6,50.6,46.4,49.7,1.2,1.0666666666666667,4.866666666666666,3.2666666666666666,2.2666666666666666,2.2666666666666666,15.066666666666666,9.933333333333334,5.133333333333334,3.4,6.333333333333333,4.2,2.6,1.7333333333333334,2.076923076923077,1.3076923076923077,22.733333333333334,14.866666666666667,12.933333333333334,12.4,397.4,367.8666666666667,317.8,290.26666666666665,18.2,16.533333333333335,11.0,11.066666666666666,51.266666666666666,48.93333333333333,15
2026-05-10,m_2dZtBq,1/8,t_1rEb7t,Rosario Central,LOCAL,1.8,1.4,1.2,1.1,4.4,4.3,5.4,4.6,1.6,2.0,2.0,2.0,17.0,14.6,11.6,10.9,5.8,4.9,2.8,3.1,7.4,6.1,5.8,5.2,4.0,3.2,2.4,2.2,2.8,2.3,1.6,1.6,24.8,21.8,16.8,16.8,12.6,13.6,12.0,12.1,379.2,380.5,350.2,374.7,304.6,302.3,272.8,297.2,18.0,18.2,16.6,17.1,10.0,9.7,10.6,11.1,50.0,50.0,45.2,48.2,1.1875,1.0625,4.75,3.75,2.25,2.3125,15.0625,10.375,5.125,3.4375,6.375,4.3125,2.6875,1.8125,2.142857142857143,1.4285714285714286,22.5625,15.5,13.0,12.6875,390.1875,366.5625,311.5,288.75,18.1875,16.6875,10.75,10.625,50.875,48.375,16
2026-05-13,m_4SVLwu,1/4,t_1rEb7t,Rosario Central,LOCAL,2.0,1.6,1.2,1.0,3.8,3.9,4.8,4.6,1.4,1.8,2.2,1.9,16.2,14.7,9.4,10.6,5.4,4.9,2.8,3.3,7.0,6.4,4.6,4.9,3.6,3.0,2.0,2.3,2.2,2.0,1.2,1.6,25.2,23.0,15.0,16.0,12.4,13.3,12.2,11.5,376.0,388.4,362.8,356.0,297.6,307.9,281.6,278.0,18.6,17.5,19.4,17.7,11.6,10.3,11.4,11.4,52.4,50.4,49.8,48.9,1.2941176470588236,1.0588235294117647,4.588235294117647,3.7058823529411766,2.235294117647059,2.2941176470588234,15.0,10.117647058823529,5.176470588235294,3.4705882352941178,6.411764705882353,4.176470588235294,2.7058823529411766,1.8235294117647058,2.066666666666667,1.4,23.0,15.0,12.882352941176471,12.764705882352942,393.3529411764706,361.47058823529414,313.70588235294116,283.4117647058824,18.176470588235293,17.41176470588235,11.0,10.647058823529411,50.94117647058823,49.0,17
2026-05-16,m_211adJ,1/2,t_1rEb7t,Rosario Central,VISITANTE,1.8,1.8,1.2,0.9,2.4,4.1,4.6,4.0,1.4,1.7,3.0,2.2,16.8,15.9,10.0,10.5,5.8,5.7,3.0,2.9,7.2,6.9,4.8,5.0,4.4,3.6,1.8,2.0,3.2,2.5,1.2,1.5,26.0,24.0,15.0,15.1,11.8,12.1,15.4,13.2,424.4,421.1,336.0,348.0,338.2,338.0,246.4,267.3,17.8,17.3,21.4,18.0,10.2,9.7,13.4,12.6,54.0,51.2,52.6,49.9,1.3333333333333333,1.0555555555555556,4.5,3.611111111111111,2.1666666666666665,2.5,15.222222222222221,10.11111111111111,5.444444444444445,3.388888888888889,6.388888888888889,4.166666666666667,2.9444444444444446,1.7777777777777777,2.3125,1.375,23.333333333333332,14.88888888888889,12.833333333333334,13.38888888888889,403.94444444444446,360.22222222222223,322.27777777777777,280.05555555555554,17.833333333333332,17.666666666666668,10.61111111111111,11.222222222222221,51.44444444444444,49.611111111111114,18
2026-07-23,m_3h9ajC,1,t_1rEb7t,Rosario Central,VISITANTE,1.6,1.9,1.0,0.9,2.8,4.2,4.2,3.6,1.6,1.6,4.4,2.8,14.6,15.8,10.4,10.1,5.2,5.8,3.0,2.6,7.6,7.1,4.6,4.9,4.0,3.7,2.0,1.9,3.0,2.5,1.4,1.4,23.0,23.5,16.2,15.0,13.2,12.7,17.0,13.9,397.2,408.9,343.2,345.7,310.2,327.8,253.2,264.5,16.2,17.6,20.4,18.4,11.0,10.0,12.2,12.4,51.4,49.3,49.8,47.7,1.3157894736842106,1.0,4.578947368421052,3.473684210526316,2.1578947368421053,2.736842105263158,15.0,9.947368421052632,5.315789473684211,3.263157894736842,6.473684210526316,4.105263157894737,2.8947368421052633,1.736842105263158,2.235294117647059,1.3529411764705883,22.789473684210527,14.842105263157896,13.052631578947368,13.68421052631579,401.94736842105266,358.1578947368421,320.2631578947368,277.6842105263158,17.68421052631579,17.526315789473685,10.789473684210526,11.157894736842104,51.05263157894737,48.89473684210526,19
2026-07-29,m_1YnVax,2,t_1rEb7t,Rosario Central,LOCAL,1.8,1.9,0.8,0.9,4.0,4.2,4.6,4.2,1.4,1.3,4.0,2.9,14.4,15.0,10.4,10.6,5.8,5.7,2.8,2.7,6.6,6.7,4.6,5.4,3.4,3.5,1.8,2.0,2.2,2.3,1.4,1.4,23.4,23.1,17.0,16.6,12.8,12.7,17.4,14.0,419.2,392.2,346.8,367.1,334.4,312.4,260.4,286.9,16.0,16.6,19.6,17.3,10.2,10.2,10.6,11.5,50.0,49.3,48.8,47.6,1.35,1.0,4.65,3.6,2.05,2.7,14.9,10.05,5.3,3.25,6.4,4.3,2.8,1.75,2.111111111111111,1.3333333333333333,22.9,15.4,12.9,13.65,402.85,362.6,321.95,282.8,17.65,17.3,10.8,10.95,50.95,48.9,20
2026-08-02,m_4JNnXO,3,t_1rEb7t,Rosario Central,VISITANTE,1.6,1.7,0.6,0.9,4.6,4.5,2.8,4.1,1.4,1.5,4.6,3.3,14.0,15.5,8.0,9.8,5.0,5.4,2.4,2.6,6.4,6.9,3.8,4.8,3.0,3.5,1.6,2.0,2.0,2.4,1.2,1.4,23.0,23.9,14.0,15.4,12.4,12.5,18.0,15.0,451.4,415.3,338.4,344.3,367.6,336.1,252.4,262.6,14.6,16.3,20.4,18.5,10.4,10.2,12.4,11.5,50.2,50.1,50.2,47.7,1.2857142857142858,0.9523809523809523,4.714285714285714,3.5238095238095237,2.0476190476190474,2.857142857142857,14.80952380952381,9.80952380952381,5.095238095238095,3.1904761904761907,6.380952380952381,4.190476190476191,2.761904761904762,1.7619047619047619,2.1052631578947367,1.368421052631579,22.666666666666668,15.142857142857142,12.857142857142858,13.952380952380953,404.76190476190476,359.85714285714283,324.85714285714283,280.0952380952381,17.333333333333332,17.571428571428573,10.666666666666666,11.047619047619047,50.714285714285715,48.80952380952381,21
2026-08-07,m_4HTpja,4,t_1rEb7t,Rosario Central,LOCAL,1.0,1.5,0.6,0.9,6.2,5.0,3.0,3.9,1.8,1.6,5.0,3.6,16.2,16.2,9.2,9.3,5.0,5.2,2.2,2.5,8.2,7.6,4.6,4.6,3.4,3.5,1.6,1.8,2.8,2.5,1.4,1.3,24.6,24.9,15.2,15.1,13.2,12.8,18.2,15.2,446.4,411.2,328.6,345.7,364.6,331.1,239.0,260.3,14.0,16.3,19.8,19.6,9.0,10.3,13.2,12.3,50.2,51.3,47.2,48.5,1.2272727272727273,0.9545454545454546,4.954545454545454,3.5454545454545454,2.1363636363636362,2.909090909090909,15.272727272727273,9.909090909090908,5.136363636363637,3.1818181818181817,6.818181818181818,4.2727272727272725,2.8636363636363638,1.7727272727272727,2.25,1.4,23.363636363636363,15.045454545454545,12.954545454545455,14.0,405.40909090909093,354.0,325.27272727272725,273.3181818181818,17.227272727272727,17.954545454545453,10.545454545454545,11.227272727272727,50.77272727272727,48.59090909090909,22
2026-08-17,m_48fWBj,5,t_1rEb7t,Rosario Central,VISITANTE,1.0,1.4,0.6,0.9,7.6,5.0,3.2,3.9,1.6,1.5,4.0,3.5,17.2,17.0,9.2,9.6,3.8,4.8,2.8,2.9,9.6,8.4,4.8,4.8,2.6,3.5,1.6,1.7,2.0,2.6,1.4,1.3,28.2,27.1,14.4,14.7,11.6,11.7,16.0,15.7,446.2,435.3,306.6,321.3,372.6,355.4,221.2,233.8,14.8,16.3,20.2,20.8,10.0,10.1,11.2,12.3,51.8,52.9,48.0,50.3,1.2608695652173914,0.9565217391304348,5.173913043478261,3.5217391304347827,2.0434782608695654,2.8260869565217392,15.652173913043478,9.91304347826087,5.086956521739131,3.260869565217391,7.086956521739131,4.304347826086956,2.869565217391304,1.7391304347826086,2.238095238095238,1.380952380952381,24.391304347826086,14.782608695652174,12.565217391304348,13.956521739130435,413.1304347826087,348.5652173913044,333.2173913043478,267.2608695652174,17.17391304347826,18.217391304347824,10.478260869565217,11.217391304347826,51.52173913043478,49.26086956521739,23
2026-08-25,m_2LhyO1,6,t_1rEb7t,Rosario Central,VISITANTE,1.0,1.3,0.6,0.8,6.6,4.7,4.4,4.3,1.8,1.7,2.6,3.5,16.4,15.5,11.0,10.7,3.8,4.5,3.6,3.3,8.6,8.1,5.2,4.9,2.6,3.3,2.0,2.0,2.0,2.5,1.8,1.6,27.6,25.3,15.2,15.7,9.6,11.4,14.2,15.6,499.6,448.4,328.0,335.6,423.0,366.6,238.6,245.9,14.6,15.4,22.6,21.5,10.0,10.5,12.4,12.3,57.4,54.4,56.4,53.1,1.25,0.9166666666666666,5.0,3.6666666666666665,2.0833333333333335,2.7083333333333335,15.291666666666666,10.166666666666666,5.0,3.3333333333333335,6.916666666666667,4.333333333333333,2.8333333333333335,1.7916666666666667,2.1818181818181817,1.4545454545454546,23.791666666666668,14.916666666666666,12.333333333333334,13.791666666666666,422.2916666666667,351.875,341.6666666666667,269.5416666666667,17.041666666666668,18.583333333333332,10.625,11.416666666666666,52.375,50.458333333333336,24
2026-08-29,m_4bNncf,7,t_1rEb7t,Rosario Central,LOCAL,1.0,1.4,0.8,0.8,5.6,4.8,5.2,4.9,2.4,1.9,3.4,3.7,15.0,14.7,13.8,12.1,3.4,4.6,5.4,4.1,7.8,7.2,5.8,5.2,2.8,3.1,2.6,2.2,2.0,2.1,2.4,1.9,25.0,24.2,20.0,18.5,10.6,11.7,14.4,15.9,476.2,447.7,349.8,348.3,396.6,365.5,258.4,259.4,15.6,15.8,23.8,21.7,10.0,10.1,12.2,11.4,58.4,54.2,59.2,54.0,1.28,0.96,4.84,3.92,2.12,2.84,14.92,10.8,4.92,3.68,6.68,4.6,2.8,1.92,2.0869565217391304,1.565217391304348,23.32,16.32,12.44,13.8,417.52,360.04,336.88,277.92,17.24,18.6,10.64,11.2,52.44,50.96,25
2026-09-06,m_0Ksq5j,8,t_1rEb7t,Rosario Central,LOCAL,1.2,1.4,1.2,0.9,6.4,5.5,5.4,4.1,2.4,1.9,2.8,3.7,15.4,14.7,15.0,11.5,4.6,4.8,5.6,4.0,7.8,7.1,6.4,5.1,3.0,3.0,2.75,2.111111111111111,2.0,2.0,2.5,1.7777777777777777,25.2,24.1,20.2,17.1,10.8,11.6,12.8,15.4,509.0,480.2,345.8,342.1,422.6,395.1,249.8,251.1,15.6,15.1,23.6,22.0,10.4,10.4,13.6,13.0,62.0,56.1,61.8,56.0,1.2692307692307692,1.0,5.038461538461538,3.8846153846153846,2.1153846153846154,2.8461538461538463,14.923076923076923,10.807692307692308,5.0,3.6538461538461537,6.653846153846154,4.615384615384615,2.8,1.92,2.0869565217391304,1.565217391304348,23.153846153846153,16.115384615384617,12.461538461538462,13.73076923076923,424.8076923076923,357.15384615384613,343.65384615384613,274.2692307692308,17.0,18.73076923076923,10.615384615384615,11.538461538461538,52.88461538461539,51.30769230769231,26
2026-09-13,m_2UjMTH,9,t_1rEb7t,Rosario Central,VISITANTE,1.4,1.2,1.2,0.9,6.4,6.3,5.0,4.0,2.4,2.1,3.2,4.1,12.8,14.5,13.6,11.4,3.8,4.4,5.4,3.8,5.8,7.0,5.6,5.1,2.0,2.7777777777777777,2.5,2.0,1.0,2.0,2.0,1.6666666666666667,23.2,23.9,18.8,17.0,11.8,12.5,14.0,16.1,491.8,469.1,348.8,338.7,404.6,384.6,255.8,247.4,16.6,15.3,23.8,21.8,10.2,9.6,13.2,13.2,61.2,55.7,63.2,55.2,1.2592592592592593,1.0,5.222222222222222,3.814814814814815,2.185185185185185,2.962962962962963,14.814814814814815,10.592592592592593,4.888888888888889,3.5925925925925926,6.62962962962963,4.518518518518518,2.730769230769231,1.8846153846153846,2.0416666666666665,1.5,23.333333333333332,15.74074074074074,12.74074074074074,14.0,421.4074074074074,353.037037037037,339.962962962963,270.0740740740741,17.11111111111111,19.037037037037038,10.481481481481481,11.592592592592593,52.7037037037037,51.2962962962963,27
2026-09-20,m_0sbdux,Clausura - Round 10,t_1rEb7t,Rosario Central,LOCAL,1.0,1.0,1.2,0.9,5.2,6.4,5.2,4.2,3.0,2.3,3.6,3.8,10.6,13.9,14.0,11.6,3.6,3.7,5.6,4.2,4.8,7.2,5.8,5.3,2.0,2.3333333333333335,3.0,2.2222222222222223,1.25,1.6666666666666667,2.25,1.7777777777777777,17.2,22.7,21.4,17.9,13.6,12.6,13.0,14.5,441.4,443.8,397.6,352.1,352.2,362.4,306.6,263.9,17.6,16.2,24.6,22.4,12.2,11.1,13.2,12.2,58.2,55.0,61.6,54.8,1.2142857142857142,1.0,5.178571428571429,3.8214285714285716,2.2142857142857144,2.9642857142857144,14.75,10.642857142857142,4.821428571428571,3.6785714285714284,6.678571428571429,4.571428571428571,2.740740740740741,1.9259259259259258,2.08,1.52,23.107142857142858,15.964285714285714,12.75,13.785714285714286,418.17857142857144,357.32142857142856,336.60714285714283,274.2857142857143,17.25,19.357142857142858,10.785714285714286,11.571428571428571,52.714285714285715,51.464285714285715,28
2026-01-25,m_0pr0Dr,1,t_2Ba0sx,Belgrano,VISITANTE,,,,,,,,,,,,,,,,,,,,,,,,,,,,,,,,,,,,,,,,,,,,,,,,,,,,,,,,,,,,,,,,,,,,,,,,,,,,,,,,,,,,,,,,,,,0
2026-01-29,m_4XI4Tz,2,t_2Ba0sx,Belgrano,LOCAL,2.0,2.0,1.0,1.0,3.0,3.0,4.0,4.0,1.0,1.0,2.0,2.0,13.0,13.0,17.0,17.0,6.0,6.0,8.0,8.0,4.0,4.0,7.0,7.0,3.0,3.0,3.0,3.0,3.0,3.0,2.0,2.0,29.0,29.0,25.0,25.0,11.0,11.0,6.0,6.0,382.0,382.0,379.0,379.0,307.0,307.0,312.0,312.0,20.0,20.0,14.0,14.0,8.0,8.0,14.0,14.0,46.0,46.0,52.0,52.0,2.0,1.0,3.0,4.0,1.0,2.0,13.0,17.0,6.0,8.0,4.0,7.0,3.0,3.0,3.0,2.0,29.0,25.0,11.0,6.0,382.0,379.0,307.0,312.0,20.0,14.0,8.0,14.0,46.0,52.0,1
2026-02-03,m_0ks99k,3,t_2Ba0sx,Belgrano,VISITANTE,1.5,1.5,1.0,1.0,5.0,5.0,2.5,2.5,1.5,1.5,1.5,1.5,12.5,12.5,11.5,11.5,3.5,3.5,5.5,5.5,6.0,6.0,4.5,4.5,1.5,1.5,2.0,2.0,3.0,3.0,2.0,2.0,26.5,26.5,14.0,14.0,8.5,8.5,7.0,7.0,411.5,411.5,347.5,347.5,331.0,331.0,265.5,265.5,18.5,18.5,16.0,16.0,9.0,9.0,12.5,12.5,48.0,48.0,50.5,50.5,1.5,1.0,5.0,2.5,1.5,1.5,12.5,11.5,3.5,5.5,6.0,4.5,1.5,2.0,3.0,2.0,26.5,14.0,8.5,7.0,411.5,347.5,331.0,265.5,18.5,16.0,9.0,12.5,48.0,50.5,2
2026-02-08,m_2MVqzf,4,t_2Ba0sx,Belgrano,LOCAL,1.0,1.0,0.6666666666666666,0.6666666666666666,3.6666666666666665,3.6666666666666665,3.3333333333333335,3.3333333333333335,1.5,1.5,1.5,1.5,12.333333333333334,12.333333333333334,13.333333333333334,13.333333333333334,4.0,4.0,5.666666666666667,5.666666666666667,5.666666666666667,5.666666666666667,6.0,6.0,1.3333333333333333,1.3333333333333333,2.0,2.0,2.0,2.0,2.0,2.0,23.666666666666668,23.666666666666668,20.0,20.0,7.666666666666667,7.666666666666667,7.0,7.0,403.3333333333333,403.3333333333333,429.6666666666667,429.6666666666667,315.3333333333333,315.3333333333333,348.3333333333333,348.3333333333333,22.0,22.0,16.333333333333332,16.333333333333332,10.333333333333334,10.333333333333334,13.666666666666666,13.666666666666666,57.0,57.0,57.666666666666664,57.666666666666664,1.0,0.6666666666666666,3.6666666666666665,3.3333333333333335,1.5,1.5,12.333333333333334,13.333333333333334,4.0,5.666666666666667,5.666666666666667,6.0,1.3333333333333333,2.0,2.0,2.0,23.666666666666668,20.0,7.666666666666667,7.0,403.3333333333333,429.6666666666667,315.3333333333333,348.3333333333333,22.0,16.333333333333332,10.333333333333334,13.666666666666666,57.0,57.666666666666664,3
2026-02-15,m_4RVX9V,5,t_2Ba0sx,Belgrano,VISITANTE,0.75,0.75,0.75,0.75,3.0,3.0,5.25,5.25,1.6666666666666667,1.6666666666666667,2.3333333333333335,2.3333333333333335,10.75,10.75,14.0,14.0,3.75,3.75,6.0,6.0,4.5,4.5,5.5,5.5,1.5,1.5,1.75,1.75,2.0,2.0,1.6666666666666667,1.6666666666666667,20.0,20.0,21.5,21.5,8.0,8.0,9.25,9.25,376.5,376.5,451.5,451.5,295.0,295.0,373.0,373.0,20.75,20.75,16.25,16.25,10.25,10.25,11.0,11.0,52.5,52.5,53.25,53.25,0.75,0.75,3.0,5.25,1.6666666666666667,2.3333333333333335,10.75,14.0,3.75,6.0,4.5,5.5,1.5,1.75,2.0,1.6666666666666667,20.0,21.5,8.0,9.25,376.5,451.5,295.0,373.0,20.75,16.25,10.25,11.0,52.5,53.25,4
2026-02-20,m_16ojkM,6,t_2Ba0sx,Belgrano,VISITANTE,0.6,0.6,0.8,0.8,4.0,4.0,5.2,5.2,1.75,1.75,2.25,2.25,11.8,11.8,13.4,13.4,3.6,3.6,5.4,5.4,5.8,5.8,5.4,5.4,1.8,1.8,1.8,1.8,2.25,2.25,1.5,1.5,20.6,20.6,20.6,20.6,9.2,9.2,9.8,9.8,364.2,364.2,432.2,432.2,284.8,284.8,356.0,356.0,19.2,19.2,16.2,16.2,9.6,9.6,10.4,10.4,53.2,53.2,53.0,53.0,0.6,0.8,4.0,5.2,1.75,2.25,11.8,13.4,3.6,5.4,5.8,5.4,1.8,1.8,2.25,1.5,20.6,20.6,9.2,9.8,364.2,432.2,284.8,356.0,19.2,16.2,9.6,10.4,53.2,53.0,5
2026-02-25,m_4GDLN6,7,t_2Ba0sx,Belgrano,LOCAL,0.4,0.6666666666666666,0.8,0.8333333333333334,4.0,3.8333333333333335,5.4,5.166666666666667,2.25,2.0,2.25,2.2,11.8,12.0,12.2,13.0,3.0,3.5,4.4,5.0,6.6,6.166666666666667,5.2,5.5,1.6,1.8333333333333333,1.8,2.0,2.0,2.2,1.5,1.6,18.8,20.5,18.0,19.166666666666668,8.8,9.166666666666666,10.0,9.333333333333334,356.0,360.3333333333333,446.0,434.8333333333333,275.0,280.3333333333333,368.6,359.1666666666667,19.0,19.166666666666668,16.4,16.0,10.8,10.333333333333334,10.2,10.833333333333334,52.4,51.333333333333336,51.6,51.666666666666664,0.6666666666666666,0.8333333333333334,3.8333333333333335,5.166666666666667,2.0,2.2,12.0,13.0,3.5,5.0,6.166666666666667,5.5,1.8333333333333333,2.0,2.2,1.6,20.5,19.166666666666668,9.166666666666666,9.333333333333334,360.3333333333333,434.8333333333333,280.3333333333333,359.1666666666667,19.166666666666668,16.0,10.333333333333334,10.833333333333334,51.333333333333336,51.666666666666664,6
2026-03-03,m_2obGmX,8,t_2Ba0sx,Belgrano,VISITANTE,0.8,1.0,0.8,0.8571428571428571,2.6,3.2857142857142856,6.2,5.142857142857143,2.5,2.1666666666666665,2.25,2.0,11.6,11.857142857142858,13.2,12.714285714285714,3.6,3.5714285714285716,4.2,4.571428571428571,5.8,5.857142857142857,6.0,5.571428571428571,2.2,2.0,1.8,1.8571428571428572,1.8,2.0,1.2,1.3333333333333333,18.6,20.857142857142858,19.4,17.857142857142858,10.0,9.571428571428571,11.2,10.0,344.4,363.57142857142856,457.8,426.2857142857143,262.0,281.7142857142857,382.8,349.2857142857143,19.2,19.0,18.6,17.857142857142858,10.2,9.857142857142858,10.4,11.0,53.2,51.714285714285715,51.0,50.857142857142854,1.0,0.8571428571428571,3.2857142857142856,5.142857142857143,2.1666666666666665,2.0,11.857142857142858,12.714285714285714,3.5714285714285716,4.571428571428571,5.857142857142857,5.571428571428571,2.0,1.8571428571428572,2.0,1.3333333333333333,20.857142857142858,17.857142857142858,9.571428571428571,10.0,363.57142857142856,426.2857142857143,281.7142857142857,349.2857142857143,19.0,17.857142857142858,9.857142857142858,11.0,51.714285714285715,50.857142857142854,7
2026-03-12,m_3oaL0D,10,t_2Ba0sx,Belgrano,VISITANTE,1.0,1.0,1.4,1.125,3.0,3.25,5.8,4.875,2.4,2.142857142857143,2.2,2.0,11.0,11.5,13.8,13.625,3.0,3.375,4.4,4.875,6.0,5.875,5.8,5.875,2.2,1.875,1.8,1.875,1.8,1.8571428571428572,1.2,1.4285714285714286,17.0,19.5,17.8,18.625,11.0,9.75,12.2,10.25,340.8,364.25,418.2,422.5,265.2,284.0,345.0,346.25,15.4,17.875,20.4,18.875,9.8,10.0,9.4,11.0,48.2,51.5,46.6,50.75,1.0,1.125,3.25,4.875,2.142857142857143,2.0,11.5,13.625,3.375,4.875,5.875,5.875,1.875,1.875,1.8571428571428572,1.4285714285714286,19.5,18.625,9.75,10.25,364.25,422.5,284.0,346.25,17.875,18.875,10.0,11.0,51.5,50.75,8
2026-03-15,m_3W9CKi,11,t_2Ba0sx,Belgrano,LOCAL,1.0,0.8888888888888888,1.4,1.1111111111111112,4.4,3.7777777777777777,4.0,4.555555555555555,2.2,2.0,1.8,2.0,13.0,12.0,12.2,13.0,2.8,3.2222222222222223,3.2,4.444444444444445,7.8,6.333333333333333,5.8,5.666666666666667,1.8,1.6666666666666667,1.8,1.7777777777777777,1.75,1.8571428571428572,1.25,1.4285714285714286,19.4,19.666666666666668,16.0,18.444444444444443,10.0,9.11111111111111,11.0,10.222222222222221,358.0,366.22222222222223,384.8,414.44444444444446,272.0,282.22222222222223,304.6,335.0,16.0,18.11111111111111,22.4,19.666666666666668,9.6,9.88888888888889,11.0,11.0,54.0,53.333333333333336,50.8,51.888888888888886,0.8888888888888888,1.1111111111111112,3.7777777777777777,4.555555555555555,2.0,2.0,12.0,13.0,3.2222222222222223,4.444444444444445,6.333333333333333,5.666666666666667,1.6666666666666667,1.7777777777777777,1.8571428571428572,1.4285714285714286,19.666666666666668,18.444444444444443,9.11111111111111,10.222222222222221,366.22222222222223,414.44444444444446,282.22222222222223,335.0,18.11111111111111,19.666666666666668,9.88888888888889,11.0,53.333333333333336,51.888888888888886,9
2026-03-22,m_3rFQnJ,12,t_2Ba0sx,Belgrano,LOCAL,1.0,0.8,1.2,1.0,3.0,3.5,3.6,4.4,2.4,2.111111111111111,1.6,1.8888888888888888,11.4,11.6,12.2,12.8,2.2,2.9,3.0,4.2,6.6,6.2,5.4,5.4,1.5,1.6666666666666667,1.75,1.7777777777777777,1.3333333333333333,1.8571428571428572,1.3333333333333333,1.4285714285714286,18.4,19.5,14.6,17.6,10.6,9.9,11.8,10.8,351.6,357.9,376.2,404.2,265.0,274.9,295.6,325.8,17.6,18.4,22.6,19.4,9.2,9.4,10.8,10.6,53.2,53.2,51.2,52.1,0.8,1.0,3.5,4.4,2.111111111111111,1.8888888888888888,11.6,12.8,2.9,4.2,6.2,5.4,1.6666666666666667,1.7777777777777777,1.8571428571428572,1.4285714285714286,19.5,17.6,9.9,10.8,357.9,404.2,274.9,325.8,18.4,19.4,9.4,10.6,53.2,52.1,10
2026-04-05,m_0X7bQS,13,t_2Ba0sx,Belgrano,VISITANTE,1.2,0.8,1.2,1.0,2.8,3.4,4.2,4.8,2.6,2.4444444444444446,1.8,2.0,10.2,11.0,12.6,12.4,2.4,2.7,3.4,3.9,5.6,6.1,5.0,5.1,2.0,1.7777777777777777,1.75,1.7777777777777777,1.6666666666666667,1.8571428571428572,1.6666666666666667,1.5714285714285714,16.6,17.7,17.0,17.5,12.2,10.5,12.0,11.0,366.0,361.0,355.6,400.8,276.0,275.5,271.6,320.1,17.2,18.1,22.0,19.2,7.8,9.3,10.0,10.1,54.2,53.3,52.6,52.1,0.9090909090909091,1.0,3.3636363636363638,4.7272727272727275,2.3,2.0,11.181818181818182,12.818181818181818,3.0,4.2727272727272725,5.909090909090909,5.2727272727272725,1.9,1.9,2.0,1.625,18.727272727272727,18.181818181818183,10.545454545454545,10.545454545454545,362.90909090909093,398.8181818181818,278.3636363636364,319.3636363636364,18.272727272727273,18.727272727272727,9.181818181818182,10.454545454545455,52.63636363636363,52.09090909090909,11
2026-04-11,m_4OXsD0,14,t_2Ba0sx,Belgrano,LOCAL,0.6,0.7,1.6,1.2,3.0,2.8,4.8,5.5,2.4,2.4444444444444446,2.0,2.111111111111111,9.8,10.7,14.4,13.8,2.2,2.9,4.0,4.1,5.6,5.7,6.0,6.0,1.5,1.8888888888888888,3.0,2.3333333333333335,1.6666666666666667,1.75,2.6666666666666665,1.75,14.8,16.7,19.4,19.4,11.8,10.9,12.2,11.7,341.2,342.8,385.4,421.6,254.8,258.4,301.8,342.3,17.0,18.1,20.6,19.6,8.6,9.4,9.6,10.0,51.4,52.3,53.8,52.4,0.8333333333333334,1.1666666666666667,3.1666666666666665,5.0,2.272727272727273,2.0,11.0,13.416666666666666,3.0,4.333333333333333,5.75,5.75,1.8181818181818181,2.272727272727273,1.8888888888888888,1.7777777777777777,18.333333333333332,18.5,10.5,10.916666666666666,354.25,409.25,270.5,329.5,18.166666666666668,19.0,9.333333333333334,10.416666666666666,51.583333333333336,52.083333333333336,12
2026-04-20,m_0HO7em,15,t_2Ba0sx,Belgrano,VISITANTE,0.6,0.8,1.0,1.2,3.0,3.0,4.6,5.2,2.0,2.2,2.8,2.5,11.0,11.0,12.2,13.0,2.0,2.5,3.4,3.9,5.8,5.9,5.4,5.6,1.5,1.8888888888888888,3.0,2.3333333333333335,1.3333333333333333,1.625,2.6666666666666665,1.75,15.8,16.4,17.0,17.4,10.8,10.9,13.6,12.9,357.8,349.3,344.4,381.3,274.4,269.8,263.4,304.2,18.0,16.7,20.4,20.4,7.8,8.8,8.4,8.9,49.4,48.8,52.0,49.3,0.8461538461538461,1.0769230769230769,3.1538461538461537,4.769230769230769,2.0833333333333335,2.3333333333333335,11.307692307692308,13.076923076923077,2.8461538461538463,4.3076923076923075,5.846153846153846,5.6923076923076925,1.75,2.25,1.7,1.8,18.076923076923077,18.0,10.153846153846153,11.538461538461538,361.7692307692308,392.46153846153845,280.3076923076923,314.38461538461536,17.923076923076923,19.46153846153846,9.153846153846153,10.0,50.69230769230769,51.23076923076923,13
2026-04-26,m_3Xoqfp,16,t_2Ba0sx,Belgrano,LOCAL,0.6,0.8,0.8,1.1,2.2,3.3,4.6,4.3,1.8,2.0,2.6,2.2,10.0,11.5,13.0,12.6,2.2,2.5,3.6,3.4,4.8,6.3,6.0,5.9,1.75,1.7777777777777777,2.75,2.2222222222222223,1.25,1.5,2.0,1.625,14.8,17.1,17.0,16.5,11.4,10.7,13.8,12.4,391.8,374.9,324.8,354.8,317.2,294.6,247.8,276.2,17.4,16.7,18.8,20.6,6.8,8.2,8.4,9.7,45.4,49.7,49.0,49.9,0.7857142857142857,1.0,3.2142857142857144,4.571428571428571,1.9230769230769231,2.230769230769231,11.285714285714286,13.0,2.857142857142857,4.142857142857143,5.785714285714286,5.785714285714286,1.6923076923076923,2.076923076923077,1.6363636363636365,1.6363636363636365,17.928571428571427,17.928571428571427,9.928571428571429,11.5,375.35714285714283,382.42857142857144,294.7142857142857,303.85714285714283,17.857142857142858,19.357142857142858,8.785714285714286,10.071428571428571,50.5,50.857142857142854,14
2026-05-03,m_2RNEop,9,t_2Ba0sx,Belgrano,LOCAL,0.6,0.8,1.0,1.1,2.6,2.8,5.2,4.4,1.6,2.0,2.8,2.2,9.8,10.6,12.0,12.1,2.2,2.2,3.6,3.3,5.0,5.8,5.8,5.6,1.6,1.5555555555555556,2.4,2.111111111111111,1.2,1.25,1.8,1.625,14.6,16.5,19.4,17.0,11.2,10.9,12.4,12.1,407.4,379.5,348.0,362.1,328.6,296.8,268.8,282.2,17.4,17.5,19.2,20.9,8.2,8.7,9.0,9.9,47.0,50.1,48.6,49.9,0.7333333333333333,1.0,3.2,4.666666666666667,1.9285714285714286,2.2142857142857144,11.0,12.533333333333333,2.6666666666666665,4.0,5.8,5.533333333333333,1.6428571428571428,2.0,1.5833333333333333,1.5833333333333333,17.866666666666667,18.2,10.333333333333334,11.333333333333334,374.4,385.46666666666664,292.8,306.8,18.066666666666666,19.333333333333332,9.0,10.066666666666666,51.13333333333333,50.93333333333333,15
2026-05-09,m_3c05ZH,1/8,t_2Ba0sx,Belgrano,VISITANTE,0.2,0.7,1.6,1.4,2.6,2.7,4.2,4.2,1.0,1.8,2.4,2.1,9.6,9.9,11.8,12.2,2.0,2.2,3.8,3.6,4.8,5.2,6.0,5.5,1.2,1.5555555555555556,2.8,2.3333333333333335,1.0,1.25,1.6,1.625,15.6,16.1,18.8,17.9,9.4,10.8,12.4,12.2,390.8,378.4,351.8,353.7,314.2,295.1,272.4,272.0,17.8,17.5,22.2,22.1,8.8,8.3,9.6,9.8,45.6,49.9,48.4,50.5,0.6875,1.1875,3.125,4.5625,1.8666666666666667,2.1333333333333333,10.6875,12.5,2.6875,4.125,5.5625,5.5,1.6666666666666667,2.2,1.6153846153846154,1.6153846153846154,17.75,18.375,10.1875,11.125,371.625,384.125,289.5625,304.6875,18.125,19.8125,9.0625,10.1875,50.4375,50.9375,16
2026-05-12,m_0yhLBE,1/4,t_2Ba0sx,Belgrano,LOCAL,0.2,0.4,1.2,1.4,4.0,3.5,3.2,4.0,1.4,1.9,3.0,2.5,11.0,10.4,10.6,12.5,1.8,2.0,3.4,3.7,5.2,5.4,5.0,5.5,1.0,1.2222222222222223,2.2,2.5555555555555554,0.8,1.125,1.4,1.875,16.6,15.7,19.8,19.6,10.0,10.9,13.4,12.8,401.2,371.2,298.8,342.1,323.4,289.1,220.4,261.1,17.4,17.2,22.4,21.5,8.0,8.3,8.6,9.1,48.4,49.9,48.0,50.9,0.6470588235294118,1.1764705882352942,3.411764705882353,4.470588235294118,2.0,2.3125,11.0,12.588235294117647,2.6470588235294117,4.0588235294117645,5.588235294117647,5.529411764705882,1.5625,2.25,1.5,1.6428571428571428,17.823529411764707,18.88235294117647,10.352941176470589,11.647058823529411,368.05882352941177,376.7647058823529,286.05882352941177,297.4117647058824,17.941176470588236,20.0,8.941176470588236,9.882352941176471,50.64705882352941,50.88235294117647,17
2026-05-17,m_0JyeiC,1/2,t_2Ba0sx,Belgrano,VISITANTE,0.4,0.5,1.2,1.1,4.2,3.6,4.2,4.4,1.4,1.7,2.4,2.6,11.4,11.2,11.2,11.7,3.2,2.6,3.4,3.4,4.8,5.3,5.6,5.5,1.4,1.4444444444444444,2.0,2.4444444444444446,1.2,1.25,1.2,1.75,16.6,16.2,19.8,18.4,9.6,10.2,11.2,12.4,390.8,374.3,329.4,336.9,307.4,290.9,243.6,253.5,18.6,18.3,19.2,19.8,9.8,8.8,9.0,8.7,51.8,50.6,52.0,52.0,0.7222222222222222,1.1111111111111112,3.4444444444444446,4.611111111111111,1.8823529411764706,2.3529411764705883,11.333333333333334,12.555555555555555,2.9444444444444446,4.055555555555555,5.555555555555555,5.666666666666667,1.6470588235294117,2.176470588235294,1.5333333333333334,1.6,17.666666666666668,18.5,10.0,11.444444444444445,369.8333333333333,374.94444444444446,287.8333333333333,294.72222222222223,18.11111111111111,19.38888888888889,9.333333333333334,9.722222222222221,51.0,51.44444444444444,18
2026-05-24,m_25ZLbm,final,t_2Ba0sx,Belgrano,VISITANTE,1.4,1.0,2.0,1.4,4.0,3.1,4.8,4.7,3.0,2.4,2.6,2.6,11.0,10.5,12.4,12.7,3.2,2.7,4.6,4.1,4.4,4.6,6.0,6.0,1.4,1.5555555555555556,2.8,2.7777777777777777,1.0,1.1111111111111112,1.8,1.8888888888888888,18.6,16.7,22.2,19.6,12.6,12.0,12.4,13.1,365.6,378.7,388.4,356.6,270.2,293.7,297.6,272.7,21.0,19.2,21.2,20.0,13.2,10.0,10.4,9.4,56.6,51.0,59.0,54.0,0.9473684210526315,1.263157894736842,3.4210526315789473,4.631578947368421,2.2222222222222223,2.3333333333333335,11.210526315789474,12.842105263157896,2.9473684210526314,4.2631578947368425,5.421052631578948,5.842105263157895,1.6111111111111112,2.2777777777777777,1.4375,1.6875,18.105263157894736,19.05263157894737,10.631578947368421,11.736842105263158,372.7894736842105,384.0,288.2631578947368,302.2105263157895,18.68421052631579,19.842105263157894,9.947368421052632,10.157894736842104,52.10526315789474,53.0,19
2026-07-23,m_3h9ajC,1,t_2Ba0sx,Belgrano,LOCAL,2.0,1.3,2.2,1.6,4.2,3.4,4.8,5.0,3.2,2.4,2.6,2.7,12.2,11.0,12.8,12.4,4.4,3.3,5.0,4.3,4.0,4.5,6.0,5.9,1.6,1.6,3.0,2.7,1.0,1.1111111111111112,2.0,1.8888888888888888,18.0,16.3,20.2,19.8,11.6,11.4,12.0,12.2,342.4,374.9,387.2,367.6,252.0,290.3,292.6,280.7,19.8,18.6,22.2,20.7,13.4,10.8,9.4,9.2,55.2,51.1,56.8,52.7,1.05,1.3,3.45,4.7,2.263157894736842,2.3157894736842106,11.3,12.6,3.1,4.25,5.35,5.65,1.631578947368421,2.263157894736842,1.4375,1.6875,17.9,18.7,10.65,11.5,366.4,385.9,282.6,303.25,18.5,20.05,10.1,9.9,52.15,52.4,20
2026-08-01,m_1cKmol,3,t_2Ba0sx,Belgrano,LOCAL,2.2,1.2,1.8,1.7,5.0,3.8,5.4,4.8,3.4,2.2,2.4,2.4,13.4,11.5,13.0,12.4,4.4,3.2,4.8,4.3,5.2,5.0,6.0,6.0,1.6,1.4,2.2,2.5,0.75,0.8888888888888888,1.5,1.5555555555555556,20.0,17.8,21.0,19.9,12.6,11.0,12.4,12.4,365.8,378.3,398.4,375.1,279.8,297.0,308.8,290.6,18.6,18.2,20.2,21.2,12.8,10.8,9.2,9.4,57.0,51.3,56.4,52.4,1.0476190476190477,1.3333333333333333,3.5714285714285716,4.761904761904762,2.25,2.2,11.333333333333334,12.619047619047619,3.0952380952380953,4.285714285714286,5.476190476190476,5.619047619047619,1.65,2.2,1.411764705882353,1.588235294117647,18.285714285714285,19.0,10.761904761904763,11.428571428571429,370.23809523809524,387.5238095238095,287.23809523809524,305.6666666666667,18.238095238095237,19.904761904761905,9.952380952380953,9.952380952380953,52.0,52.23809523809524,21
2026-08-06,m_147hOq,2,t_2Ba0sx,Belgrano,VISITANTE,2.2,1.2,1.8,1.5,3.8,3.9,5.2,4.2,2.8,2.1,1.6,2.3,12.2,11.6,12.0,11.3,4.4,3.1,5.0,4.2,5.4,5.3,5.8,5.4,1.8,1.4,2.0,2.1,1.0,0.8888888888888888,1.5,1.4444444444444444,18.8,17.7,19.6,19.7,12.0,11.0,9.8,11.6,373.4,387.3,475.4,387.1,289.4,306.4,388.2,304.3,18.8,18.1,20.0,21.2,13.2,10.6,10.2,9.4,57.0,52.7,57.0,52.5,1.0,1.3181818181818181,3.5,4.636363636363637,2.1904761904761907,2.142857142857143,11.272727272727273,12.454545454545455,3.0454545454545454,4.2727272727272725,5.545454545454546,5.590909090909091,1.619047619047619,2.1904761904761907,1.3888888888888888,1.6111111111111112,18.045454545454547,19.045454545454547,10.727272727272727,11.227272727272727,369.27272727272725,399.1818181818182,286.8181818181818,318.04545454545456,18.136363636363637,20.0,9.909090909090908,9.954545454545455,52.09090909090909,52.27272727272727,22
2026-08-10,m_2ckNSG,4,t_2Ba0sx,Belgrano,VISITANTE,1.8,1.1,1.8,1.5,3.8,4.0,4.6,4.4,3.0,2.2,1.8,2.1,12.4,11.9,12.6,11.9,3.8,3.5,5.4,4.4,6.0,5.4,5.6,5.6,2.4,1.9,2.0,2.0,2.0,1.5555555555555556,1.5,1.3333333333333333,22.2,19.4,21.4,20.6,12.4,11.0,12.0,11.6,374.4,382.6,500.6,415.0,291.2,299.3,416.8,330.2,18.6,18.6,22.0,20.6,12.0,10.9,11.6,10.3,57.8,54.8,55.4,53.7,0.9565217391304348,1.2608695652173914,3.5217391304347827,4.608695652173913,2.1363636363636362,2.227272727272727,11.565217391304348,12.565217391304348,3.130434782608696,4.3478260869565215,5.6521739130434785,5.6521739130434785,1.8181818181818181,2.1363636363636362,1.631578947368421,1.5789473684210527,18.652173913043477,19.130434782608695,10.521739130434783,11.565217391304348,370.82608695652175,402.2608695652174,288.5652173913044,321.2608695652174,18.217391304347824,19.956521739130434,9.91304347826087,10.130434782608695,52.47826086956522,52.30434782608695,23
2026-08-15,m_2rJ3SG,5,t_2Ba0sx,Belgrano,LOCAL,0.8,1.1,1.4,1.7,4.0,4.0,3.8,4.3,2.0,2.5,1.6,2.1,14.2,12.6,11.8,12.1,4.2,3.7,4.8,4.7,7.4,5.9,5.0,5.5,3.2,2.3,2.0,2.4,3.25,2.0,1.5,1.6666666666666667,23.0,20.8,21.4,21.8,11.0,11.8,10.8,11.6,370.2,367.9,476.8,432.6,299.0,284.6,396.4,347.0,18.6,19.8,21.4,21.3,10.0,11.6,11.0,10.7,57.4,57.0,51.4,55.2,0.9166666666666666,1.2916666666666667,3.5416666666666665,4.458333333333333,2.1739130434782608,2.1739130434782608,11.833333333333334,12.625,3.2083333333333335,4.375,5.833333333333333,5.666666666666667,1.9565217391304348,2.217391304347826,1.8,1.65,19.125,19.541666666666668,10.708333333333334,11.541666666666666,372.25,403.3333333333333,290.5,321.8333333333333,18.666666666666668,20.166666666666668,9.958333333333334,10.333333333333334,53.208333333333336,52.666666666666664,24
2026-08-23,m_4Llsds,6,t_2Ba0sx,Belgrano,LOCAL,0.6,1.3,1.0,1.6,4.0,4.1,3.4,4.1,1.6,2.4,2.0,2.3,13.6,12.9,12.0,12.4,3.6,4.0,4.4,4.7,7.4,5.7,5.6,5.8,3.0,2.3,1.8,2.4,2.8,2.0,1.4,1.6666666666666667,23.8,20.9,22.2,21.2,10.2,10.9,11.8,11.9,403.2,372.8,477.8,432.5,326.8,289.4,404.2,348.4,20.4,20.1,19.8,21.0,8.2,10.8,13.4,11.4,58.0,56.6,55.0,55.9,0.96,1.24,3.56,4.44,2.125,2.25,11.76,12.48,3.2,4.28,5.76,5.64,1.9166666666666667,2.1666666666666665,1.7619047619047619,1.619047619047619,19.08,19.4,10.56,11.56,373.76,404.28,291.44,323.44,18.88,20.0,9.72,10.6,53.32,52.92,25
2026-08-30,m_02m9E0,7,t_2Ba0sx,Belgrano,VISITANTE,0.6,1.4,1.0,1.4,4.4,4.7,2.2,3.8,1.6,2.5,2.4,2.4,16.2,14.8,11.2,12.1,4.2,4.3,4.2,4.5,7.4,6.3,5.2,5.6,2.8,2.2,2.0,2.1,3.25,2.0,1.75,1.625,27.2,23.6,18.8,19.9,8.8,10.7,12.6,12.5,430.6,398.2,450.0,424.2,348.0,313.9,375.4,342.1,19.8,19.2,19.8,20.0,8.0,10.4,14.0,11.6,60.4,58.7,57.6,57.0,0.9615384615384616,1.2692307692307692,3.730769230769231,4.269230769230769,2.12,2.24,12.26923076923077,12.346153846153847,3.3076923076923075,4.269230769230769,5.846153846153846,5.538461538461538,1.88,2.16,1.7619047619047619,1.619047619047619,20.0,18.96153846153846,10.384615384615385,11.653846153846153,381.84615384615387,399.53846153846155,298.9230769230769,319.0769230769231,18.53846153846154,19.884615384615383,9.576923076923077,10.73076923076923,53.61538461538461,53.26923076923077,26
2026-09-04,m_1hvbqC,8,t_2Ba0sx,Belgrano,LOCAL,0.6,1.4,0.8,1.3,5.4,4.6,2.4,3.8,1.6,2.2,2.8,2.2,17.4,14.8,11.4,11.7,4.2,4.3,4.0,4.5,7.4,6.4,5.0,5.4,3.0,2.4,2.0,2.0,3.5,2.25,1.75,1.625,28.4,23.6,20.0,19.8,9.2,10.6,12.8,11.3,422.2,397.8,430.0,452.7,336.8,313.1,350.2,369.2,21.2,20.0,19.2,19.6,8.4,10.8,12.6,11.4,62.0,59.5,57.0,57.0,0.9259259259259259,1.2222222222222223,3.8518518518518516,4.222222222222222,2.076923076923077,2.269230769230769,12.407407407407407,12.25925925925926,3.259259259259259,4.222222222222222,5.888888888888889,5.481481481481482,1.8846153846153846,2.1538461538461537,1.7727272727272727,1.6363636363636365,19.962962962962962,19.22222222222222,10.444444444444445,11.518518518518519,379.0740740740741,404.8888888888889,296.0740740740741,324.0,18.703703703703702,19.85185185185185,9.62962962962963,10.444444444444445,53.925925925925924,53.148148148148145,27
2026-09-13,m_0ZigWJ,9,t_2Ba0sx,Belgrano,VISITANTE,0.8,1.3,1.0,1.4,5.2,4.5,2.8,3.7,1.8,2.4,2.4,2.1,15.2,13.8,12.6,12.6,3.8,3.8,4.4,4.9,6.2,6.1,5.4,5.5,2.0,2.2,3.0,2.5,2.0,2.0,2.75,2.125,24.2,23.2,21.6,21.5,9.8,11.1,11.0,11.5,419.2,396.8,430.4,465.5,332.6,311.9,350.8,383.8,22.6,20.6,19.8,20.9,9.0,10.5,12.8,12.2,61.0,59.4,60.0,57.7,0.9285714285714286,1.2142857142857142,3.8214285714285716,4.285714285714286,2.074074074074074,2.259259259259259,12.214285714285714,12.571428571428571,3.25,4.357142857142857,5.75,5.607142857142857,1.8518518518518519,2.2962962962962963,1.6956521739130435,1.7826086956521738,19.642857142857142,19.571428571428573,10.392857142857142,11.464285714285714,379.4642857142857,407.2857142857143,296.42857142857144,326.5357142857143,19.0,19.928571428571427,9.75,10.607142857142858,54.0,53.67857142857143,28
2026-10-04,m_1bDLdl,Clausura - Round 11,t_2Ba0sx,Belgrano,VISITANTE,1.0,0.9,0.8,1.1,5.8,4.9,3.2,3.5,1.4,1.7,3.0,2.3,15.0,14.6,11.6,11.7,4.2,4.2,4.2,4.5,5.4,6.4,4.8,4.9,1.8,2.5,3.0,2.5,1.5,2.375,2.75,2.125,26.2,24.6,19.0,20.2,8.8,9.9,11.4,11.1,450.8,410.5,384.2,430.5,362.6,330.8,306.8,351.6,20.4,19.5,20.8,21.1,8.4,9.2,11.6,11.3,56.8,57.1,57.4,54.4,0.9310344827586207,1.206896551724138,3.9310344827586206,4.241379310344827,2.0357142857142856,2.3214285714285716,12.379310344827585,12.448275862068966,3.3793103448275863,4.344827586206897,5.758620689655173,5.517241379310345,1.9285714285714286,2.357142857142857,1.75,1.8333333333333333,20.344827586206897,19.448275862068964,10.379310344827585,11.517241379310345,385.7931034482759,400.0344827586207,302.9310344827586,319.2413793103448,18.96551724137931,20.275862068965516,9.689655172413794,10.551724137931034,53.827586206896555,53.48275862068966,29
2026-01-23,m_22Z8p0,1,t_2M7cot,Central Córdoba de Santiago,LOCAL,,,,,,,,,,,,,,,,,,,,,,,,,,,,,,,,,,,,,,,,,,,,,,,,,,,,,,,,,,,,,,,,,,,,,,,,,,,,,,,,,,,,,,,,,,,0
2026-01-28,m_2XR10W,2,t_2M7cot,Central Córdoba de Santiago,VISITANTE,1.0,1.0,0.0,0.0,2.0,2.0,14.0,14.0,1.0,1.0,0.0,0.0,11.0,11.0,16.0,16.0,4.0,4.0,4.0,4.0,5.0,5.0,5.0,5.0,2.0,2.0,2.0,2.0,2.0,2.0,2.0,2.0,12.0,12.0,25.0,25.0,10.0,10.0,9.0,9.0,245.0,245.0,524.0,524.0,163.0,163.0,443.0,443.0,22.0,22.0,15.0,15.0,8.0,8.0,6.0,6.0,40.0,40.0,46.0,46.0,1.0,0.0,2.0,14.0,1.0,0.0,11.0,16.0,4.0,4.0,5.0,5.0,2.0,2.0,2.0,2.0,12.0,25.0,10.0,9.0,245.0,524.0,163.0,443.0,22.0,15.0,8.0,6.0,40.0,46.0,1
2026-01-31,m_4SzUty,3,t_2M7cot,Central Córdoba de Santiago,VISITANTE,0.5,0.5,0.0,0.0,2.0,2.0,9.5,9.5,2.5,2.5,1.5,1.5,7.0,7.0,18.5,18.5,3.0,3.0,4.5,4.5,3.0,3.0,8.0,8.0,1.0,1.0,1.5,1.5,1.0,1.0,1.5,1.5,8.5,8.5,26.5,26.5,12.0,12.0,13.0,13.0,255.5,255.5,482.0,482.0,164.0,164.0,395.5,395.5,18.0,18.0,11.0,11.0,9.0,9.0,5.5,5.5,43.0,43.0,46.0,46.0,0.5,0.0,2.0,9.5,2.5,1.5,7.0,18.5,3.0,4.5,3.0,8.0,1.0,1.5,1.0,1.5,8.5,26.5,12.0,13.0,255.5,482.0,164.0,395.5,18.0,11.0,9.0,5.5,43.0,46.0,2
2026-02-07,m_0ofblh,4,t_2M7cot,Central Córdoba de Santiago,LOCAL,0.6666666666666666,0.6666666666666666,0.0,0.0,3.6666666666666665,3.6666666666666665,7.666666666666667,7.666666666666667,2.3333333333333335,2.3333333333333335,2.3333333333333335,2.3333333333333335,8.333333333333334,8.333333333333334,15.0,15.0,2.3333333333333335,2.3333333333333335,4.0,4.0,3.6666666666666665,3.6666666666666665,6.666666666666667,6.666666666666667,1.0,1.0,1.0,1.0,1.0,1.0,1.5,1.5,12.666666666666666,12.666666666666666,22.0,22.0,12.0,12.0,14.333333333333334,14.333333333333334,285.0,285.0,423.0,423.0,199.66666666666666,199.66666666666666,339.6666666666667,339.6666666666667,18.0,18.0,14.666666666666666,14.666666666666666,10.666666666666666,10.666666666666666,7.666666666666667,7.666666666666667,45.666666666666664,45.666666666666664,45.666666666666664,45.666666666666664,0.6666666666666666,0.0,3.6666666666666665,7.666666666666667,2.3333333333333335,2.3333333333333335,8.333333333333334,15.0,2.3333333333333335,4.0,3.6666666666666665,6.666666666666667,1.0,1.0,1.0,1.5,12.666666666666666,22.0,12.0,14.333333333333334,285.0,423.0,199.66666666666666,339.6666666666667,18.0,14.666666666666666,10.666666666666666,7.666666666666667,45.666666666666664,45.666666666666664,3
2026-02-16,m_3C7F2J,5,t_2M7cot,Central Córdoba de Santiago,VISITANTE,0.75,0.75,0.0,0.0,3.5,3.5,6.25,6.25,2.0,2.0,2.25,2.25,8.5,8.5,15.25,15.25,2.5,2.5,3.5,3.5,4.0,4.0,6.25,6.25,1.5,1.5,1.0,1.0,1.3333333333333333,1.3333333333333333,1.3333333333333333,1.3333333333333333,13.5,13.5,21.75,21.75,11.75,11.75,14.75,14.75,314.75,314.75,423.25,423.25,231.75,231.75,340.0,340.0,17.5,17.5,16.25,16.25,10.5,10.5,7.0,7.0,46.5,46.5,50.25,50.25,0.75,0.0,3.5,6.25,2.0,2.25,8.5,15.25,2.5,3.5,4.0,6.25,1.5,1.0,1.3333333333333333,1.3333333333333333,13.5,21.75,11.75,14.75,314.75,423.25,231.75,340.0,17.5,16.25,10.5,7.0,46.5,50.25,4
2026-02-22,m_10l4Ew,6,t_2M7cot,Central Córdoba de Santiago,LOCAL,1.0,1.0,0.0,0.0,3.4,3.4,6.0,6.0,2.2,2.2,2.8,2.8,9.0,9.0,13.8,13.8,2.4,2.4,2.8,2.8,4.2,4.2,5.8,5.8,1.8,1.8,0.8,0.8,1.25,1.25,1.0,1.0,15.2,15.2,19.0,19.0,13.8,13.8,15.4,15.4,306.0,306.0,403.2,403.2,220.8,220.8,318.6,318.6,16.2,16.2,14.4,14.4,10.2,10.2,8.4,8.4,46.4,46.4,47.2,47.2,1.0,0.0,3.4,6.0,2.2,2.8,9.0,13.8,2.4,2.8,4.2,5.8,1.8,0.8,1.25,1.0,15.2,19.0,13.8,15.4,306.0,403.2,220.8,318.6,16.2,14.4,10.2,8.4,46.4,47.2,5
2026-02-24,m_42bvJB,7,t_2M7cot,Central Córdoba de Santiago,LOCAL,0.8,0.8333333333333334,0.0,0.0,3.8,3.5,4.4,6.0,3.6,3.1666666666666665,3.0,2.5,9.6,9.833333333333334,13.8,14.166666666666666,1.8,2.1666666666666665,2.6,2.8333333333333335,5.4,5.333333333333333,6.6,6.333333333333333,1.4,1.5,0.6,0.8333333333333334,0.75,1.0,0.75,1.0,15.4,14.833333333333334,17.8,19.0,15.6,14.666666666666666,15.6,14.5,316.4,304.5,391.0,413.1666666666667,235.0,223.0,306.4,329.1666666666667,14.2,15.5,15.6,15.5,10.8,10.333333333333334,9.8,9.166666666666666,48.4,47.0,48.2,47.833333333333336,0.8333333333333334,0.0,3.5,6.0,3.1666666666666665,2.5,9.833333333333334,14.166666666666666,2.1666666666666665,2.8333333333333335,5.333333333333333,6.333333333333333,1.5,0.8333333333333334,1.0,1.0,14.833333333333334,19.0,14.666666666666666,14.5,304.5,413.1666666666667,223.0,329.1666666666667,15.5,15.5,10.333333333333334,9.166666666666666,47.0,47.833333333333336,6
2026-02-28,m_2FKyoL,8,t_2M7cot,Central Córdoba de Santiago,VISITANTE,1.2,1.0,0.0,0.0,3.6,3.142857142857143,3.8,5.428571428571429,3.4,3.142857142857143,2.6,2.2857142857142856,10.8,9.714285714285714,11.8,13.714285714285714,2.0,2.2857142857142856,2.0,2.7142857142857144,6.2,5.285714285714286,5.6,6.285714285714286,1.4,1.2857142857142858,0.6,0.8571428571428571,0.75,0.8333333333333334,0.75,1.0,16.4,14.142857142857142,15.6,18.714285714285715,15.0,14.142857142857142,13.8,13.571428571428571,321.6,302.7142857142857,399.8,423.2857142857143,242.8,220.28571428571428,317.6,339.85714285714283,15.8,16.428571428571427,17.8,15.857142857142858,11.4,10.714285714285714,10.2,8.857142857142858,49.6,47.714285714285715,48.8,48.0,1.0,0.0,3.142857142857143,5.428571428571429,3.142857142857143,2.2857142857142856,9.714285714285714,13.714285714285714,2.2857142857142856,2.7142857142857144,5.285714285714286,6.285714285714286,1.2857142857142858,0.8571428571428571,0.8333333333333334,1.0,14.142857142857142,18.714285714285715,14.142857142857142,13.571428571428571,302.7142857142857,423.2857142857143,220.28571428571428,339.85714285714283,16.428571428571427,15.857142857142858,10.714285714285714,8.857142857142858,47.714285714285715,48.0,7
2026-03-12,m_3FHq0X,10,t_2M7cot,Central Córdoba de Santiago,VISITANTE,1.0,0.875,0.4,0.25,2.6,3.0,5.2,6.125,3.2,2.875,2.0,2.125,10.0,9.375,15.8,15.5,2.2,2.25,3.0,3.375,6.0,5.125,7.0,6.875,1.2,1.125,1.2,1.125,0.6,0.7142857142857143,1.2,1.2857142857142858,13.6,13.25,23.6,23.0,15.6,14.25,11.8,12.75,291.2,288.875,443.4,435.75,212.0,207.375,358.2,351.25,15.6,16.5,16.2,15.625,11.0,10.875,9.4,8.75,47.8,47.0,49.4,48.0,0.875,0.25,3.0,6.125,2.875,2.125,9.375,15.5,2.25,3.375,5.125,6.875,1.125,1.125,0.7142857142857143,1.2857142857142858,13.25,23.0,14.25,12.75,288.875,435.75,207.375,351.25,16.5,15.625,10.875,8.75,47.0,48.0,8
2026-03-18,m_1JvU76,11,t_2M7cot,Central Córdoba de Santiago,LOCAL,1.0,0.8888888888888888,0.6,0.3333333333333333,2.4,2.888888888888889,5.8,6.0,3.4,2.7777777777777777,2.2,2.2222222222222223,9.8,9.222222222222221,14.8,15.0,2.6,2.5555555555555554,3.8,3.6666666666666665,5.6,4.888888888888889,6.8,6.555555555555555,1.2,1.3333333333333333,1.4,1.2222222222222223,0.6,0.875,1.2,1.25,13.2,13.333333333333334,23.2,22.555555555555557,15.4,13.777777777777779,11.4,12.88888888888889,275.6,293.0,443.0,434.22222222222223,199.6,213.88888888888889,361.4,351.8888888888889,16.4,16.88888888888889,14.8,15.444444444444445,10.0,10.222222222222221,10.2,8.777777777777779,47.0,46.77777777777778,46.0,47.888888888888886,0.8888888888888888,0.3333333333333333,2.888888888888889,6.0,2.7777777777777777,2.2222222222222223,9.222222222222221,15.0,2.5555555555555554,3.6666666666666665,4.888888888888889,6.555555555555555,1.3333333333333333,1.2222222222222223,0.875,1.25,13.333333333333334,22.555555555555557,13.777777777777779,12.88888888888889,293.0,434.22222222222223,213.88888888888889,351.8888888888889,16.88888888888889,15.444444444444445,10.222222222222221,8.777777777777779,46.77777777777778,47.888888888888886,9
2026-03-23,m_0d5xg9,12,t_2M7cot,Central Córdoba de Santiago,VISITANTE,0.8,0.9,0.6,0.3,2.2,2.8,5.4,5.7,2.8,2.5,2.0,2.4,8.4,8.7,15.4,14.6,2.6,2.5,4.6,3.7,5.0,4.6,6.2,6.0,0.8,1.3,1.6,1.2,0.4,0.7777777777777778,1.4,1.2222222222222223,10.8,13.0,26.2,22.6,12.4,13.1,10.6,13.0,292.2,299.1,443.0,423.1,217.0,218.9,357.0,337.8,18.4,17.3,16.4,15.4,9.6,9.9,10.0,9.2,48.0,47.2,48.0,47.6,0.9,0.3,2.8,5.7,2.5,2.4,8.7,14.6,2.5,3.7,4.6,6.0,1.3,1.2,0.7777777777777778,1.2222222222222223,13.0,22.6,13.1,13.0,299.1,423.1,218.9,337.8,17.3,15.4,9.9,9.2,47.2,47.6,10
2026-04-05,m_0S9hu2,13,t_2M7cot,Central Córdoba de Santiago,LOCAL,0.8,0.8,1.6,0.8,2.2,3.0,5.8,5.1,1.8,2.7,2.2,2.6,6.4,8.0,17.2,15.5,2.6,2.2,6.6,4.6,2.8,4.1,5.6,6.1,0.8,1.1,2.6,1.6,0.4,0.5555555555555556,1.6,1.2222222222222223,10.0,12.7,29.0,23.4,11.2,13.4,10.6,13.1,300.4,308.4,433.4,412.2,220.6,227.8,349.4,327.9,19.4,16.8,14.0,14.8,9.2,10.0,9.6,9.7,46.8,47.6,47.4,47.8,0.8181818181818182,0.7272727272727273,2.909090909090909,5.909090909090909,2.5454545454545454,2.3636363636363638,8.272727272727273,15.545454545454545,2.3636363636363638,4.545454545454546,4.181818181818182,6.0,1.1818181818181819,1.6363636363636365,0.7,1.3,12.636363636363637,23.545454545454547,13.090909090909092,12.727272727272727,302.6363636363636,422.3636363636364,221.9090909090909,338.3636363636364,17.272727272727273,14.818181818181818,9.818181818181818,9.363636363636363,46.90909090909091,47.63636363636363,11
2026-04-14,m_2wfcAu,14,t_2M7cot,Central Córdoba de Santiago,VISITANTE,0.6,0.9,2.2,1.1,2.6,3.1,5.8,4.8,1.8,2.6,2.0,2.3,5.8,8.3,17.8,14.8,2.4,2.2,7.2,4.6,2.4,4.3,5.8,5.7,1.0,1.2,3.2,1.9,0.4,0.5555555555555556,1.6,1.2222222222222223,9.8,13.1,29.4,22.5,12.2,13.6,11.0,12.4,304.0,312.8,439.2,419.5,222.8,232.8,353.8,335.7,18.4,17.1,14.0,15.9,8.8,10.1,11.0,10.6,46.2,47.9,48.6,48.7,0.8333333333333334,0.9166666666666666,2.9166666666666665,5.583333333333333,2.5833333333333335,2.1666666666666665,8.083333333333334,15.416666666666666,2.3333333333333335,4.583333333333333,4.083333333333333,6.083333333333333,1.1666666666666667,1.8333333333333333,0.6363636363636364,1.2727272727272727,12.333333333333334,23.166666666666668,13.333333333333334,12.5,303.25,429.9166666666667,221.33333333333334,345.6666666666667,17.25,15.083333333333334,9.916666666666666,9.75,47.083333333333336,48.25,12
2026-04-20,m_3YFLQO,15,t_2M7cot,Central Córdoba de Santiago,LOCAL,0.6,0.8,2.0,1.2,3.0,2.8,4.4,4.8,2.0,2.6,2.2,2.1,6.6,8.3,16.4,16.1,2.4,2.3,7.2,5.1,2.8,4.4,5.4,6.2,1.4,1.3,4.0,2.6,0.8,0.7,2.4,1.8,12.2,12.9,26.0,24.8,11.2,13.4,11.2,11.5,326.0,308.6,414.0,428.7,240.8,226.4,329.2,343.7,20.4,18.0,19.0,17.6,8.8,9.9,11.6,10.5,50.6,49.2,50.8,50.1,0.7692307692307693,0.9230769230769231,3.0,5.461538461538462,2.5384615384615383,2.1538461538461537,8.307692307692308,15.846153846153847,2.3076923076923075,4.846153846153846,4.230769230769231,6.3076923076923075,1.2307692307692308,2.230769230769231,0.75,1.75,12.846153846153847,24.153846153846153,13.076923076923077,12.153846153846153,303.15384615384613,427.38461538461536,220.23076923076923,342.7692307692308,18.0,16.923076923076923,10.076923076923077,9.846153846153847,48.38461538461539,49.07692307692308,13
2026-04-24,m_3JTbLz,16,t_2M7cot,Central Córdoba de Santiago,VISITANTE,1.2,1.1,2.4,1.5,3.2,2.8,4.8,5.3,2.6,3.0,2.0,2.1,7.0,8.4,18.0,16.4,2.2,2.4,7.4,5.6,2.6,4.1,6.4,6.6,1.0,1.1,4.2,2.8,0.4,0.5,2.4,1.8,13.4,13.3,27.2,25.2,11.6,13.5,9.8,10.6,302.0,288.8,433.0,438.0,215.2,207.4,344.0,352.7,20.4,18.4,19.8,17.3,10.4,10.2,10.8,10.5,49.8,48.4,50.6,48.3,1.0,1.0714285714285714,3.0,5.571428571428571,2.7142857142857144,2.142857142857143,8.428571428571429,16.071428571428573,2.4285714285714284,5.0,4.071428571428571,6.5,1.2142857142857142,2.2857142857142856,0.6923076923076923,1.6923076923076923,13.357142857142858,24.214285714285715,13.0,11.785714285714286,296.2142857142857,433.7857142857143,214.35714285714286,349.07142857142856,18.142857142857142,17.0,10.285714285714286,9.5,47.857142857142854,48.857142857142854,14
2026-05-02,m_3crdvk,9,t_2M7cot,Central Córdoba de Santiago,LOCAL,1.0,0.9,2.4,1.5,3.4,2.8,5.2,5.3,3.0,2.9,1.4,1.7,8.0,8.2,18.8,17.1,2.4,2.5,7.6,6.1,2.8,3.9,7.8,7.0,1.6,1.2,4.6,3.1,1.2,0.8,2.8,2.1,13.6,12.2,28.2,27.2,13.6,13.0,9.2,9.9,294.6,293.4,489.2,466.1,205.6,211.3,404.2,380.6,20.8,19.6,19.0,17.7,11.8,10.7,10.4,10.2,52.2,50.1,54.0,51.0,0.9333333333333333,1.0,3.0,5.533333333333333,2.6666666666666665,2.066666666666667,8.466666666666667,16.0,2.466666666666667,5.0,4.0,6.6,1.4,2.3333333333333335,0.9285714285714286,1.7857142857142858,13.2,24.466666666666665,13.266666666666667,11.733333333333333,297.6,445.1333333333333,214.46666666666667,359.93333333333334,18.466666666666665,16.6,10.533333333333333,9.6,48.86666666666667,49.733333333333334,15
2026-07-24,m_3B1MqQ,1,t_2M7cot,Central Córdoba de Santiago,VISITANTE,1.4,1.1,1.6,1.6,3.2,2.7,4.2,5.0,3.0,2.4,1.6,1.9,9.4,7.9,16.6,16.9,3.8,3.2,5.8,6.2,3.4,3.1,8.2,6.9,2.2,1.5,3.6,3.1,1.6,1.0,2.4,2.0,15.8,12.9,25.0,27.0,13.2,12.2,10.4,10.5,334.6,317.5,463.2,448.3,246.0,233.3,374.0,361.7,20.4,19.9,20.0,17.0,12.8,11.0,11.2,10.4,52.8,49.8,54.0,50.7,1.0,1.0,3.0,5.375,2.6875,2.125,8.625,15.875,2.8125,4.9375,3.9375,6.6875,1.5,2.25,1.0,1.6666666666666667,13.625,24.0,13.125,12.0,312.625,435.125,229.4375,349.5,18.25,16.4375,10.75,9.9375,48.75,49.625,16
2026-07-31,m_4Qe3bh,2,t_2M7cot,Central Córdoba de Santiago,LOCAL,1.2,0.9,1.2,1.7,3.2,2.9,4.4,5.1,2.6,2.2,1.6,1.8,9.8,7.8,18.2,18.0,4.0,3.2,6.4,6.8,3.8,3.1,8.4,7.1,2.4,1.7,3.2,3.2,2.0,1.2,2.4,2.0,17.2,13.5,25.8,27.6,12.6,12.4,9.6,10.3,333.0,318.5,463.8,451.5,249.0,235.9,378.6,366.2,21.6,20.0,18.6,16.3,12.6,10.7,10.2,10.6,55.2,50.7,54.4,51.5,0.9411764705882353,1.0,3.0,5.235294117647059,2.588235294117647,2.0,8.588235294117647,16.235294117647058,2.823529411764706,5.117647058823529,4.0,6.764705882352941,1.5294117647058822,2.235294117647059,1.0625,1.625,13.764705882352942,23.941176470588236,13.117647058823529,11.647058823529411,312.0,439.88235294117646,229.47058823529412,355.3529411764706,18.529411764705884,16.11764705882353,10.705882352941176,9.882352941176471,49.470588235294116,50.05882352941177,17
2026-08-04,m_3lE8VM,3,t_2M7cot,Central Córdoba de Santiago,LOCAL,1.6,1.1,1.0,1.5,3.0,3.0,4.4,4.4,2.4,2.2,1.4,1.8,9.2,7.9,16.0,16.2,4.2,3.3,5.0,6.1,3.2,3.0,7.6,6.5,2.4,1.9,1.8,2.9,1.8,1.3,1.0,1.7,15.4,13.8,20.6,23.3,13.2,12.2,10.0,10.6,347.4,336.7,487.8,450.9,264.4,252.6,401.2,365.2,19.4,19.9,14.2,16.6,12.0,10.4,9.2,10.4,53.6,52.1,54.4,52.6,1.0,0.9444444444444444,3.0,5.166666666666667,2.5,1.9444444444444444,8.555555555555555,15.88888888888889,2.8333333333333335,4.888888888888889,3.9444444444444446,6.666666666666667,1.5555555555555556,2.111111111111111,1.0588235294117647,1.5294117647058822,13.555555555555555,23.166666666666668,13.11111111111111,11.555555555555555,315.44444444444446,444.1666666666667,232.5,359.0,18.38888888888889,16.166666666666668,10.61111111111111,9.666666666666666,49.833333333333336,50.55555555555556,18
2026-08-11,m_23LFB9,4,t_2M7cot,Central Córdoba de Santiago,VISITANTE,0.8,1.0,0.6,1.5,3.4,3.3,3.6,4.2,2.0,2.3,2.0,2.0,10.2,8.6,15.0,16.5,3.8,3.0,5.0,6.2,4.6,3.6,6.6,6.5,2.8,1.9,1.8,3.0,2.4,1.4,1.2,1.8,16.4,14.9,19.2,23.2,12.8,12.2,11.8,10.8,400.0,351.0,442.6,437.8,312.0,263.6,358.2,351.1,19.2,19.8,14.2,17.0,11.6,11.0,10.4,10.6,55.8,52.8,55.4,53.0,0.9473684210526315,0.9473684210526315,3.1052631578947367,5.052631578947368,2.526315789473684,2.1052631578947367,8.894736842105264,15.789473684210526,2.789473684210526,5.0,4.2105263157894735,6.526315789473684,1.631578947368421,2.1578947368421053,1.1666666666666667,1.5555555555555556,14.157894736842104,22.894736842105264,12.947368421052632,11.789473684210526,323.5263157894737,436.10526315789474,240.05263157894737,351.4736842105263,18.42105263157895,16.263157894736842,10.631578947368421,9.736842105263158,49.94736842105263,50.578947368421055,19
2026-08-16,m_4XvVEn,5,t_2M7cot,Central Córdoba de Santiago,LOCAL,1.0,1.0,1.0,1.7,4.4,3.9,3.4,4.3,2.2,2.6,2.6,2.0,13.6,10.8,14.0,16.4,4.6,3.5,4.8,6.2,6.2,4.5,5.4,6.6,2.6,2.1,1.8,3.2,2.2,1.7,0.8,1.8,22.8,18.2,16.8,22.5,12.6,13.1,10.8,10.0,425.8,360.2,381.8,435.5,338.2,271.9,299.8,352.0,17.6,19.2,15.4,17.2,10.0,10.9,10.4,10.4,55.0,53.6,52.4,53.2,0.95,1.0,3.35,5.0,2.55,2.2,9.75,15.5,3.0,4.95,4.55,6.3,1.7,2.2,1.263157894736842,1.5263157894736843,15.6,22.55,13.1,11.5,329.65,429.3,245.4,344.9,18.25,16.3,10.4,9.8,50.4,50.4,20
2026-08-24,m_2k3hTY,6,t_2M7cot,Central Córdoba de Santiago,VISITANTE,0.6,1.0,1.0,1.3,4.6,3.9,4.6,4.4,1.8,2.4,2.4,2.0,12.8,11.1,13.8,15.2,3.2,3.5,5.2,5.5,6.6,5.0,5.0,6.6,2.0,2.1,2.2,2.9,1.8,1.7,1.2,1.8,22.0,18.9,17.6,21.3,13.0,13.1,9.6,10.0,409.4,372.0,408.2,435.7,320.8,283.4,327.4,350.7,18.2,19.3,16.6,18.3,8.6,10.7,9.4,10.3,56.4,54.6,54.6,54.3,0.9047619047619048,1.0,3.380952380952381,5.190476190476191,2.4761904761904763,2.1904761904761907,9.619047619047619,15.380952380952381,2.9047619047619047,5.0,4.571428571428571,6.285714285714286,1.619047619047619,2.238095238095238,1.2,1.55,15.619047619047619,22.476190476190474,13.095238095238095,11.428571428571429,335.6666666666667,428.7142857142857,251.1904761904762,344.23809523809524,18.238095238095237,16.476190476190474,10.238095238095237,9.80952380952381,50.57142857142857,50.80952380952381,21
2026-08-30,m_38lyOU,7,t_2M7cot,Central Córdoba de Santiago,VISITANTE,1.0,1.1,1.0,1.1,4.8,4.0,5.0,4.7,2.2,2.4,2.8,2.2,14.0,11.9,11.6,14.9,3.0,3.5,4.0,5.2,7.6,5.7,4.0,6.2,2.0,2.2,2.2,2.7,1.4,1.7,1.2,1.8,23.0,20.1,17.2,21.5,12.8,12.7,11.2,10.4,410.6,371.8,401.4,432.6,318.4,283.7,317.2,347.9,17.6,19.6,17.4,18.0,10.2,11.4,9.8,10.0,54.4,54.8,54.6,54.5,0.9545454545454546,1.0,3.409090909090909,5.181818181818182,2.5,2.1818181818181817,9.818181818181818,15.181818181818182,2.8636363636363638,4.863636363636363,4.818181818181818,6.136363636363637,1.6363636363636365,2.227272727272727,1.1428571428571428,1.5238095238095237,15.863636363636363,22.40909090909091,13.045454545454545,11.545454545454545,334.40909090909093,431.1363636363636,249.6818181818182,346.6818181818182,18.318181818181817,16.40909090909091,10.590909090909092,9.863636363636363,50.59090909090909,51.09090909090909,22
2026-09-06,m_1W1wwo,8,t_2M7cot,Central Córdoba de Santiago,LOCAL,0.6,1.1,1.0,1.0,5.4,4.2,5.4,4.9,2.4,2.4,2.8,2.1,17.0,13.1,12.8,14.4,3.4,3.8,4.6,4.8,8.8,6.0,4.8,6.2,1.6,2.0,2.4,2.1,1.2,1.5,1.4,1.2,27.0,21.2,18.0,19.3,12.0,12.6,11.4,10.7,459.2,403.3,368.6,428.2,371.8,318.1,288.8,345.0,17.0,18.2,16.6,15.4,9.6,10.8,11.0,10.1,52.8,53.2,52.4,53.4,0.9130434782608695,0.9565217391304348,3.5217391304347827,5.217391304347826,2.4782608695652173,2.130434782608696,10.391304347826088,15.217391304347826,2.9565217391304346,4.826086956521739,5.0,6.260869565217392,1.565217391304348,2.1739130434782608,1.0909090909090908,1.5,16.47826086956522,22.043478260869566,12.869565217391305,11.521739130434783,346.69565217391306,427.7391304347826,262.7826086956522,343.7391304347826,18.08695652173913,16.26086956521739,10.391304347826088,9.956521739130435,50.47826086956522,50.95652173913044,23
2026-09-12,m_2HZGss,9,t_2M7cot,Central Córdoba de Santiago,VISITANTE,0.8,0.8,0.8,0.7,5.0,4.2,7.0,5.3,2.0,2.0,1.8,1.9,16.8,13.5,16.0,15.5,4.0,3.9,4.2,4.6,7.8,6.2,7.0,6.8,1.8,2.3,2.0,1.9,1.2,1.8,1.2,1.2,26.4,21.4,21.0,20.1,11.8,12.3,10.4,11.1,434.2,417.1,387.4,415.0,350.8,331.4,307.2,332.7,17.8,18.5,16.6,15.4,9.0,10.3,10.4,10.4,52.6,54.2,52.2,53.8,0.9166666666666666,0.9166666666666666,3.5,5.458333333333333,2.4166666666666665,2.0416666666666665,10.541666666666666,15.833333333333334,3.0416666666666665,4.833333333333333,4.958333333333333,6.625,1.6666666666666667,2.125,1.173913043478261,1.4782608695652173,16.708333333333332,22.5,12.708333333333334,11.5,346.5833333333333,425.9583333333333,263.125,342.25,18.291666666666668,16.333333333333332,10.291666666666666,9.875,50.5,50.916666666666664,24
2026-01-24,m_0U6amu,1,t_2RmaMX,Racing Club,VISITANTE,,,,,,,,,,,,,,,,,,,,,,,,,,,,,,,,,,,,,,,,,,,,,,,,,,,,,,,,,,,,,,,,,,,,,,,,,,,,,,,,,,,,,,,,,,,0
2026-01-28,m_0GrdJU,2,t_2RmaMX,Racing Club,LOCAL,1.0,1.0,2.0,2.0,5.0,5.0,4.0,4.0,3.0,3.0,2.0,2.0,13.0,13.0,7.0,7.0,3.0,3.0,5.0,5.0,7.0,7.0,1.0,1.0,2.0,2.0,3.0,3.0,1.0,1.0,2.0,2.0,27.0,27.0,13.0,13.0,15.0,15.0,13.0,13.0,566.0,566.0,199.0,199.0,469.0,469.0,118.0,118.0,8.0,8.0,25.0,25.0,7.0,7.0,13.0,13.0,43.0,43.0,37.0,37.0,1.0,2.0,5.0,4.0,3.0,2.0,13.0,7.0,3.0,5.0,7.0,1.0,2.0,3.0,1.0,2.0,27.0,13.0,15.0,13.0,566.0,199.0,469.0,118.0,8.0,25.0,7.0,13.0,43.0,37.0,1
2026-02-02,m_3ACZQ9,3,t_2RmaMX,Racing Club,VISITANTE,1.5,1.5,1.5,1.5,3.5,3.5,2.5,2.5,3.5,3.5,3.0,3.0,9.5,9.5,14.0,14.0,3.0,3.0,6.0,6.0,4.5,4.5,4.5,4.5,1.5,1.5,2.0,2.0,1.0,1.0,2.0,2.0,18.0,18.0,19.5,19.5,13.0,13.0,14.5,14.5,385.5,385.5,341.5,341.5,289.0,289.0,257.5,257.5,9.0,9.0,17.0,17.0,11.0,11.0,10.0,10.0,41.5,41.5,40.0,40.0,1.5,1.5,3.5,2.5,3.5,3.0,9.5,14.0,3.0,6.0,4.5,4.5,1.5,2.0,1.0,2.0,18.0,19.5,13.0,14.5,385.5,341.5,289.0,257.5,9.0,17.0,11.0,10.0,41.5,40.0,2
2026-02-07,m_21nAGO,4,t_2RmaMX,Racing Club,LOCAL,2.0,2.0,1.3333333333333333,1.3333333333333333,4.0,4.0,4.0,4.0,2.3333333333333335,2.3333333333333335,3.3333333333333335,3.3333333333333335,10.333333333333334,10.333333333333334,13.333333333333334,13.333333333333334,4.666666666666667,4.666666666666667,5.0,5.0,4.333333333333333,4.333333333333333,5.666666666666667,5.666666666666667,2.3333333333333335,2.3333333333333335,2.6666666666666665,2.6666666666666665,1.5,1.5,3.0,3.0,17.333333333333332,17.333333333333332,18.0,18.0,12.0,12.0,14.0,14.0,324.6666666666667,324.6666666666667,363.3333333333333,363.3333333333333,236.0,236.0,289.6666666666667,289.6666666666667,9.333333333333334,9.333333333333334,15.333333333333334,15.333333333333334,9.666666666666666,9.666666666666666,9.666666666666666,9.666666666666666,39.666666666666664,39.666666666666664,37.666666666666664,37.666666666666664,2.0,1.3333333333333333,4.0,4.0,2.3333333333333335,3.3333333333333335,10.333333333333334,13.333333333333334,4.666666666666667,5.0,4.333333333333333,5.666666666666667,2.3333333333333335,2.6666666666666665,1.5,3.0,17.333333333333332,18.0,12.0,14.0,324.6666666666667,363.3333333333333,236.0,289.6666666666667,9.333333333333334,15.333333333333334,9.666666666666666,9.666666666666666,39.666666666666664,37.666666666666664,3
2026-02-14,m_3g6NsD,5,t_2RmaMX,Racing Club,VISITANTE,1.75,1.75,1.5,1.5,4.75,4.75,4.0,4.0,2.5,2.5,3.25,3.25,10.75,10.75,13.5,13.5,4.75,4.75,4.5,4.5,4.5,4.5,5.75,5.75,2.25,2.25,2.25,2.25,1.3333333333333333,1.3333333333333333,2.0,2.0,17.0,17.0,20.25,20.25,12.5,12.5,14.5,14.5,315.0,315.0,341.75,341.75,231.0,231.0,265.75,265.75,10.0,10.0,14.25,14.25,11.75,11.75,11.0,11.0,37.25,37.25,37.75,37.75,1.75,1.5,4.75,4.0,2.5,3.25,10.75,13.5,4.75,4.5,4.5,5.75,2.25,2.25,1.3333333333333333,2.0,17.0,20.25,12.5,14.5,315.0,341.75,231.0,265.75,10.0,14.25,11.75,11.0,37.25,37.75,4
2026-02-20,m_0WMvJY,6,t_2RmaMX,Racing Club,VISITANTE,1.8,1.8,1.2,1.2,4.4,4.4,4.8,4.8,3.0,3.0,2.8,2.8,10.8,10.8,13.0,13.0,4.8,4.8,4.0,4.0,4.2,4.2,5.6,5.6,2.2,2.2,1.8,1.8,1.25,1.25,1.5,1.5,15.8,15.8,19.4,19.4,12.8,12.8,13.0,13.0,330.0,330.0,328.8,328.8,245.8,245.8,249.4,249.4,11.8,11.8,14.8,14.8,12.6,12.6,10.4,10.4,39.0,39.0,38.6,38.6,1.8,1.2,4.4,4.8,3.0,2.8,10.8,13.0,4.8,4.0,4.2,5.6,2.2,1.8,1.25,1.5,15.8,19.4,12.8,13.0,330.0,328.8,245.8,249.4,11.8,14.8,12.6,10.4,39.0,38.6,5
2026-02-26,m_2ASJLP,7,t_2RmaMX,Racing Club,LOCAL,1.6,1.5,0.8,1.0,4.0,4.166666666666667,5.6,5.333333333333333,3.4,3.3333333333333335,2.8,2.6666666666666665,9.4,10.0,12.4,11.5,4.6,4.333333333333333,3.0,3.3333333333333335,3.2,3.8333333333333335,5.8,5.0,1.8,1.8333333333333333,1.4,1.6666666666666667,1.0,1.0,1.25,1.4,13.0,15.333333333333334,19.6,18.5,12.8,13.166666666666666,12.8,12.833333333333334,287.6,334.0,351.0,325.6666666666667,204.8,248.83333333333334,266.6,241.83333333333334,13.6,12.666666666666666,14.4,16.166666666666668,12.8,11.833333333333334,10.8,11.166666666666666,40.8,41.166666666666664,42.2,41.333333333333336,1.5,1.0,4.166666666666667,5.333333333333333,3.3333333333333335,2.6666666666666665,10.0,11.5,4.333333333333333,3.3333333333333335,3.8333333333333335,5.0,1.8333333333333333,1.6666666666666667,1.0,1.4,15.333333333333334,18.5,13.166666666666666,12.833333333333334,334.0,325.6666666666667,248.83333333333334,241.83333333333334,12.666666666666666,16.166666666666668,11.833333333333334,11.166666666666666,41.166666666666664,41.333333333333336,6
2026-03-04,m_1DDmUV,8,t_2RmaMX,Racing Club,VISITANTE,1.4,1.4285714285714286,0.8,1.0,5.0,4.571428571428571,5.8,4.857142857142857,3.2,3.2857142857142856,2.6,2.7142857142857144,10.8,10.428571428571429,10.0,11.142857142857142,4.8,4.285714285714286,2.0,3.142857142857143,4.2,4.285714285714286,5.2,5.0,1.8,1.7142857142857142,1.4,1.5714285714285714,1.0,1.0,1.25,1.4,13.4,14.714285714285714,15.4,16.571428571428573,12.4,12.571428571428571,11.8,12.571428571428571,325.0,342.2857142857143,325.6,330.14285714285717,245.4,257.85714285714283,237.8,243.42857142857142,13.8,12.428571428571429,15.0,15.571428571428571,12.0,11.714285714285714,11.4,11.0,42.0,41.857142857142854,44.4,43.142857142857146,1.4285714285714286,1.0,4.571428571428571,4.857142857142857,3.2857142857142856,2.7142857142857144,10.428571428571429,11.142857142857142,4.285714285714286,3.142857142857143,4.285714285714286,5.0,1.7142857142857142,1.5714285714285714,1.0,1.4,14.714285714285714,16.571428571428573,12.571428571428571,12.571428571428571,342.2857142857143,330.14285714285717,257.85714285714283,243.42857142857142,12.428571428571429,15.571428571428571,11.714285714285714,11.0,41.857142857142854,43.142857142857146,7
2026-03-11,m_1vnmx3,10,t_2RmaMX,Racing Club,VISITANTE,0.8,1.25,1.2,1.25,5.4,4.875,5.6,5.0,3.4,3.0,2.6,2.875,11.2,10.875,9.8,11.125,4.0,4.25,2.2,3.25,4.6,4.5,4.2,4.75,1.4,1.75,1.2,1.75,1.0,1.1666666666666667,0.25,1.1666666666666667,15.6,16.25,16.4,17.0,12.2,12.125,12.2,12.875,340.8,334.75,311.8,331.125,256.4,248.75,219.4,245.75,15.6,13.25,15.6,15.5,11.8,11.0,12.0,11.125,42.4,41.375,46.4,43.125,1.25,1.25,4.875,5.0,3.0,2.875,10.875,11.125,4.25,3.25,4.5,4.75,1.75,1.75,1.1666666666666667,1.1666666666666667,16.25,17.0,12.125,12.875,334.75,331.125,248.75,245.75,13.25,15.5,11.0,11.125,41.375,43.125,8
2026-03-16,m_1jmmXo,11,t_2RmaMX,Racing Club,LOCAL,0.6,1.1111111111111112,0.8,1.1111111111111112,4.8,4.777777777777778,5.4,4.777777777777778,3.6,3.111111111111111,2.4,2.7777777777777777,10.6,10.666666666666666,8.6,10.777777777777779,4.0,4.333333333333333,2.2,3.2222222222222223,4.4,4.444444444444445,3.6,4.555555555555555,1.0,1.5555555555555556,1.2,1.6666666666666667,0.75,1.0,0.5,1.1428571428571428,14.8,15.777777777777779,12.4,15.88888888888889,12.2,12.333333333333334,10.6,12.333333333333334,346.2,332.3333333333333,323.8,331.77777777777777,258.4,246.22222222222223,230.2,246.0,16.4,13.555555555555555,16.6,15.555555555555555,10.2,10.88888888888889,11.4,11.222222222222221,45.4,41.77777777777778,46.2,42.44444444444444,1.1111111111111112,1.1111111111111112,4.777777777777778,4.777777777777778,3.111111111111111,2.7777777777777777,10.666666666666666,10.777777777777779,4.333333333333333,3.2222222222222223,4.444444444444445,4.555555555555555,1.5555555555555556,1.6666666666666667,1.0,1.1428571428571428,15.777777777777779,15.88888888888889,12.333333333333334,12.333333333333334,332.3333333333333,331.77777777777777,246.22222222222223,246.0,13.555555555555555,15.555555555555555,10.88888888888889,11.222222222222221,41.77777777777778,42.44444444444444,9
2026-03-22,m_3rFQnJ,12,t_2RmaMX,Racing Club,VISITANTE,0.6,1.2,0.8,1.0,4.8,4.6,4.0,4.4,2.8,2.9,2.8,2.8,12.8,11.8,7.0,10.0,3.6,4.2,1.8,2.9,6.4,5.3,3.2,4.4,1.8,2.0,1.2,1.5,1.5,1.375,0.5,1.0,19.2,17.5,9.2,14.3,11.8,12.3,11.8,12.4,358.2,344.1,341.2,335.0,270.6,258.2,250.0,249.7,17.4,14.6,16.2,15.5,8.8,10.7,11.0,10.7,44.0,41.5,45.2,41.9,1.2,1.0,4.6,4.4,2.9,2.8,11.8,10.0,4.2,2.9,5.3,4.4,2.0,1.5,1.375,1.0,17.5,14.3,12.3,12.4,344.1,335.0,258.2,249.7,14.6,15.5,10.7,10.7,41.5,41.9,10
2026-04-04,m_3qEFO6,13,t_2RmaMX,Racing Club,VISITANTE,0.8,1.2,1.2,1.0,5.8,4.9,2.8,4.2,2.4,2.9,3.2,3.0,14.2,11.8,7.6,10.0,4.2,4.4,2.6,2.8,6.8,5.0,3.4,4.6,2.4,2.1,1.8,1.6,2.25,1.625,1.0,1.125,21.4,17.2,8.6,14.1,10.4,11.6,12.8,12.8,356.4,322.0,361.8,356.4,268.8,236.8,271.8,269.2,16.4,15.0,15.0,14.7,9.0,10.9,9.4,10.1,44.0,42.4,43.6,42.9,1.1818181818181819,1.0909090909090908,4.909090909090909,4.181818181818182,2.909090909090909,2.909090909090909,11.909090909090908,9.727272727272727,4.2727272727272725,3.0,5.181818181818182,4.2727272727272725,2.090909090909091,1.7272727272727273,1.5555555555555556,1.2222222222222223,18.09090909090909,14.0,11.909090909090908,12.818181818181818,344.1818181818182,342.09090909090907,257.90909090909093,255.45454545454547,14.363636363636363,15.636363636363637,10.545454545454545,10.363636363636363,42.45454545454545,42.36363636363637,11
2026-04-12,m_3RgxwY,14,t_2RmaMX,Racing Club,LOCAL,0.6,1.0,1.2,1.0,5.2,5.1,3.6,4.7,2.4,2.8,3.0,2.8,13.6,12.2,7.4,8.7,3.6,4.2,2.8,2.4,6.6,5.4,2.6,3.9,2.4,2.1,1.8,1.6,2.0,1.5555555555555556,0.8,1.0,23.0,18.2,11.0,13.2,11.6,12.0,12.4,12.1,335.4,330.2,342.0,333.8,241.4,243.4,252.6,245.2,18.2,16.0,14.6,14.8,8.6,10.3,8.6,10.0,44.8,43.4,42.2,43.3,1.0833333333333333,1.0833333333333333,4.833333333333333,4.333333333333333,2.9166666666666665,2.8333333333333335,11.75,9.583333333333334,4.0,3.0,5.25,4.0,2.0,1.6666666666666667,1.5,1.1,18.166666666666668,14.25,12.166666666666666,12.5,339.4166666666667,335.0833333333333,251.0,247.25,14.833333333333334,15.166666666666666,10.416666666666666,10.0,43.083333333333336,42.75,12
2026-04-19,m_3XlvKO,15,t_2RmaMX,Racing Club,VISITANTE,0.6,0.7,1.0,1.1,5.4,5.4,2.8,4.2,3.2,3.3,2.8,2.7,13.2,12.2,7.2,8.5,3.6,3.8,2.8,2.5,5.8,5.2,3.0,3.6,2.4,1.9,2.0,1.6,2.0,1.5555555555555556,1.2,0.7777777777777778,23.2,19.4,9.0,12.7,13.0,12.6,10.8,11.5,354.8,347.8,353.2,332.5,260.8,258.6,258.4,238.9,18.0,16.8,15.4,15.5,10.4,11.1,9.0,10.5,49.4,45.9,45.2,45.8,1.0,1.1538461538461537,5.076923076923077,4.153846153846154,3.076923076923077,2.8461538461538463,11.76923076923077,9.615384615384615,4.0,3.076923076923077,5.0,4.076923076923077,2.0,1.8461538461538463,1.5454545454545454,1.1818181818181819,18.923076923076923,13.923076923076923,12.461538461538462,12.076923076923077,342.46153846153845,339.61538461538464,253.3846153846154,250.6153846153846,15.076923076923077,15.461538461538462,10.76923076923077,10.307692307692308,44.46153846153846,43.92307692307692,13
2026-04-25,m_3vfFEs,16,t_2RmaMX,Racing Club,LOCAL,0.8,0.7,1.2,1.0,4.8,4.8,3.2,4.3,3.2,3.4,2.6,2.5,13.0,11.8,9.8,9.2,3.8,3.9,3.0,2.6,5.4,4.9,4.0,3.8,2.4,1.7,2.2,1.7,2.0,1.4444444444444444,1.2,0.8888888888888888,23.6,19.2,14.4,13.4,13.2,12.7,11.2,10.9,336.2,341.2,389.6,356.7,240.6,249.5,295.6,262.9,19.0,17.7,15.6,16.1,10.6,10.4,7.8,9.6,50.0,47.7,46.8,46.5,1.0,1.1428571428571428,4.785714285714286,4.214285714285714,3.142857142857143,2.7142857142857144,11.5,10.428571428571429,4.142857142857143,3.142857142857143,4.785714285714286,4.357142857142857,1.8571428571428572,1.8571428571428572,1.4166666666666667,1.1666666666666667,18.571428571428573,15.357142857142858,12.642857142857142,11.928571428571429,333.7142857142857,352.42857142857144,244.21428571428572,263.7142857142857,15.5,15.571428571428571,10.785714285714286,10.0,44.714285714285715,44.0,14
2026-05-03,m_4ODmAi,9,t_2RmaMX,Racing Club,LOCAL,0.6,0.6,1.4,1.1,4.8,4.8,3.4,3.7,3.6,3.2,2.2,2.5,12.0,12.4,10.2,8.6,3.8,3.7,3.2,2.5,4.6,5.5,3.8,3.5,1.4,1.6,2.2,1.7,1.4,1.4444444444444444,1.2,0.8888888888888888,20.2,19.7,15.6,12.4,12.4,12.1,10.8,11.3,320.4,339.3,392.2,366.7,225.8,248.2,295.8,272.9,16.8,17.1,16.4,16.3,10.8,9.8,8.8,9.9,51.6,47.8,49.4,47.3,1.0,1.1333333333333333,4.666666666666667,4.066666666666666,3.1333333333333333,2.6,11.866666666666667,10.066666666666666,4.066666666666666,3.0,5.066666666666666,4.2,1.8,1.7333333333333334,1.3846153846153846,1.0769230769230769,18.4,14.733333333333333,12.333333333333334,11.866666666666667,336.2,354.06666666666666,247.4,265.06666666666666,15.333333333333334,15.8,10.733333333333333,10.066666666666666,44.86666666666667,44.4,15
2026-05-10,m_3vjLig,1/8,t_2RmaMX,Racing Club,VISITANTE,0.4,0.6,1.0,1.1,3.4,4.6,4.2,3.5,3.4,2.9,1.6,2.4,10.4,12.3,10.6,9.1,3.0,3.6,2.6,2.6,4.4,5.6,4.0,3.7,0.8,1.6,1.6,1.7,0.8,1.4444444444444444,0.8,0.8888888888888888,16.6,19.0,17.4,13.0,13.0,11.7,10.4,11.6,301.0,328.7,394.6,378.2,199.6,234.2,293.0,282.4,18.8,17.6,16.6,15.8,10.8,9.9,9.8,9.6,51.2,47.6,50.8,47.2,0.9375,1.0625,4.4375,4.1875,3.0625,2.5,11.4375,10.0,3.875,2.875,4.9375,4.1875,1.6875,1.6875,1.2857142857142858,1.0714285714285714,17.625,15.0625,12.25,12.0625,330.6875,358.5,239.6875,267.1875,15.75,15.9375,10.625,10.1875,45.1875,45.0,16
2026-05-13,m_4SVLwu,1/4,t_2RmaMX,Racing Club,VISITANTE,0.6,0.6,0.8,1.0,3.4,4.3,3.2,3.4,3.8,3.1,1.6,2.3,10.0,11.8,11.6,9.5,3.2,3.4,2.8,2.8,4.2,5.4,4.8,3.7,1.0,1.7,1.6,1.7,0.8,1.4,1.0,0.9,15.0,19.0,18.2,14.6,13.6,12.6,8.8,10.6,321.4,328.4,414.4,378.2,222.8,232.1,312.2,282.4,18.6,18.4,17.4,16.0,12.2,10.4,10.4,9.5,54.0,49.4,53.8,48.0,0.9411764705882353,1.0,4.411764705882353,4.0,3.176470588235294,2.4705882352941178,11.235294117647058,10.176470588235293,3.764705882352941,2.9411764705882355,4.9411764705882355,4.235294117647059,1.7058823529411764,1.6470588235294117,1.2666666666666666,1.0666666666666667,17.235294117647058,15.411764705882353,12.588235294117647,11.411764705882353,334.11764705882354,358.4117647058824,242.7058823529412,266.3529411764706,15.941176470588236,15.823529411764707,10.941176470588236,10.117647058823529,46.294117647058826,46.0,17
2026-07-24,m_1P4GDL,1,t_2RmaMX,Racing Club,LOCAL,0.8,0.7,0.8,0.9,2.2,3.8,3.4,3.1,4.0,3.6,1.2,2.0,9.6,11.4,13.4,10.3,2.8,3.2,4.0,3.4,4.6,5.2,5.0,4.0,0.8,1.6,2.2,2.1,0.6,1.3,1.8,1.5,12.0,17.6,22.0,15.5,15.2,14.1,9.8,10.3,313.4,334.1,452.4,402.8,211.0,235.9,347.6,303.0,19.4,18.7,16.0,15.7,13.4,11.9,8.4,8.7,53.8,51.6,54.2,49.7,0.9444444444444444,1.0555555555555556,4.277777777777778,3.9444444444444446,3.3333333333333335,2.388888888888889,11.166666666666666,10.666666666666666,3.6666666666666665,3.3333333333333335,4.888888888888889,4.333333333333333,1.6666666666666667,1.9444444444444444,1.25,1.375,17.0,16.166666666666668,13.222222222222221,11.444444444444445,334.3888888888889,370.94444444444446,241.61111111111111,277.55555555555554,16.27777777777778,15.61111111111111,11.5,9.777777777777779,47.05555555555556,46.77777777777778,18
2026-07-29,m_1YnVax,2,t_2RmaMX,Racing Club,VISITANTE,0.8,0.8,1.0,1.1,2.6,3.7,3.2,3.2,3.8,3.5,1.2,1.9,9.8,11.4,12.8,11.3,2.6,3.2,4.6,3.8,4.8,5.1,4.6,4.3,1.4,1.9,2.4,2.3,1.0,1.5,2.0,1.6,13.0,18.3,20.8,17.6,14.6,13.9,9.8,10.5,344.0,340.1,448.4,419.0,240.8,240.7,341.4,318.5,17.8,18.4,16.0,15.8,13.6,12.1,10.0,8.9,54.6,52.3,56.4,51.6,0.9473684210526315,1.105263157894737,4.2105263157894735,3.9473684210526314,3.3157894736842106,2.3157894736842106,11.052631578947368,11.052631578947368,3.736842105263158,3.526315789473684,4.7894736842105265,4.421052631578948,1.736842105263158,2.0,1.2941176470588236,1.411764705882353,17.105263157894736,16.789473684210527,13.157894736842104,11.368421052631579,336.42105263157896,377.6842105263158,243.31578947368422,284.1578947368421,16.105263157894736,15.68421052631579,11.526315789473685,10.0,47.31578947368421,47.26315789473684,19
2026-08-01,m_0afzlB,3,t_2RmaMX,Racing Club,LOCAL,0.6,0.6,0.8,1.1,2.4,3.6,4.0,3.7,4.4,4.0,1.4,1.8,7.4,9.7,14.4,12.3,2.4,3.1,4.6,3.9,3.4,4.0,5.4,4.6,1.6,1.5,2.8,2.5,1.2,1.3,2.4,1.8,11.8,16.0,23.2,19.4,17.0,14.7,10.0,10.4,330.8,325.6,461.6,426.9,227.6,226.7,361.2,328.5,19.8,18.3,14.4,15.4,14.2,12.5,9.4,9.1,54.6,53.1,55.6,52.5,0.9,1.05,4.1,4.05,3.45,2.3,10.75,11.15,3.65,3.4,4.65,4.5,1.75,2.0,1.3333333333333333,1.4444444444444444,16.75,16.85,13.5,11.4,334.85,380.95,242.45,289.1,16.45,15.45,11.6,9.9,47.3,47.2,20
2026-08-09,m_3HhWIs,4,t_2RmaMX,Racing Club,VISITANTE,0.8,0.6,1.4,1.2,3.4,3.4,2.8,3.5,4.6,4.0,1.6,1.6,8.6,9.5,15.0,12.8,3.2,3.1,5.4,4.0,3.6,4.0,5.8,4.9,1.8,1.3,3.0,2.3,1.4,1.1,2.4,1.6,14.8,15.7,22.4,19.9,17.8,15.4,8.8,9.6,394.2,347.6,444.4,419.5,296.0,247.8,350.2,321.6,20.0,19.4,16.2,16.4,14.6,12.7,8.2,9.0,53.8,52.5,57.2,54.0,0.9047619047619048,1.1428571428571428,4.190476190476191,3.857142857142857,3.4285714285714284,2.2857142857142856,10.761904761904763,11.19047619047619,3.7142857142857144,3.4761904761904763,4.619047619047619,4.571428571428571,1.7142857142857142,2.0,1.3157894736842106,1.4210526315789473,16.952380952380953,16.80952380952381,13.571428571428571,11.285714285714286,345.8095238095238,378.95238095238096,253.0952380952381,286.95238095238096,16.761904761904763,16.0,11.571428571428571,9.714285714285714,47.23809523809524,47.904761904761905,21
2026-08-14,m_0M3QLL,5,t_2RmaMX,Racing Club,LOCAL,1.0,0.8,1.6,1.2,4.4,3.9,3.4,3.3,4.6,4.2,1.8,1.7,11.6,10.8,15.6,13.6,4.8,4.0,5.2,4.0,4.0,4.1,6.6,5.7,2.6,1.8,3.6,2.6,2.2,1.5,2.8,1.9,21.2,18.1,21.6,19.9,17.0,15.3,10.6,9.7,416.6,369.0,425.0,419.7,324.2,273.5,337.2,324.7,19.0,18.8,18.4,17.9,14.4,13.3,8.2,9.3,52.6,53.3,55.0,54.4,0.9545454545454546,1.1363636363636365,4.409090909090909,3.8636363636363638,3.5,2.3181818181818183,11.318181818181818,11.409090909090908,4.0,3.4545454545454546,4.7272727272727275,4.7727272727272725,1.9090909090909092,2.090909090909091,1.5,1.5,18.136363636363637,16.818181818181817,13.590909090909092,11.227272727272727,352.8636363636364,373.54545454545456,261.22727272727275,282.45454545454544,16.636363636363637,16.40909090909091,11.727272727272727,9.681818181818182,47.72727272727273,48.04545454545455,22
2026-08-24,m_0kNt0b,6,t_2RmaMX,Racing Club,LOCAL,0.8,0.8,1.4,1.1,5.2,3.7,3.0,3.2,3.8,3.9,2.0,1.6,14.2,11.9,13.0,13.2,4.8,3.8,3.6,3.8,6.6,5.6,5.8,5.4,2.8,1.8,2.4,2.3,2.4,1.5,1.6,1.7,25.4,18.7,17.4,19.7,14.0,14.6,10.4,10.1,486.2,399.8,338.8,395.6,402.8,306.9,258.0,302.8,18.2,18.8,21.0,18.5,11.0,12.2,9.6,9.0,50.0,51.9,49.6,51.9,0.9130434782608695,1.1304347826086956,4.478260869565218,3.739130434782609,3.4347826086956523,2.3043478260869565,11.826086956521738,11.173913043478262,3.9130434782608696,3.391304347826087,5.260869565217392,4.6521739130434785,1.9130434782608696,2.0434782608695654,1.5238095238095237,1.4285714285714286,18.82608695652174,16.434782608695652,13.391304347826088,11.217391304347826,367.39130434782606,363.95652173913044,276.6521739130435,273.30434782608694,16.695652173913043,16.782608695652176,11.391304347826088,9.73913043478261,47.69565217391305,47.391304347826086,23
2026-08-31,m_3p9B98,7,t_2RmaMX,Racing Club,VISITANTE,0.8,0.8,1.2,1.1,5.6,4.1,2.4,2.8,3.8,3.8,2.2,1.7,15.2,12.5,12.4,12.6,4.8,3.7,2.6,3.6,7.2,6.0,6.6,5.6,2.4,1.9,2.2,2.3,2.0,1.5,1.4,1.7,25.0,19.0,14.4,17.6,13.8,14.2,10.2,10.0,505.4,424.7,319.6,384.0,422.4,331.6,244.6,293.0,20.0,18.9,20.4,18.2,10.0,11.8,9.2,9.6,47.4,51.0,48.8,52.6,0.9166666666666666,1.125,4.5,3.625,3.4166666666666665,2.2916666666666665,11.916666666666666,11.333333333333334,3.9583333333333335,3.3333333333333335,5.291666666666667,4.875,1.875,2.0416666666666665,1.4545454545454546,1.4090909090909092,18.75,16.291666666666668,13.291666666666666,11.125,371.625,365.5833333333333,280.625,275.9166666666667,16.916666666666668,16.666666666666668,11.208333333333334,9.833333333333334,47.333333333333336,47.583333333333336,24
2026-09-07,m_3Sp87a,8,t_2RmaMX,Racing Club,LOCAL,1.4,1.0,1.4,1.1,5.8,4.1,2.2,3.1,3.2,3.8,2.2,1.8,17.8,12.6,12.0,13.2,6.2,4.3,3.2,3.9,7.6,5.5,6.4,5.9,2.8,2.2,2.2,2.5,2.0,1.6,1.4,1.9,27.2,19.5,13.6,18.4,12.8,14.9,10.2,10.1,503.0,416.9,311.2,386.4,417.8,322.7,229.6,295.4,17.8,18.8,21.6,18.0,10.0,12.1,10.2,9.8,48.2,51.4,49.4,52.5,1.0,1.12,4.44,3.68,3.4,2.28,12.16,11.32,4.16,3.36,5.24,4.88,1.96,2.04,1.4782608695652173,1.434782608695652,18.84,16.2,13.36,11.16,368.48,367.0,277.52,277.2,16.72,16.68,11.28,9.96,47.48,47.64,25
2026-09-14,m_1jSOwn,9,t_2RmaMX,Racing Club,VISITANTE,1.4,1.1,1.2,1.3,5.2,4.3,2.8,2.8,3.0,3.8,2.0,1.8,19.4,14.0,12.0,13.5,6.0,4.6,3.4,4.4,8.6,6.1,5.8,5.8,2.8,2.3,2.2,2.6,1.8,1.6,1.4,1.9,29.6,22.2,13.4,17.9,11.4,14.6,10.8,9.8,527.6,460.9,290.4,367.4,442.8,369.4,205.8,278.0,16.2,18.1,19.8,18.0,9.8,12.2,11.4,9.8,49.2,51.5,46.6,51.9,1.0,1.1538461538461537,4.384615384615385,3.6538461538461537,3.3461538461538463,2.230769230769231,12.423076923076923,11.346153846153847,4.153846153846154,3.4615384615384617,5.384615384615385,4.8076923076923075,1.9230769230769231,2.0384615384615383,1.4166666666666667,1.4166666666666667,19.384615384615383,16.153846153846153,13.153846153846153,11.192307692307692,380.7692307692308,361.9230769230769,289.5769230769231,271.34615384615387,16.653846153846153,16.73076923076923,11.23076923076923,10.038461538461538,47.61538461538461,47.65384615384615,26
2026-09-14,m_3n69Oa,Clausura - Round 9,t_2RmaMX,Racing Club,VISITANTE,1.2,1.1,1.4,1.5,4.4,4.4,2.6,3.0,2.6,3.6,1.8,1.8,18.0,14.8,13.0,14.3,5.8,5.3,4.0,4.6,8.2,6.1,6.0,6.3,1.6,2.1,2.2,2.9,0.8,1.5,1.2,2.0,29.2,25.2,16.0,18.8,10.6,13.8,11.0,10.8,524.6,470.6,303.2,364.1,434.0,379.1,215.4,276.3,18.0,18.5,18.6,18.5,9.4,11.9,11.6,9.9,47.6,50.1,49.8,52.4,1.0,1.1851851851851851,4.407407407407407,3.6296296296296298,3.3333333333333335,2.2222222222222223,12.555555555555555,11.703703703703704,4.333333333333333,3.5555555555555554,5.37037037037037,5.0,1.8518518518518519,2.111111111111111,1.36,1.44,20.185185185185187,16.666666666666668,13.037037037037036,11.185185185185185,384.6666666666667,360.51851851851853,293.22222222222223,270.037037037037,16.88888888888889,16.814814814814813,11.296296296296296,10.037037037037036,47.7037037037037,48.370370370370374,27
2026-01-22,m_3Ky5pe,1,t_2Swqmw,Club Atlético Platense,VISITANTE,,,,,,,,,,,,,,,,,,,,,,,,,,,,,,,,,,,,,,,,,,,,,,,,,,,,,,,,,,,,,,,,,,,,,,,,,,,,,,,,,,,,,,,,,,,0
2026-01-26,m_1tV17s,2,t_2Swqmw,Club Atlético Platense,LOCAL,0.0,0.0,0.0,0.0,4.0,4.0,3.0,3.0,1.0,1.0,2.0,2.0,13.0,13.0,19.0,19.0,5.0,5.0,3.0,3.0,5.0,5.0,9.0,9.0,0.0,0.0,2.0,2.0,0.0,0.0,2.0,2.0,15.0,15.0,15.0,15.0,7.0,7.0,11.0,11.0,393.0,393.0,424.0,424.0,276.0,276.0,316.0,316.0,18.0,18.0,18.0,18.0,7.0,7.0,10.0,10.0,63.0,63.0,53.0,53.0,0.0,0.0,4.0,3.0,1.0,2.0,13.0,19.0,5.0,3.0,5.0,9.0,0.0,2.0,0.0,2.0,15.0,15.0,7.0,11.0,393.0,424.0,276.0,316.0,18.0,18.0,7.0,10.0,63.0,53.0,1
2026-02-01,m_2citFn,3,t_2Swqmw,Club Atlético Platense,VISITANTE,0.5,0.5,1.0,1.0,3.0,3.0,3.0,3.0,1.5,1.5,2.0,2.0,11.5,11.5,14.5,14.5,5.0,5.0,4.0,4.0,4.0,4.0,6.5,6.5,2.0,2.0,2.5,2.5,1.5,1.5,1.5,1.5,17.5,17.5,12.5,12.5,10.0,10.0,11.5,11.5,393.5,393.5,373.5,373.5,285.0,285.0,275.0,275.0,16.5,16.5,16.0,16.0,4.5,4.5,10.0,10.0,55.5,55.5,54.5,54.5,0.5,1.0,3.0,3.0,1.5,2.0,11.5,14.5,5.0,4.0,4.0,6.5,2.0,2.5,1.5,1.5,17.5,12.5,10.0,11.5,393.5,373.5,285.0,275.0,16.5,16.0,4.5,10.0,55.5,54.5,2
2026-02-08,m_4FfDiT,4,t_2Swqmw,Club Atlético Platense,LOCAL,1.0,1.0,1.0,1.0,2.6666666666666665,2.6666666666666665,4.0,4.0,2.3333333333333335,2.3333333333333335,2.0,2.0,9.333333333333334,9.333333333333334,13.666666666666666,13.666666666666666,4.0,4.0,3.3333333333333335,3.3333333333333335,3.3333333333333335,3.3333333333333335,6.666666666666667,6.666666666666667,1.6666666666666667,1.6666666666666667,1.6666666666666667,1.6666666666666667,1.5,1.5,1.5,1.5,14.333333333333334,14.333333333333334,17.666666666666668,17.666666666666668,10.0,10.0,12.0,12.0,363.3333333333333,363.3333333333333,396.6666666666667,396.6666666666667,263.6666666666667,263.6666666666667,298.3333333333333,298.3333333333333,14.0,14.0,20.0,20.0,8.333333333333334,8.333333333333334,9.333333333333334,9.333333333333334,53.666666666666664,53.666666666666664,51.666666666666664,51.666666666666664,1.0,1.0,2.6666666666666665,4.0,2.3333333333333335,2.0,9.333333333333334,13.666666666666666,4.0,3.3333333333333335,3.3333333333333335,6.666666666666667,1.6666666666666667,1.6666666666666667,1.5,1.5,14.333333333333334,17.666666666666668,10.0,12.0,363.3333333333333,396.6666666666667,263.6666666666667,298.3333333333333,14.0,20.0,8.333333333333334,9.333333333333334,53.666666666666664,51.666666666666664,3
2026-02-15,m_31Xzsf,5,t_2Swqmw,Club Atlético Platense,VISITANTE,1.0,1.0,0.75,0.75,2.25,2.25,4.0,4.0,2.75,2.75,1.5,1.5,9.5,9.5,11.5,11.5,4.25,4.25,2.75,2.75,3.25,3.25,5.75,5.75,2.0,2.0,1.25,1.25,1.6666666666666667,1.6666666666666667,1.0,1.0,14.25,14.25,16.0,16.0,9.75,9.75,12.0,12.0,348.75,348.75,377.0,377.0,249.5,249.5,275.25,275.25,13.5,13.5,20.25,20.25,8.25,8.25,9.0,9.0,53.0,53.0,54.0,54.0,1.0,0.75,2.25,4.0,2.75,1.5,9.5,11.5,4.25,2.75,3.25,5.75,2.0,1.25,1.6666666666666667,1.0,14.25,16.0,9.75,12.0,348.75,377.0,249.5,275.25,13.5,20.25,8.25,9.0,53.0,54.0,4
2026-02-21,m_13pMsz,6,t_2Swqmw,Club Atlético Platense,LOCAL,0.8,0.8,0.6,0.6,2.2,2.2,3.4,3.4,2.4,2.4,1.4,1.4,10.4,10.4,11.2,11.2,3.6,3.6,2.8,2.8,4.6,4.6,5.6,5.6,1.6,1.6,1.6,1.6,1.25,1.25,1.5,1.5,12.8,12.8,15.6,15.6,10.2,10.2,10.8,10.8,338.8,338.8,406.4,406.4,241.6,241.6,305.2,305.2,15.2,15.2,20.6,20.6,8.4,8.4,9.6,9.6,54.8,54.8,54.8,54.8,0.8,0.6,2.2,3.4,2.4,1.4,10.4,11.2,3.6,2.8,4.6,5.6,1.6,1.6,1.25,1.5,12.8,15.6,10.2,10.8,338.8,406.4,241.6,305.2,15.2,20.6,8.4,9.6,54.8,54.8,5
2026-02-24,m_1pWCHs,7,t_2Swqmw,Club Atlético Platense,LOCAL,0.8,0.6666666666666666,0.8,0.6666666666666666,1.6,2.0,3.6,3.5,2.4,2.1666666666666665,1.8,1.8333333333333333,9.0,9.666666666666666,10.2,11.666666666666666,3.2,3.5,3.6,3.5,4.0,4.166666666666667,4.8,5.5,1.6,1.3333333333333333,1.8,1.8333333333333333,1.25,1.0,1.5,1.6,12.0,12.5,17.8,17.333333333333332,12.2,11.333333333333334,11.8,11.666666666666666,318.2,330.6666666666667,423.2,423.3333333333333,226.0,234.33333333333334,328.0,326.0,14.6,15.166666666666666,20.6,20.166666666666668,8.6,8.333333333333334,9.2,9.333333333333334,54.4,55.833333333333336,55.4,55.0,0.6666666666666666,0.6666666666666666,2.0,3.5,2.1666666666666665,1.8333333333333333,9.666666666666666,11.666666666666666,3.5,3.5,4.166666666666667,5.5,1.3333333333333333,1.8333333333333333,1.0,1.6,12.5,17.333333333333332,11.333333333333334,11.666666666666666,330.6666666666667,423.3333333333333,234.33333333333334,326.0,15.166666666666666,20.166666666666668,8.333333333333334,9.333333333333334,55.833333333333336,55.0,6
2026-03-02,m_2hRZh7,8,t_2Swqmw,Club Atlético Platense,VISITANTE,0.6,0.5714285714285714,0.4,0.5714285714285714,1.8,2.142857142857143,4.0,3.7142857142857144,2.4,2.142857142857143,1.8,1.8571428571428572,8.8,9.571428571428571,10.2,11.428571428571429,2.6,3.2857142857142856,2.8,3.142857142857143,4.4,4.285714285714286,4.8,5.285714285714286,1.2,1.4285714285714286,1.4,1.7142857142857142,1.0,1.1666666666666667,1.5,1.5,10.2,12.285714285714286,19.4,17.428571428571427,11.0,10.714285714285714,10.8,11.0,317.4,339.14285714285717,430.0,413.85714285714283,232.0,247.14285714285714,338.6,320.42857142857144,16.0,16.142857142857142,20.6,19.285714285714285,8.6,7.428571428571429,9.0,9.285714285714286,55.4,55.42857142857143,54.8,54.714285714285715,0.5714285714285714,0.5714285714285714,2.142857142857143,3.7142857142857144,2.142857142857143,1.8571428571428572,9.571428571428571,11.428571428571429,3.2857142857142856,3.142857142857143,4.285714285714286,5.285714285714286,1.4285714285714286,1.7142857142857142,1.1666666666666667,1.5,12.285714285714286,17.428571428571427,10.714285714285714,11.0,339.14285714285717,413.85714285714283,247.14285714285714,320.42857142857144,16.142857142857142,19.285714285714285,7.428571428571429,9.285714285714286,55.42857142857143,54.714285714285715,7
2026-03-11,m_0njgmB,10,t_2Swqmw,Club Atlético Platense,VISITANTE,0.2,0.5,0.2,0.5,2.6,2.625,3.6,3.75,2.4,2.375,1.8,1.875,9.4,9.375,9.6,11.125,3.0,3.375,3.0,3.125,4.2,3.875,4.4,5.25,1.8,1.75,1.6,1.625,1.6,1.5714285714285714,1.4,1.4285714285714286,11.6,12.625,16.4,16.875,11.8,11.125,10.6,11.125,310.4,330.25,419.6,411.0,220.8,236.875,328.2,317.0,16.0,15.25,18.4,19.0,8.0,8.125,10.0,9.75,57.8,56.25,58.8,56.125,0.5,0.5,2.625,3.75,2.375,1.875,9.375,11.125,3.375,3.125,3.875,5.25,1.75,1.625,1.5714285714285714,1.4285714285714286,12.625,16.875,11.125,11.125,330.25,411.0,236.875,317.0,15.25,19.0,8.125,9.75,56.25,56.125,8
2026-03-14,m_3WrGF3,11,t_2Swqmw,Club Atlético Platense,LOCAL,0.2,0.5555555555555556,0.4,0.5555555555555556,3.4,2.888888888888889,4.0,4.0,2.4,2.5555555555555554,2.2,1.8888888888888888,8.6,9.0,12.4,12.0,2.6,3.3333333333333335,4.2,3.5555555555555554,3.8,3.5555555555555554,5.8,5.777777777777778,1.6,1.7777777777777777,2.4,1.8888888888888888,1.6,1.625,2.0,1.625,11.8,12.88888888888889,20.8,18.666666666666668,13.4,11.777777777777779,11.0,11.444444444444445,297.4,320.22222222222223,443.6,414.0,211.6,228.44444444444446,355.6,319.8888888888889,19.2,16.666666666666668,16.4,18.11111111111111,8.4,8.333333333333334,10.2,9.666666666666666,58.6,56.111111111111114,57.4,55.888888888888886,0.5555555555555556,0.5555555555555556,2.888888888888889,4.0,2.5555555555555554,1.8888888888888888,9.0,12.0,3.3333333333333335,3.5555555555555554,3.5555555555555554,5.777777777777778,1.7777777777777777,1.8888888888888888,1.625,1.625,12.88888888888889,18.666666666666668,11.777777777777779,11.444444444444445,320.22222222222223,414.0,228.44444444444446,319.8888888888889,16.666666666666668,18.11111111111111,8.333333333333334,9.666666666666666,56.111111111111114,55.888888888888886,9
2026-03-23,m_1Y4U8l,12,t_2Swqmw,Club Atlético Platense,VISITANTE,0.2,0.5,0.8,0.7,3.8,3.0,5.2,4.3,2.4,2.4,2.6,2.0,8.6,9.5,13.2,12.2,3.2,3.4,4.8,3.8,3.0,3.8,6.2,5.9,1.8,1.7,2.4,2.0,1.8,1.5555555555555556,2.0,1.7777777777777777,14.2,13.5,20.6,18.1,13.2,11.7,11.6,11.2,313.4,326.1,413.0,409.7,227.0,234.3,323.6,314.4,17.6,16.4,17.6,19.1,10.2,9.3,10.2,9.9,58.2,56.5,59.4,57.1,0.5,0.7,3.0,4.3,2.4,2.0,9.5,12.2,3.4,3.8,3.8,5.9,1.7,2.0,1.5555555555555556,1.7777777777777777,13.5,18.1,11.7,11.2,326.1,409.7,234.3,314.4,16.4,19.1,9.3,9.9,56.5,57.1,10
2026-04-01,m_4fH8lA,13,t_2Swqmw,Club Atlético Platense,VISITANTE,0.4,0.6,0.6,0.7,4.4,3.0,5.0,4.3,2.6,2.5,2.8,2.3,11.8,10.4,12.2,11.2,3.4,3.3,3.6,3.6,4.8,4.4,6.0,5.4,2.0,1.8,2.0,1.9,1.8,1.5555555555555556,1.8,1.6666666666666667,16.2,14.1,17.2,17.5,12.4,12.3,11.2,11.5,352.4,335.3,355.0,389.1,263.4,244.7,261.0,294.5,18.0,16.3,19.4,20.0,9.6,9.1,10.6,9.9,57.0,55.7,56.4,55.9,0.5454545454545454,0.6363636363636364,3.090909090909091,4.181818181818182,2.3636363636363638,2.272727272727273,10.636363636363637,11.909090909090908,3.4545454545454546,3.5454545454545454,4.454545454545454,5.7272727272727275,1.6363636363636365,1.9090909090909092,1.4,1.7,14.181818181818182,17.272727272727273,11.818181818181818,11.454545454545455,340.54545454545456,392.27272727272725,247.54545454545453,296.45454545454544,16.454545454545453,19.818181818181817,8.909090909090908,9.909090909090908,56.36363636363637,55.63636363636363,11
2026-04-12,m_4TG70M,14,t_2Swqmw,Club Atlético Platense,LOCAL,0.4,0.5,0.6,0.5,4.2,3.0,4.2,4.1,2.6,2.5,2.6,2.2,10.6,9.7,12.6,11.4,3.0,2.8,3.6,3.2,4.0,4.2,6.4,5.6,1.6,1.4,2.0,1.7,1.4,1.2222222222222223,1.8,1.6666666666666667,14.8,12.5,17.4,18.4,13.2,12.1,11.0,10.9,348.6,333.0,388.6,409.3,257.0,244.5,292.2,315.4,17.6,16.8,19.4,20.0,11.6,10.1,10.6,9.8,57.2,56.3,56.2,55.5,0.5,0.5833333333333334,3.0,3.9166666666666665,2.3333333333333335,2.1666666666666665,10.0,11.916666666666666,3.1666666666666665,3.3333333333333335,4.166666666666667,5.75,1.5,1.8333333333333333,1.2727272727272727,1.6363636363636365,13.333333333333334,17.416666666666668,11.75,11.0,343.0833333333333,403.3333333333333,251.25,308.6666666666667,16.75,19.333333333333332,9.166666666666666,9.833333333333334,56.166666666666664,55.333333333333336,12
2026-04-20,m_3YFLQO,15,t_2Swqmw,Club Atlético Platense,VISITANTE,0.6,0.4,0.8,0.5,3.4,3.0,4.4,4.0,2.0,2.2,2.8,2.3,10.6,10.0,13.2,11.4,3.2,3.1,3.8,3.4,4.2,4.2,6.6,5.5,1.2,1.5,1.8,1.7,0.8,1.2,1.6,1.5,14.2,12.9,19.8,18.1,13.4,12.6,11.0,10.8,369.4,339.9,391.2,405.4,277.8,249.3,295.4,311.8,22.4,19.2,21.4,19.9,11.2,9.6,10.4,10.2,55.6,56.7,58.0,58.4,0.5384615384615384,0.6153846153846154,2.923076923076923,4.0,2.230769230769231,2.230769230769231,9.846153846153847,11.923076923076923,3.3076923076923075,3.3846153846153846,4.0,5.769230769230769,1.5384615384615385,1.6923076923076923,1.25,1.5,13.23076923076923,18.0,12.0,11.076923076923077,345.3076923076923,403.38461538461536,252.6153846153846,308.6923076923077,18.0,19.923076923076923,9.307692307692308,10.0,56.0,56.84615384615385,13
2026-04-25,m_41mY2k,16,t_2Swqmw,Club Atlético Platense,LOCAL,1.0,0.6,1.4,0.9,3.8,3.6,3.8,3.9,1.6,2.0,3.4,2.8,13.2,10.9,11.4,11.9,4.0,3.3,3.2,3.7,5.8,4.8,5.0,5.4,1.4,1.5,1.2,1.8,0.6,1.1,1.0,1.5,16.2,14.0,17.2,19.0,11.4,12.4,10.6,10.8,424.8,361.1,344.8,394.2,331.8,271.7,254.4,305.0,20.4,19.8,23.2,19.8,10.2,9.3,11.2,10.7,53.8,56.2,55.4,56.4,0.7142857142857143,0.8571428571428571,3.2142857142857144,3.9285714285714284,2.2142857142857144,2.4285714285714284,10.5,11.785714285714286,3.5714285714285716,3.4285714285714284,4.357142857142857,5.5,1.6428571428571428,1.6428571428571428,1.2307692307692308,1.3846153846153846,14.071428571428571,18.142857142857142,11.642857142857142,11.142857142857142,357.57142857142856,389.2857142857143,265.35714285714283,296.5,18.0,19.928571428571427,9.0,10.214285714285714,55.285714285714285,55.714285714285715,14
2026-05-03,m_3MBuhd,9,t_2Swqmw,Club Atlético Platense,LOCAL,1.0,0.6,1.2,1.0,4.6,4.2,3.2,4.2,1.8,2.1,3.4,3.0,15.0,11.8,10.6,11.9,4.4,3.8,3.2,4.0,6.2,4.6,4.2,5.2,1.6,1.7,0.8,1.6,0.8,1.3,0.6,1.3,20.0,17.1,17.2,18.9,12.4,12.8,10.8,11.2,430.2,371.8,334.6,373.8,337.6,282.3,248.0,285.8,19.6,18.6,21.8,19.7,8.2,9.2,12.2,11.2,54.8,56.5,55.0,57.2,0.6666666666666666,0.8666666666666667,3.533333333333333,3.933333333333333,2.2,2.466666666666667,11.333333333333334,11.666666666666666,3.7333333333333334,3.6,4.6,5.333333333333333,1.6666666666666667,1.6,1.2857142857142858,1.3571428571428572,15.666666666666666,17.8,11.933333333333334,11.066666666666666,360.8,384.6666666666667,268.73333333333335,292.26666666666665,17.466666666666665,20.0,8.933333333333334,10.666666666666666,55.93333333333333,56.4,15
2026-07-25,m_3A4OqU,1,t_2Swqmw,Club Atlético Platense,LOCAL,1.2,0.8,1.2,0.9,4.8,4.6,4.0,4.5,1.6,2.1,2.6,2.7,13.8,12.8,12.4,12.3,5.2,4.3,4.4,4.0,5.2,5.0,5.2,5.6,2.0,2.0,1.2,1.6,1.0,1.4,1.0,1.4,19.4,17.8,19.6,18.4,12.2,12.3,10.0,10.6,399.6,376.0,361.2,358.1,312.2,287.8,278.4,269.7,18.4,18.2,19.4,19.4,9.2,9.4,11.0,10.8,55.6,56.3,58.2,57.3,0.75,0.8125,3.625,4.125,2.125,2.375,11.625,12.0625,4.0,3.8125,4.6875,5.5625,1.75,1.6875,1.2666666666666666,1.4666666666666666,15.8125,18.0,11.9375,11.0,359.0,382.5625,267.75,290.8125,17.0625,19.6875,9.0,10.25,56.125,56.4375,16
2026-07-30,m_1WfN4f,2,t_2Swqmw,Club Atlético Platense,VISITANTE,1.6,1.0,1.6,1.1,4.8,4.5,5.0,4.6,1.6,2.1,3.0,2.8,15.2,12.9,13.2,12.9,5.8,4.4,5.2,4.4,6.0,5.0,5.2,5.8,2.4,2.0,1.2,1.6,1.2,1.3,1.0,1.4,22.2,18.5,20.6,19.0,13.0,13.1,11.2,11.1,393.2,370.9,344.8,366.7,302.0,279.5,260.4,276.3,18.2,17.9,18.8,19.1,9.2,10.4,10.6,10.6,55.0,56.1,58.2,57.2,0.8235294117647058,0.8823529411764706,3.5294117647058822,4.235294117647059,2.1176470588235294,2.411764705882353,11.529411764705882,12.294117647058824,3.9411764705882355,3.8823529411764706,4.705882352941177,5.588235294117647,1.7647058823529411,1.6470588235294117,1.25,1.4375,15.941176470588236,18.352941176470587,12.117647058823529,11.058823529411764,357.8235294117647,386.11764705882354,266.1764705882353,294.47058823529414,17.176470588235293,19.176470588235293,9.176470588235293,10.058823529411764,55.8235294117647,56.1764705882353,17
2026-08-09,m_11WoiN,4,t_2Swqmw,Club Atlético Platense,VISITANTE,1.8,1.2,1.6,1.2,5.4,4.4,4.8,4.6,1.8,1.9,2.8,2.8,16.8,13.7,13.8,13.5,6.0,4.6,5.0,4.4,7.0,5.6,5.2,5.9,2.6,1.9,1.2,1.5,1.4,1.1,1.0,1.3,24.6,19.4,17.8,18.8,13.6,13.5,11.2,11.1,392.8,381.1,351.4,371.3,305.0,291.4,270.4,282.9,13.2,17.8,17.0,19.2,9.0,10.1,11.6,11.0,55.6,55.6,54.8,56.4,0.8888888888888888,0.8888888888888888,3.611111111111111,4.222222222222222,2.111111111111111,2.388888888888889,11.777777777777779,12.444444444444445,4.055555555555555,3.8333333333333335,4.833333333333333,5.611111111111111,1.8333333333333333,1.5555555555555556,1.2941176470588236,1.3529411764705883,16.38888888888889,17.944444444444443,12.444444444444445,11.11111111111111,358.5,388.94444444444446,267.1666666666667,298.05555555555554,16.666666666666668,19.11111111111111,9.222222222222221,10.444444444444445,55.888888888888886,56.27777777777778,18
2026-08-16,m_07PgTk,5,t_2Swqmw,Club Atlético Platense,LOCAL,1.4,1.2,0.8,1.1,4.2,4.0,6.8,5.3,1.8,1.7,2.2,2.8,14.6,13.9,15.6,13.5,5.0,4.5,5.2,4.2,6.4,6.1,6.8,5.9,2.2,1.8,1.2,1.2,1.2,0.9,1.2,1.1,20.8,18.5,22.8,20.0,15.6,13.5,11.2,10.9,344.0,384.4,412.0,378.4,253.2,292.5,322.8,288.6,17.2,18.8,17.4,20.3,11.8,11.0,11.0,11.1,61.4,57.6,60.4,57.9,0.8947368421052632,0.8421052631578947,3.473684210526316,4.684210526315789,2.1052631578947367,2.3684210526315788,11.578947368421053,12.789473684210526,3.9473684210526314,3.8947368421052633,4.894736842105263,5.842105263157895,1.7894736842105263,1.5263157894736843,1.2222222222222223,1.3333333333333333,15.842105263157896,19.36842105263158,12.68421052631579,11.157894736842104,354.0,395.2631578947368,262.1578947368421,303.42105263157896,17.789473684210527,19.263157894736842,9.736842105263158,10.421052631578947,56.89473684210526,56.94736842105263,19
2026-08-23,m_4IdcNi,6,t_2Swqmw,Club Atlético Platense,VISITANTE,1.6,1.3,0.8,1.0,4.0,4.3,6.6,4.9,1.8,1.8,1.8,2.6,12.8,13.9,16.2,13.4,4.6,4.5,5.6,4.4,5.8,6.0,7.2,5.7,2.6,2.1,1.2,1.0,1.4,1.1,1.0,0.8,19.0,19.5,23.6,20.4,15.2,13.8,11.4,11.1,378.0,404.1,413.0,373.8,287.0,312.3,323.6,285.8,18.4,19.0,16.2,19.0,12.0,10.1,10.8,11.5,60.0,57.4,58.0,56.5,0.9,0.85,3.65,4.6,2.1,2.3,11.7,12.8,3.95,4.1,4.9,5.8,1.9,1.5,1.3157894736842106,1.263157894736842,16.5,19.25,12.75,11.15,365.1,391.75,273.3,300.1,17.7,19.05,9.7,10.7,56.95,56.8,20
2026-08-31,m_300q44,7,t_2Swqmw,Club Atlético Platense,VISITANTE,1.6,1.4,1.0,1.1,3.8,4.3,6.0,5.0,1.8,1.7,2.4,2.5,13.4,13.6,14.8,13.6,4.6,4.9,5.4,4.9,6.2,5.7,6.2,5.7,3.2,2.6,1.2,1.2,2.0,1.5,0.8,0.9,21.8,20.6,23.4,21.5,14.8,13.5,13.0,11.5,392.2,395.9,409.0,385.1,299.8,306.0,317.6,298.0,20.4,19.4,16.8,18.1,11.8,10.5,12.0,11.5,59.8,57.7,59.4,58.8,0.9523809523809523,0.8571428571428571,3.6666666666666665,4.571428571428571,2.0476190476190474,2.380952380952381,12.047619047619047,12.714285714285714,4.142857142857143,4.190476190476191,5.0476190476190474,5.714285714285714,2.0952380952380953,1.5714285714285714,1.45,1.3,17.238095238095237,19.285714285714285,12.619047619047619,11.476190476190476,366.9047619047619,388.85714285714283,275.3809523809524,297.1904761904762,17.857142857142858,19.0,9.666666666666666,10.666666666666666,57.0,57.142857142857146,21
2026-09-04,m_08AJGA,8,t_2Swqmw,Club Atlético Platense,LOCAL,1.4,1.5,0.6,1.1,4.6,4.7,6.2,5.6,2.0,1.8,2.6,2.8,13.4,14.3,14.4,13.8,4.6,5.2,5.0,5.1,6.4,6.2,7.0,6.1,3.8,3.1,1.2,1.2,2.6,1.9,0.8,0.9,21.8,22.0,23.8,22.2,14.0,13.5,13.6,12.4,406.0,399.6,382.2,363.5,317.2,309.6,293.4,276.9,21.8,20.0,17.6,18.2,11.8,10.5,13.4,12.0,60.2,57.6,60.4,59.3,0.9545454545454546,0.8181818181818182,3.772727272727273,4.681818181818182,2.090909090909091,2.4545454545454546,11.954545454545455,12.772727272727273,4.090909090909091,4.136363636363637,5.090909090909091,5.909090909090909,2.227272727272727,1.5454545454545454,1.5714285714285714,1.2857142857142858,17.272727272727273,19.59090909090909,12.545454545454545,11.636363636363637,368.77272727272725,385.22727272727275,277.77272727272725,294.22727272727275,18.227272727272727,18.818181818181817,9.772727272727273,10.818181818181818,56.81818181818182,57.13636363636363,22
2026-09-12,m_2iSmoq,9,t_2Swqmw,Club Atlético Platense,VISITANTE,1.2,1.5,0.6,1.1,4.2,4.8,6.0,5.4,2.4,2.1,2.4,2.6,11.4,14.1,13.4,13.6,4.2,5.1,5.0,5.0,5.0,6.0,6.8,6.0,3.4,3.0,1.4,1.3,2.75,2.0,1.0,1.0,21.0,22.8,24.6,21.2,14.6,14.1,12.6,11.9,382.6,387.7,387.8,369.6,286.2,295.6,292.0,281.2,24.4,18.8,15.8,16.4,12.0,10.5,13.0,12.3,61.8,58.7,62.4,58.6,0.9565217391304348,0.8260869565217391,3.739130434782609,4.608695652173913,2.1739130434782608,2.391304347826087,11.695652173913043,12.652173913043478,4.086956521739131,4.086956521739131,4.869565217391305,5.869565217391305,2.1739130434782608,1.5217391304347827,1.5714285714285714,1.2857142857142858,17.391304347826086,19.391304347826086,12.91304347826087,11.434782608695652,363.7391304347826,388.69565217391306,271.30434782608694,296.7391304347826,18.347826086956523,18.391304347826086,9.826086956521738,11.0,57.17391304347826,57.608695652173914,23
2026-01-23,m_1JjKsV,1,t_2eRs85,Vélez Sarsfield,VISITANTE,,,,,,,,,,,,,,,,,,,,,,,,,,,,,,,,,,,,,,,,,,,,,,,,,,,,,,,,,,,,,,,,,,,,,,,,,,,,,,,,,,,,,,,,,,,0
2026-01-27,m_45TuR8,2,t_2eRs85,Vélez Sarsfield,LOCAL,1.0,1.0,0.0,0.0,2.0,2.0,4.0,4.0,5.0,5.0,3.0,3.0,7.0,7.0,13.0,13.0,3.0,3.0,5.0,5.0,3.0,3.0,5.0,5.0,,,,,,,,,9.0,9.0,20.0,20.0,16.0,16.0,10.0,10.0,375.0,375.0,320.0,320.0,281.0,281.0,228.0,228.0,8.0,8.0,20.0,20.0,14.0,14.0,11.0,11.0,54.0,54.0,45.0,45.0,1.0,0.0,2.0,4.0,5.0,3.0,7.0,13.0,3.0,5.0,3.0,5.0,,,,,9.0,20.0,16.0,10.0,375.0,320.0,281.0,228.0,8.0,20.0,14.0,11.0,54.0,45.0,1
2026-01-31,m_1jdpKo,3,t_2eRs85,Vélez Sarsfield,VISITANTE,1.0,1.0,1.0,1.0,4.5,4.5,5.0,5.0,4.0,4.0,2.0,2.0,14.0,14.0,11.5,11.5,5.5,5.5,4.5,4.5,6.5,6.5,5.0,5.0,3.0,3.0,1.0,1.0,2.0,2.0,1.0,1.0,14.5,14.5,17.0,17.0,13.5,13.5,9.0,9.0,343.5,343.5,335.5,335.5,252.5,252.5,250.0,250.0,12.5,12.5,14.5,14.5,10.5,10.5,8.0,8.0,52.0,52.0,49.5,49.5,1.0,1.0,4.5,5.0,4.0,2.0,14.0,11.5,5.5,4.5,6.5,5.0,3.0,1.0,2.0,1.0,14.5,17.0,13.5,9.0,343.5,335.5,252.5,250.0,12.5,14.5,10.5,8.0,52.0,49.5,2
2026-02-09,m_14fRnJ,4,t_2eRs85,Vélez Sarsfield,LOCAL,1.0,1.0,1.0,1.0,4.0,4.0,5.333333333333333,5.333333333333333,3.0,3.0,1.6666666666666667,1.6666666666666667,13.666666666666666,13.666666666666666,11.666666666666666,11.666666666666666,5.0,5.0,4.666666666666667,4.666666666666667,5.666666666666667,5.666666666666667,4.666666666666667,4.666666666666667,2.0,2.0,2.0,2.0,1.5,1.5,1.5,1.5,18.333333333333332,18.333333333333332,18.666666666666668,18.666666666666668,12.0,12.0,10.666666666666666,10.666666666666666,342.0,342.0,321.6666666666667,321.6666666666667,249.33333333333334,249.33333333333334,226.33333333333334,226.33333333333334,11.666666666666666,11.666666666666666,18.666666666666668,18.666666666666668,10.333333333333334,10.333333333333334,8.0,8.0,53.333333333333336,53.333333333333336,51.0,51.0,1.0,1.0,4.0,5.333333333333333,3.0,1.6666666666666667,13.666666666666666,11.666666666666666,5.0,4.666666666666667,5.666666666666667,4.666666666666667,2.0,2.0,1.5,1.5,18.333333333333332,18.666666666666668,12.0,10.666666666666666,342.0,321.6666666666667,249.33333333333334,226.33333333333334,11.666666666666666,18.666666666666668,10.333333333333334,8.0,53.333333333333336,51.0,3
2026-02-14,m_0Wq4zM,5,t_2eRs85,Vélez Sarsfield,VISITANTE,1.0,1.0,1.25,1.25,4.75,4.75,4.5,4.5,2.5,2.5,1.25,1.25,12.5,12.5,12.5,12.5,4.5,4.5,4.5,4.5,5.5,5.5,6.0,6.0,1.3333333333333333,1.3333333333333333,2.6666666666666665,2.6666666666666665,1.0,1.0,1.6666666666666667,1.6666666666666667,15.5,15.5,19.5,19.5,11.5,11.5,10.75,10.75,372.75,372.75,358.75,358.75,281.0,281.0,268.25,268.25,13.0,13.0,18.25,18.25,10.75,10.75,8.25,8.25,54.5,54.5,53.25,53.25,1.0,1.25,4.75,4.5,2.5,1.25,12.5,12.5,4.5,4.5,5.5,6.0,1.3333333333333333,2.6666666666666665,1.0,1.6666666666666667,15.5,19.5,11.5,10.75,372.75,358.75,281.0,268.25,13.0,18.25,10.75,8.25,54.5,53.25,4
2026-02-22,m_4JeqYL,6,t_2eRs85,Vélez Sarsfield,LOCAL,1.0,1.0,1.2,1.2,4.0,4.0,4.6,4.6,2.4,2.4,1.4,1.4,12.4,12.4,11.2,11.2,4.0,4.0,4.0,4.0,6.4,6.4,5.0,5.0,1.25,1.25,2.25,2.25,0.75,0.75,1.5,1.5,17.6,17.6,17.8,17.8,11.2,11.2,11.4,11.4,411.0,411.0,345.0,345.0,317.8,317.8,257.2,257.2,13.2,13.2,18.2,18.2,9.2,9.2,10.4,10.4,54.8,54.8,53.6,53.6,1.0,1.2,4.0,4.6,2.4,1.4,12.4,11.2,4.0,4.0,6.4,5.0,1.25,2.25,0.75,1.5,17.6,17.8,11.2,11.4,411.0,345.0,317.8,257.2,13.2,18.2,9.2,10.4,54.8,53.6,5
2026-02-25,m_0rdClw,7,t_2eRs85,Vélez Sarsfield,LOCAL,0.8,0.8333333333333334,1.4,1.1666666666666667,5.0,4.5,4.8,4.666666666666667,2.0,2.5,1.0,1.3333333333333333,13.4,12.333333333333334,10.4,10.833333333333334,4.4,4.166666666666667,3.8,4.0,6.8,6.166666666666667,4.4,4.5,1.4,1.4,2.0,2.0,1.0,1.0,1.4,1.4,19.8,18.0,15.6,16.333333333333332,10.8,11.666666666666666,11.2,11.0,449.8,437.3333333333333,346.4,342.0,351.2,339.5,251.2,247.33333333333334,15.8,14.5,19.2,19.333333333333332,8.8,9.666666666666666,10.6,10.666666666666666,57.2,56.666666666666664,60.0,57.5,0.8333333333333334,1.1666666666666667,4.5,4.666666666666667,2.5,1.3333333333333333,12.333333333333334,10.833333333333334,4.166666666666667,4.0,6.166666666666667,4.5,1.4,2.0,1.0,1.4,18.0,16.333333333333332,11.666666666666666,11.0,437.3333333333333,342.0,339.5,247.33333333333334,14.5,19.333333333333332,9.666666666666666,10.666666666666666,56.666666666666664,57.5,6
2026-03-02,m_3WwAlG,8,t_2eRs85,Vélez Sarsfield,VISITANTE,0.6,0.7142857142857143,1.0,1.0,4.4,4.428571428571429,4.2,4.428571428571429,2.0,2.5714285714285716,1.4,1.5714285714285714,11.6,12.285714285714286,10.4,10.714285714285714,3.4,4.0,3.8,4.0,5.8,6.0,4.4,4.571428571428571,0.8,1.1666666666666667,2.2,2.0,0.6,0.8333333333333334,1.6,1.5,19.2,17.857142857142858,15.0,15.571428571428571,10.8,11.571428571428571,13.2,12.0,504.0,458.14285714285717,324.2,327.42857142857144,402.0,359.2857142857143,225.8,232.71428571428572,16.8,15.571428571428571,22.0,19.857142857142858,9.0,9.428571428571429,12.2,11.0,58.6,56.714285714285715,61.6,58.142857142857146,0.7142857142857143,1.0,4.428571428571429,4.428571428571429,2.5714285714285716,1.5714285714285714,12.285714285714286,10.714285714285714,4.0,4.0,6.0,4.571428571428571,1.1666666666666667,2.0,0.8333333333333334,1.5,17.857142857142858,15.571428571428571,11.571428571428571,12.0,458.14285714285717,327.42857142857144,359.2857142857143,232.71428571428572,15.571428571428571,19.857142857142858,9.428571428571429,11.0,56.714285714285715,58.142857142857146,7
2026-03-10,m_4GHjNn,10,t_2eRs85,Vélez Sarsfield,VISITANTE,0.6,0.75,0.8,0.875,4.6,4.375,4.8,5.0,2.6,2.75,2.2,2.0,10.8,11.875,10.4,10.875,2.8,3.625,3.2,3.75,6.6,6.25,4.0,4.25,1.0,1.2857142857142858,1.8,1.8571428571428572,0.6,0.8571428571428571,1.4,1.4285714285714286,17.2,17.625,15.2,16.5,12.2,12.125,13.0,12.125,499.4,440.375,348.4,338.375,402.4,345.0,259.2,246.875,17.6,15.375,20.6,19.875,8.8,9.375,12.6,10.875,59.2,57.0,62.8,58.375,0.75,0.875,4.375,5.0,2.75,2.0,11.875,10.875,3.625,3.75,6.25,4.25,1.2857142857142858,1.8571428571428572,0.8571428571428571,1.4285714285714286,17.625,16.5,12.125,12.125,440.375,338.375,345.0,246.875,15.375,19.875,9.375,10.875,57.0,58.375,8
2026-03-14,m_3WrGF3,11,t_2eRs85,Vélez Sarsfield,VISITANTE,0.6,0.7777777777777778,0.6,0.8888888888888888,4.0,4.333333333333333,5.0,4.777777777777778,3.0,2.7777777777777777,3.2,2.3333333333333335,12.2,12.333333333333334,9.2,10.666666666666666,3.0,3.6666666666666665,3.4,3.888888888888889,7.6,6.666666666666667,2.2,3.888888888888889,1.2,1.25,1.2,1.75,0.8,0.875,1.0,1.25,21.0,18.555555555555557,14.4,16.666666666666668,13.4,12.555555555555555,13.2,12.11111111111111,465.2,424.1111111111111,342.2,349.55555555555554,367.0,328.77777777777777,248.4,257.22222222222223,17.6,15.555555555555555,19.6,19.0,9.2,9.88888888888889,12.2,10.444444444444445,58.8,56.888888888888886,61.2,57.666666666666664,0.7777777777777778,0.8888888888888888,4.333333333333333,4.777777777777778,2.7777777777777777,2.3333333333333335,12.333333333333334,10.666666666666666,3.6666666666666665,3.888888888888889,6.666666666666667,3.888888888888889,1.25,1.75,0.875,1.25,18.555555555555557,16.666666666666668,12.555555555555555,12.11111111111111,424.1111111111111,349.55555555555554,328.77777777777777,257.22222222222223,15.555555555555555,19.0,9.88888888888889,10.444444444444445,56.888888888888886,57.666666666666664,9
2026-03-21,m_1CaySw,12,t_2eRs85,Vélez Sarsfield,LOCAL,0.8,0.9,0.4,0.8,5.2,4.6,4.8,4.7,3.2,2.8,3.0,2.2,12.6,12.5,10.8,11.0,3.8,3.9,3.8,3.9,7.0,6.7,3.2,4.1,1.6,1.4444444444444444,1.2,1.6666666666666667,1.4,1.1111111111111112,1.0,1.2222222222222223,18.4,18.0,16.0,16.9,13.2,12.2,12.6,12.0,426.6,418.8,360.0,352.5,327.0,322.4,263.2,260.2,20.4,16.8,18.8,18.5,11.0,10.1,12.0,11.2,61.2,58.0,62.2,57.9,0.9,0.8,4.6,4.7,2.8,2.2,12.5,11.0,3.9,3.9,6.7,4.1,1.4444444444444444,1.6666666666666667,1.1111111111111112,1.2222222222222223,18.0,16.9,12.2,12.0,418.8,352.5,322.4,260.2,16.8,18.5,10.1,11.2,58.0,57.9,10
2026-04-03,m_1tC6eA,13,t_2eRs85,Vélez Sarsfield,VISITANTE,1.0,0.9,0.2,0.8,4.2,4.6,4.6,4.7,3.2,2.6,3.0,2.0,13.4,13.4,11.0,10.7,4.2,4.3,4.0,3.9,7.2,7.0,3.8,4.1,1.5,1.4444444444444444,1.25,1.6666666666666667,1.25,1.1111111111111112,1.0,1.2222222222222223,18.6,19.2,17.8,16.7,14.0,12.4,13.2,12.2,380.8,415.3,392.8,369.6,285.0,318.1,302.6,276.9,19.0,17.4,17.4,18.3,10.0,9.4,12.0,11.3,59.4,58.3,57.6,58.8,0.9090909090909091,0.7272727272727273,4.363636363636363,4.636363636363637,2.8181818181818183,2.090909090909091,12.818181818181818,10.909090909090908,4.181818181818182,4.0,6.636363636363637,4.181818181818182,1.4444444444444444,1.6666666666666667,1.1111111111111112,1.2222222222222223,18.272727272727273,17.0,12.727272727272727,12.0,411.6363636363636,365.09090909090907,314.72727272727275,272.45454545454544,16.545454545454547,18.454545454545453,9.818181818181818,11.272727272727273,57.90909090909091,57.54545454545455,11
2026-04-14,m_2wfcAu,14,t_2eRs85,Vélez Sarsfield,LOCAL,1.4,1.0,0.8,0.9,3.4,3.9,4.8,4.5,3.0,2.5,2.8,2.1,13.2,12.4,12.2,11.3,4.2,3.8,5.0,4.4,7.4,6.6,3.8,4.1,2.25,1.4444444444444444,1.25,1.7777777777777777,1.75,1.1111111111111112,0.75,1.2222222222222223,18.4,18.8,19.6,17.3,14.2,12.5,12.0,12.6,358.4,431.2,416.8,370.5,264.4,333.2,330.8,278.3,18.4,17.6,15.8,18.9,9.4,9.2,12.0,12.1,61.0,59.8,57.4,59.5,1.0,0.9166666666666666,4.0,4.583333333333333,2.75,2.0833333333333335,12.666666666666666,11.333333333333334,4.083333333333333,4.416666666666667,6.583333333333333,4.25,1.6,1.7,1.2,1.2,18.083333333333332,17.25,12.666666666666666,12.0,416.5833333333333,364.6666666666667,319.75,273.5833333333333,16.75,18.166666666666668,9.416666666666666,11.416666666666666,58.5,57.833333333333336,12
2026-04-20,m_4X5YYv,15,t_2eRs85,Vélez Sarsfield,VISITANTE,1.4,1.0,0.8,0.8,3.4,4.0,3.8,4.3,2.6,2.6,2.2,2.2,15.6,13.2,12.0,11.2,5.6,4.2,5.0,4.1,7.6,7.1,4.6,4.3,3.5,2.111111111111111,1.5,1.6666666666666667,3.25,1.7777777777777777,1.0,1.2222222222222223,22.4,19.8,18.8,17.0,12.6,12.4,11.4,12.2,374.6,437.0,394.2,371.3,277.0,339.7,303.0,281.1,23.4,20.5,17.2,18.9,9.8,9.3,12.4,12.5,61.0,60.1,58.2,60.5,1.0,0.8461538461538461,4.0,4.538461538461538,2.6923076923076925,2.076923076923077,13.307692307692308,11.307692307692308,4.384615384615385,4.230769230769231,6.769230769230769,4.384615384615385,2.090909090909091,1.7272727272727273,1.7272727272727273,1.2727272727272727,19.46153846153846,17.384615384615383,12.307692307692308,11.846153846153847,415.0769230769231,359.84615384615387,318.84615384615387,268.46153846153845,18.46153846153846,18.846153846153847,9.538461538461538,11.461538461538462,58.53846153846154,58.30769230769231,13
2026-04-27,m_3JhiqO,16,t_2eRs85,Vélez Sarsfield,LOCAL,1.2,0.9,0.6,0.6,3.4,3.7,3.4,4.2,2.4,2.7,1.4,2.3,14.8,13.5,12.2,10.7,5.8,4.4,4.6,4.0,6.8,7.2,5.4,3.8,3.5,2.2222222222222223,1.75,1.4444444444444444,3.25,1.8888888888888888,1.5,1.2222222222222223,19.6,20.3,18.8,16.6,12.0,12.7,12.2,12.7,392.8,429.0,377.2,359.7,295.8,331.4,288.8,268.6,22.6,20.1,17.8,18.7,9.8,9.5,13.8,13.0,62.8,60.8,59.0,60.1,0.9285714285714286,0.7857142857142857,4.0,4.285714285714286,2.642857142857143,2.0,13.214285714285714,11.214285714285714,4.428571428571429,4.142857142857143,6.714285714285714,4.428571428571429,2.0,1.75,1.6666666666666667,1.3333333333333333,18.928571428571427,17.428571428571427,12.357142857142858,12.142857142857142,412.92857142857144,359.42857142857144,317.0,268.5,18.071428571428573,18.571428571428573,9.857142857142858,11.642857142857142,59.0,58.142857142857146,14
2026-05-04,m_1P18Zr,9,t_2eRs85,Vélez Sarsfield,LOCAL,1.2,1.0,1.0,0.7,2.4,3.8,3.4,4.1,3.0,3.1,2.0,2.5,14.4,13.5,12.2,11.5,5.8,4.8,5.0,4.4,6.0,6.5,5.6,4.4,3.75,2.5555555555555554,2.25,1.6666666666666667,3.0,2.111111111111111,1.75,1.3333333333333333,22.2,20.3,17.8,16.9,11.8,12.5,11.8,12.2,408.8,417.7,366.0,363.0,314.4,320.7,277.8,270.5,20.2,20.3,18.8,18.8,9.2,10.1,12.0,12.0,59.4,60.3,60.2,61.2,1.0,0.8666666666666667,3.8666666666666667,4.266666666666667,2.8666666666666667,2.1333333333333333,13.133333333333333,11.4,4.533333333333333,4.266666666666667,6.466666666666667,4.6,2.1538461538461537,1.8461538461538463,1.6923076923076923,1.3846153846153846,19.4,17.2,12.066666666666666,11.933333333333334,415.46666666666664,357.0,319.73333333333335,266.06666666666666,17.933333333333334,18.6,9.8,11.466666666666667,58.46666666666667,58.666666666666664,15
2026-05-11,m_4Cpvon,1/8,t_2eRs85,Vélez Sarsfield,LOCAL,1.2,1.1,1.2,0.7,3.4,3.8,3.4,4.0,2.8,3.0,2.8,2.9,14.2,13.8,12.0,11.5,5.0,4.6,5.0,4.5,6.4,6.8,5.0,4.4,3.2,2.4444444444444446,2.2,1.7777777777777777,2.4,1.8888888888888888,1.6,1.3333333333333333,22.4,20.5,18.0,17.9,10.2,12.1,11.8,12.5,442.2,411.5,334.0,363.4,353.4,319.2,247.4,275.0,22.4,20.7,18.6,18.0,9.0,9.5,10.6,11.3,58.2,58.8,62.0,59.8,1.0,0.875,4.0625,4.25,2.8125,2.3125,13.25,11.25,4.4375,4.3125,6.5625,4.4375,2.0714285714285716,1.8571428571428572,1.5714285714285714,1.3571428571428572,19.5625,17.3125,11.9375,11.9375,421.1875,355.375,326.8125,264.625,18.375,18.5,9.5625,11.0625,58.0,58.9375,16
2026-07-24,m_0xmq9N,1,t_2eRs85,Vélez Sarsfield,LOCAL,0.8,1.1,0.8,0.8,6.8,5.1,2.6,3.7,2.8,2.9,3.4,3.1,17.4,15.3,10.2,11.2,5.4,4.8,3.8,4.4,7.2,7.3,4.4,4.1,2.8,2.5555555555555554,2.2,1.7777777777777777,2.2,2.0,1.6,1.2222222222222223,28.0,23.2,15.2,17.4,9.6,11.9,12.0,12.0,453.2,405.8,308.4,362.6,367.0,315.7,220.4,275.6,20.8,19.6,17.8,16.8,10.0,9.7,10.2,11.1,55.0,58.0,57.8,57.6,0.9411764705882353,0.8823529411764706,4.823529411764706,4.0,2.764705882352941,2.4705882352941178,14.058823529411764,11.0,4.470588235294118,4.235294117647059,6.764705882352941,4.294117647058823,2.0,1.8666666666666667,1.5333333333333334,1.3333333333333333,21.0,16.647058823529413,11.764705882352942,12.0,427.3529411764706,348.11764705882354,333.6470588235294,257.94117647058823,17.941176470588236,18.058823529411764,9.588235294117647,11.058823529411764,57.470588235294116,57.8235294117647,17
2026-07-30,m_0OoV9x,2,t_2eRs85,Vélez Sarsfield,VISITANTE,0.8,1.1,0.8,0.8,6.2,4.8,3.0,3.4,2.8,2.7,3.4,2.8,14.8,15.2,11.8,11.9,4.8,5.2,3.8,4.4,6.0,6.8,5.2,4.9,1.8,2.5555555555555554,2.6,2.111111111111111,1.0,2.0,2.0,1.5555555555555556,23.6,23.0,16.8,17.8,9.4,11.0,11.8,11.6,480.0,427.3,319.8,357.0,391.6,334.3,230.2,266.6,16.8,20.1,15.0,16.1,9.6,9.7,9.8,11.1,56.2,58.6,57.6,57.9,0.9444444444444444,0.8333333333333334,4.611111111111111,4.111111111111111,2.7222222222222223,2.4444444444444446,13.722222222222221,11.444444444444445,4.5,4.111111111111111,6.555555555555555,4.611111111111111,2.0,2.0,1.5,1.5,20.61111111111111,17.22222222222222,11.5,11.833333333333334,433.1111111111111,348.72222222222223,339.05555555555554,257.8333333333333,18.0,17.77777777777778,9.555555555555555,11.0,57.888888888888886,58.111111111111114,18
2026-08-08,m_4Ha0vK,4,t_2eRs85,Vélez Sarsfield,VISITANTE,1.0,1.1,1.4,1.0,7.0,5.2,3.8,3.6,2.8,2.6,3.4,2.4,16.4,15.6,12.0,12.1,5.0,5.4,4.4,4.5,7.2,7.0,5.2,5.3,2.0,2.6666666666666665,3.0,2.4444444444444446,1.0,2.0,2.0,1.7777777777777777,27.4,23.5,16.2,17.5,8.8,10.4,9.8,11.0,526.6,459.7,323.2,350.2,439.2,367.5,230.0,259.4,16.8,19.7,14.2,16.0,8.8,9.3,8.6,11.2,56.2,59.5,57.4,58.2,0.9473684210526315,0.9473684210526315,4.7894736842105265,4.157894736842105,2.6842105263157894,2.3684210526315788,14.052631578947368,11.421052631578947,4.578947368421052,4.2105263157894735,6.842105263157895,4.631578947368421,2.0,2.1176470588235294,1.4705882352941178,1.5294117647058822,21.157894736842106,17.105263157894736,11.421052631578947,11.526315789473685,442.8421052631579,349.89473684210526,349.1578947368421,258.36842105263156,17.736842105263158,17.42105263157895,9.578947368421053,10.842105263157896,58.26315789473684,57.94736842105263,19
2026-08-17,m_43tFlq,5,t_2eRs85,Vélez Sarsfield,LOCAL,0.8,1.0,1.2,1.1,7.6,5.0,3.8,3.6,2.0,2.5,3.4,2.7,20.0,17.2,10.8,11.5,5.4,5.6,4.0,4.5,9.4,7.7,4.4,5.0,2.2,2.888888888888889,2.6,2.4444444444444446,1.4,2.111111111111111,1.8,1.7777777777777777,29.6,25.9,15.4,16.6,9.6,10.7,10.0,10.9,545.6,477.2,339.2,352.6,459.4,386.9,244.2,261.0,17.8,19.0,14.4,16.6,9.8,9.5,8.4,10.2,60.2,59.8,54.6,57.4,0.95,0.95,4.8,4.15,2.65,2.45,14.85,11.25,4.75,4.2,7.2,4.55,2.1666666666666665,2.0555555555555554,1.6111111111111112,1.5,21.95,16.75,11.45,11.45,448.0,352.55,354.65,260.6,17.9,17.55,9.8,10.7,58.9,57.65,20
2026-08-23,m_4fjPIc,6,t_2eRs85,Vélez Sarsfield,VISITANTE,0.8,1.0,1.2,1.2,7.4,5.4,4.8,4.1,2.4,2.6,3.0,2.9,19.0,16.6,13.0,12.5,5.4,5.2,4.2,4.6,9.0,7.7,5.4,5.2,2.2,2.7,2.4,2.3,1.6,2.0,1.8,1.7,27.8,25.1,16.8,17.4,10.6,10.4,11.4,11.6,528.2,485.2,344.0,339.0,432.2,392.8,245.0,246.2,17.2,19.8,15.4,17.0,11.0,10.0,10.2,10.4,60.6,59.4,53.4,57.7,0.9523809523809523,0.9523809523809523,4.857142857142857,4.380952380952381,2.7142857142857144,2.4761904761904763,14.619047619047619,11.666666666666666,4.666666666666667,4.285714285714286,7.142857142857143,4.666666666666667,2.1052631578947367,2.0,1.5789473684210527,1.4736842105263157,21.523809523809526,17.19047619047619,11.619047619047619,11.80952380952381,446.6666666666667,352.6666666666667,351.9047619047619,259.95238095238096,18.095238095238095,17.761904761904763,9.904761904761905,10.857142857142858,58.61904761904762,57.61904761904762,21
2026-08-29,m_4bZ5kw,7,t_2eRs85,Vélez Sarsfield,VISITANTE,1.2,1.0,1.4,1.1,5.0,5.9,5.4,4.0,2.2,2.5,2.4,2.9,15.8,16.6,14.2,12.2,5.2,5.3,4.2,4.0,7.8,7.5,6.4,5.4,2.4,2.6,2.0,2.1,1.8,2.0,1.6,1.6,22.4,25.2,20.2,17.7,11.4,10.5,11.4,11.7,509.0,481.1,411.2,359.8,409.6,388.3,308.6,264.5,18.8,19.8,17.8,17.8,11.2,10.6,11.2,10.7,62.4,58.7,57.0,57.4,1.0,1.0,4.863636363636363,4.318181818181818,2.6363636363636362,2.4545454545454546,14.454545454545455,11.727272727272727,4.636363636363637,4.2272727272727275,7.0,4.7727272727272725,2.1,1.9,1.6,1.4,21.318181818181817,17.454545454545453,11.681818181818182,11.863636363636363,445.90909090909093,362.45454545454544,350.90909090909093,269.45454545454544,18.136363636363637,18.0,9.954545454545455,11.090909090909092,58.59090909090909,57.63636363636363,22
2026-09-06,m_3kXmim,8,t_2eRs85,Vélez Sarsfield,LOCAL,1.2,1.0,1.6,1.2,5.2,5.7,5.4,4.2,2.2,2.5,2.2,2.8,15.6,15.2,13.0,12.4,4.8,4.8,4.8,4.3,7.8,6.9,5.2,5.2,2.4,2.1,1.4,2.0,1.8,1.4,1.0,1.5,22.4,23.0,18.8,17.8,12.8,11.1,11.4,11.6,442.8,461.4,467.6,393.7,344.6,368.1,365.8,298.0,18.0,17.4,18.2,16.6,11.6,10.6,10.6,10.2,60.8,58.5,57.6,57.6,1.0,1.0,4.739130434782608,4.391304347826087,2.608695652173913,2.391304347826087,14.130434782608695,11.782608695652174,4.565217391304348,4.260869565217392,6.826086956521739,4.739130434782608,2.0952380952380953,1.8571428571428572,1.5714285714285714,1.380952380952381,21.0,17.565217391304348,11.782608695652174,11.73913043478261,435.2173913043478,374.5652173913044,340.2608695652174,281.30434782608694,18.0,17.869565217391305,10.0,10.91304347826087,58.52173913043478,58.0,23
2026-09-11,m_3tdQH8,9,t_2eRs85,Vélez Sarsfield,VISITANTE,1.0,1.0,1.2,1.3,3.8,5.4,5.4,4.6,2.8,2.8,2.4,2.9,12.8,14.6,13.0,12.5,4.0,4.5,4.2,4.3,5.8,6.5,5.2,5.2,2.0,2.0,1.2,2.1,1.6,1.3,1.0,1.5,18.6,23.0,21.6,18.9,14.6,11.7,13.4,11.6,413.6,470.1,469.6,396.4,307.0,373.1,362.4,296.2,18.8,17.8,18.8,16.5,12.8,10.8,12.0,10.3,61.6,58.9,59.8,58.6,0.9583333333333334,1.0,4.583333333333333,4.416666666666667,2.7083333333333335,2.375,13.791666666666666,11.75,4.458333333333333,4.208333333333333,6.625,4.75,2.0,1.9090909090909092,1.5,1.4090909090909092,20.625,18.041666666666668,12.083333333333334,11.916666666666666,436.75,374.8333333333333,340.375,280.0416666666667,17.958333333333332,17.708333333333332,10.25,11.083333333333334,58.958333333333336,58.333333333333336,24
2026-09-21,m_0el541,Clausura - Round 10,t_2eRs85,Vélez Sarsfield,LOCAL,1.0,0.9,1.2,1.2,4.4,6.0,5.0,4.4,3.0,2.4444444444444446,2.0,2.7777777777777777,9.8,14.9,12.8,11.8,3.6,4.5,3.6,3.8,4.0,6.7,5.2,4.8,1.4,1.8,1.2,1.9,1.2,1.3,0.8,1.3,17.8,23.7,21.6,18.5,14.8,12.2,14.0,12.0,387.0,466.3,467.2,403.2,280.0,369.7,359.8,302.0,19.4,18.6,18.6,16.5,12.8,11.3,12.4,10.4,60.0,60.1,62.2,58.4,0.96,1.0,4.72,4.32,2.7083333333333335,2.375,13.84,11.56,4.52,4.08,6.56,4.68,2.0,1.8695652173913044,1.5217391304347827,1.3478260869565217,21.12,17.72,12.12,11.96,435.8,375.48,339.72,280.44,18.2,17.76,10.4,11.04,59.12,58.56,25
2026-01-22,m_4LyLYK,1,t_2qXAzu,Huracán,VISITANTE,,,,,,,,,,,,,,,,,,,,,,,,,,,,,,,,,,,,,,,,,,,,,,,,,,,,,,,,,,,,,,,,,,,,,,,,,,,,,,,,,,,,,,,,,,,0
2026-01-27,m_2jeBEO,2,t_2qXAzu,Huracán,LOCAL,1.0,1.0,1.0,1.0,4.0,4.0,2.0,2.0,4.0,4.0,4.0,4.0,14.0,14.0,11.0,11.0,4.0,4.0,4.0,4.0,4.0,4.0,5.0,5.0,2.0,2.0,2.0,2.0,1.0,1.0,1.0,1.0,15.0,15.0,13.0,13.0,8.0,8.0,14.0,14.0,236.0,236.0,408.0,408.0,156.0,156.0,315.0,315.0,14.0,14.0,20.0,20.0,20.0,20.0,10.0,10.0,36.0,36.0,53.0,53.0,1.0,1.0,4.0,2.0,4.0,4.0,14.0,11.0,4.0,4.0,4.0,5.0,2.0,2.0,1.0,1.0,15.0,13.0,8.0,14.0,236.0,408.0,156.0,315.0,14.0,20.0,20.0,10.0,36.0,53.0,1
2026-02-01,m_3bjCVs,3,t_2qXAzu,Huracán,VISITANTE,1.0,1.0,1.5,1.5,3.0,3.0,3.5,3.5,3.0,3.0,4.0,4.0,11.5,11.5,9.5,9.5,3.0,3.0,5.0,5.0,4.0,4.0,3.5,3.5,2.0,2.0,2.0,2.0,1.0,1.0,0.5,0.5,16.5,16.5,11.0,11.0,11.0,11.0,14.0,14.0,328.0,328.0,338.5,338.5,246.0,246.0,248.5,248.5,20.0,20.0,18.5,18.5,16.5,16.5,9.0,9.0,40.5,40.5,47.0,47.0,1.0,1.5,3.0,3.5,3.0,4.0,11.5,9.5,3.0,5.0,4.0,3.5,2.0,2.0,1.0,0.5,16.5,11.0,11.0,14.0,328.0,338.5,246.0,248.5,20.0,18.5,16.5,9.0,40.5,47.0,2
2026-02-08,m_4PxDme,4,t_2qXAzu,Huracán,LOCAL,1.0,1.0,1.3333333333333333,1.3333333333333333,4.0,4.0,4.0,4.0,2.6666666666666665,2.6666666666666665,4.0,4.0,11.333333333333334,11.333333333333334,9.333333333333334,9.333333333333334,3.3333333333333335,3.3333333333333335,3.6666666666666665,3.6666666666666665,4.333333333333333,4.333333333333333,4.0,4.0,2.3333333333333335,2.3333333333333335,1.6666666666666667,1.6666666666666667,1.3333333333333333,1.3333333333333333,0.3333333333333333,0.3333333333333333,17.666666666666668,17.666666666666668,15.666666666666666,15.666666666666666,10.333333333333334,10.333333333333334,14.333333333333334,14.333333333333334,314.0,314.0,336.0,336.0,226.66666666666666,226.66666666666666,241.33333333333334,241.33333333333334,21.0,21.0,18.333333333333332,18.333333333333332,13.0,13.0,9.0,9.0,40.0,40.0,44.0,44.0,1.0,1.3333333333333333,4.0,4.0,2.6666666666666665,4.0,11.333333333333334,9.333333333333334,3.3333333333333335,3.6666666666666665,4.333333333333333,4.0,2.3333333333333335,1.6666666666666667,1.3333333333333333,0.3333333333333333,17.666666666666668,15.666666666666666,10.333333333333334,14.333333333333334,314.0,336.0,226.66666666666666,241.33333333333334,21.0,18.333333333333332,13.0,9.0,40.0,44.0,3
2026-02-14,m_0cdzvY,5,t_2qXAzu,Huracán,LOCAL,1.0,1.0,1.0,1.0,3.25,3.25,3.5,3.5,2.75,2.75,4.75,4.75,10.5,10.5,8.25,8.25,3.25,3.25,2.75,2.75,4.25,4.25,4.0,4.0,2.25,2.25,1.25,1.25,1.25,1.25,0.25,0.25,15.5,15.5,13.5,13.5,12.0,12.0,16.25,16.25,305.75,305.75,331.0,331.0,213.5,213.5,231.5,231.5,20.5,20.5,16.5,16.5,11.75,11.75,9.0,9.0,41.25,41.25,43.75,43.75,1.0,1.0,3.25,3.5,2.75,4.75,10.5,8.25,3.25,2.75,4.25,4.0,2.25,1.25,1.25,0.25,15.5,13.5,12.0,16.25,305.75,331.0,213.5,231.5,20.5,16.5,11.75,9.0,41.25,43.75,4
2026-02-21,m_0aYpab,6,t_2qXAzu,Huracán,VISITANTE,0.8,0.8,1.0,1.0,3.0,3.0,4.0,4.0,3.6,3.6,4.2,4.2,9.0,9.0,8.4,8.4,2.6,2.6,3.0,3.0,3.8,3.8,4.0,4.0,1.8,1.8,1.4,1.4,1.0,1.0,0.4,0.4,13.4,13.4,14.4,14.4,14.2,14.2,15.0,15.0,297.6,297.6,326.8,326.8,205.0,205.0,229.8,229.8,18.8,18.8,15.0,15.0,11.0,11.0,9.2,9.2,40.8,40.8,44.4,44.4,0.8,1.0,3.0,4.0,3.6,4.2,9.0,8.4,2.6,3.0,3.8,4.0,1.8,1.4,1.0,0.4,13.4,14.4,14.2,15.0,297.6,326.8,205.0,229.8,18.8,15.0,11.0,9.2,40.8,44.4,5
2026-02-26,m_0JTPFi,7,t_2qXAzu,Huracán,VISITANTE,0.6,0.6666666666666666,0.8,0.8333333333333334,3.8,3.8333333333333335,4.2,3.8333333333333335,3.8,3.8333333333333335,4.0,4.0,8.0,9.0,7.6,8.166666666666666,2.2,2.5,2.8,3.0,3.4,3.5,3.6,3.8333333333333335,1.75,1.8,1.25,1.4,1.0,1.0,0.25,0.4,14.0,14.166666666666666,14.6,14.333333333333334,16.8,15.333333333333334,14.2,14.166666666666666,306.0,294.3333333333333,298.8,317.0,207.4,198.83333333333334,201.2,220.16666666666666,19.0,18.166666666666668,12.2,13.5,8.4,10.333333333333334,8.6,8.833333333333334,42.2,41.166666666666664,42.6,44.333333333333336,0.6666666666666666,0.8333333333333334,3.8333333333333335,3.8333333333333335,3.8333333333333335,4.0,9.0,8.166666666666666,2.5,3.0,3.5,3.8333333333333335,1.8,1.4,1.0,0.4,14.166666666666666,14.333333333333334,15.333333333333334,14.166666666666666,294.3333333333333,317.0,198.83333333333334,220.16666666666666,18.166666666666668,13.5,10.333333333333334,8.833333333333334,41.166666666666664,44.333333333333336,6
2026-03-03,m_2obGmX,8,t_2qXAzu,Huracán,LOCAL,0.8,0.8571428571428571,0.4,0.7142857142857143,4.6,4.142857142857143,4.2,4.0,4.0,3.7142857142857144,4.4,4.285714285714286,9.8,10.285714285714286,8.0,8.428571428571429,3.2,3.142857142857143,2.0,2.857142857142857,4.4,4.285714285714286,4.6,4.285714285714286,2.5,2.3333333333333335,1.0,1.3333333333333333,1.5,1.3333333333333333,0.5,0.5,13.2,14.142857142857142,16.0,14.571428571428571,16.6,15.0,13.4,13.571428571428571,271.2,287.42857142857144,336.4,337.0,174.8,195.14285714285714,238.8,241.57142857142858,16.6,17.571428571428573,11.8,13.714285714285714,7.6,10.142857142857142,7.6,8.0,43.4,42.57142857142857,43.0,44.142857142857146,0.8571428571428571,0.7142857142857143,4.142857142857143,4.0,3.7142857142857144,4.285714285714286,10.285714285714286,8.428571428571429,3.142857142857143,2.857142857142857,4.285714285714286,4.285714285714286,2.3333333333333335,1.3333333333333333,1.3333333333333333,0.5,14.142857142857142,14.571428571428571,15.0,13.571428571428571,287.42857142857144,337.0,195.14285714285714,241.57142857142858,17.571428571428573,13.714285714285714,10.142857142857142,8.0,42.57142857142857,44.142857142857146,7
2026-03-13,m_2e6Rvv,10,t_2qXAzu,Huracán,LOCAL,1.2,1.125,0.4,0.75,4.0,4.0,3.8,3.875,4.0,3.5,4.0,4.0,11.6,11.5,8.0,8.5,3.8,3.625,2.2,2.75,5.0,4.75,4.8,4.5,2.25,2.2857142857142856,1.0,1.2857142857142858,1.5,1.4285714285714286,0.75,0.5714285714285714,14.0,15.375,13.0,14.0,17.2,14.625,12.6,13.25,293.2,301.0,344.0,341.0,202.2,211.375,253.4,248.875,17.2,18.625,10.2,13.25,8.6,10.25,8.0,8.375,45.6,43.5,45.4,44.875,1.125,0.75,4.0,3.875,3.5,4.0,11.5,8.5,3.625,2.75,4.75,4.5,2.2857142857142856,1.2857142857142858,1.4285714285714286,0.5714285714285714,15.375,14.0,14.625,13.25,301.0,341.0,211.375,248.875,18.625,13.25,10.25,8.375,43.5,44.875,8
2026-03-16,m_2vu8vn,11,t_2qXAzu,Huracán,VISITANTE,1.2,1.1111111111111112,0.8,0.8888888888888888,4.6,4.0,4.2,3.888888888888889,4.6,3.7777777777777777,3.2,3.888888888888889,13.0,11.88888888888889,9.0,8.666666666666666,4.2,3.7777777777777777,3.6,3.2222222222222223,5.8,5.111111111111111,4.2,4.111111111111111,2.5,2.375,2.5,1.875,1.75,1.5,1.75,1.0,17.0,16.333333333333332,14.6,14.11111111111111,16.0,14.222222222222221,10.2,12.88888888888889,294.2,299.3333333333333,368.4,351.77777777777777,210.4,211.77777777777777,286.2,261.8888888888889,15.4,17.666666666666668,11.2,13.555555555555555,8.0,9.666666666666666,8.6,8.777777777777779,45.8,43.77777777777778,44.4,44.111111111111114,1.1111111111111112,0.8888888888888888,4.0,3.888888888888889,3.7777777777777777,3.888888888888889,11.88888888888889,8.666666666666666,3.7777777777777777,3.2222222222222223,5.111111111111111,4.111111111111111,2.375,1.875,1.5,1.0,16.333333333333332,14.11111111111111,14.222222222222221,12.88888888888889,299.3333333333333,351.77777777777777,211.77777777777777,261.8888888888889,17.666666666666668,13.555555555555555,9.666666666666666,8.777777777777779,43.77777777777778,44.111111111111114,9
2026-03-24,m_1Klahn,12,t_2qXAzu,Huracán,LOCAL,1.2,1.0,0.6,0.8,5.0,4.0,3.8,3.9,3.6,3.6,3.4,3.8,14.8,11.9,10.0,9.2,4.6,3.6,3.6,3.3,6.6,5.2,4.8,4.4,3.3333333333333335,2.375,2.6666666666666665,1.875,2.3333333333333335,1.5,2.0,1.0,19.4,16.4,14.4,14.4,14.8,14.5,10.6,12.8,297.2,297.4,393.6,360.2,213.8,209.4,310.4,270.1,16.4,17.6,12.6,13.8,8.6,9.8,8.8,9.0,48.2,44.5,43.8,44.1,1.0,0.8,4.0,3.9,3.6,3.8,11.9,9.2,3.6,3.3,5.2,4.4,2.375,1.875,1.5,1.0,16.4,14.4,14.5,12.8,297.4,360.2,209.4,270.1,17.6,13.8,9.8,9.0,44.5,44.1,10
2026-04-05,m_2k76Cm,13,t_2qXAzu,Huracán,VISITANTE,1.2,0.9,0.6,0.7,4.4,4.1,4.6,4.4,2.8,3.3,3.2,3.6,14.0,11.0,11.6,9.6,4.4,3.3,3.8,3.3,6.8,5.1,6.2,4.9,3.0,2.375,2.25,1.75,2.25,1.625,1.75,1.0,17.8,15.9,15.8,15.2,13.4,15.1,10.4,12.3,289.4,297.7,446.4,372.6,210.4,208.9,365.6,283.4,17.2,18.1,14.0,13.1,9.6,9.0,9.8,9.2,50.6,46.4,47.4,45.0,0.9090909090909091,0.7272727272727273,4.090909090909091,4.181818181818182,3.3636363636363638,3.6363636363636362,11.272727272727273,9.727272727272727,3.3636363636363638,3.3636363636363638,5.0,4.909090909090909,2.3333333333333335,1.7777777777777777,1.5555555555555556,1.0,15.818181818181818,15.0,14.454545454545455,12.454545454545455,292.09090909090907,375.8181818181818,204.0909090909091,286.27272727272725,17.727272727272727,13.727272727272727,10.0,9.272727272727273,45.45454545454545,45.72727272727273,11
2026-04-12,m_19wJgg,14,t_2qXAzu,Huracán,LOCAL,0.8,0.8,1.2,0.8,4.8,4.7,4.6,4.4,2.4,3.2,2.8,3.6,15.4,12.6,11.6,9.8,4.0,3.6,4.4,3.2,8.2,6.3,5.0,4.8,2.75,2.625,2.75,1.875,2.5,2.0,1.75,1.125,22.2,17.7,16.4,16.2,12.0,14.3,12.2,12.8,352.6,311.9,411.2,373.8,272.0,223.4,329.6,284.2,17.4,17.0,14.0,12.9,10.6,9.1,10.0,8.8,52.2,47.8,48.8,45.9,0.8333333333333334,0.9166666666666666,4.416666666666667,4.25,3.1666666666666665,3.6666666666666665,12.416666666666666,9.75,3.5,3.5,5.916666666666667,4.583333333333333,2.5,1.9,1.8,1.0,17.5,15.333333333333334,13.75,13.0,314.5833333333333,367.9166666666667,227.16666666666666,278.25,17.5,13.833333333333334,10.333333333333334,8.833333333333334,46.583333333333336,46.083333333333336,12
2026-04-21,m_0QP5Eq,15,t_2qXAzu,Huracán,VISITANTE,0.4,0.8,1.6,1.0,4.8,4.4,6.0,4.9,2.4,3.2,2.6,3.3,12.8,12.2,13.0,10.5,2.8,3.3,5.6,3.9,7.2,6.1,4.8,4.8,2.75,2.5,3.25,2.125,2.25,1.875,1.75,1.25,20.0,17.0,19.4,16.2,11.2,14.2,13.0,12.8,368.0,330.6,405.8,374.9,286.8,244.5,322.6,288.0,14.6,15.9,15.2,12.7,10.6,9.6,10.0,9.0,51.4,48.5,49.2,47.3,0.8461538461538461,1.0769230769230769,4.3076923076923075,4.6923076923076925,3.076923076923077,3.4615384615384617,12.0,10.23076923076923,3.3076923076923075,3.8461538461538463,5.6923076923076925,4.615384615384615,2.4545454545454546,2.0,1.7272727272727273,1.0,17.153846153846153,16.076923076923077,13.307692307692308,13.153846153846153,326.7692307692308,365.9230769230769,240.3846153846154,277.2307692307692,17.076923076923077,14.0,10.384615384615385,9.0,46.53846153846154,46.53846153846154,13
2026-04-28,m_4Q9jVb,16,t_2qXAzu,Huracán,LOCAL,0.4,0.8,1.4,1.1,4.0,4.3,5.8,5.0,1.6,3.1,2.8,3.0,11.6,12.3,12.0,10.5,2.2,3.2,4.6,4.1,6.6,6.2,4.8,4.5,2.5,2.5,1.75,2.125,2.0,1.875,0.75,1.25,17.4,17.2,20.4,17.5,12.0,14.0,13.8,12.0,371.8,333.0,424.6,396.5,288.6,249.5,339.4,312.8,14.6,15.0,17.2,14.2,11.2,9.6,10.0,9.3,54.4,50.1,53.2,48.8,0.8571428571428571,1.0714285714285714,4.0,4.571428571428571,3.0,3.5,11.785714285714286,9.857142857142858,3.2142857142857144,3.7142857142857144,5.642857142857143,4.357142857142857,2.4166666666666665,1.8333333333333333,1.6666666666666667,0.9166666666666666,16.714285714285715,16.357142857142858,13.428571428571429,13.214285714285714,325.2142857142857,377.7857142857143,239.21428571428572,289.57142857142856,16.571428571428573,14.857142857142858,10.214285714285714,9.214285714285714,47.57142857142857,47.357142857142854,14
2026-05-03,m_4ODmAi,9,t_2qXAzu,Huracán,VISITANTE,0.6,0.9,1.8,1.2,4.0,4.5,6.0,4.9,1.8,2.7,2.6,3.0,11.4,13.1,10.2,10.1,2.6,3.6,4.2,3.9,6.0,6.3,3.8,4.3,2.0,2.5,1.6,2.0,2.0,2.142857142857143,0.75,1.2857142857142858,16.4,17.9,20.0,17.2,11.6,13.2,13.6,12.1,384.4,340.8,422.2,407.9,301.6,257.7,339.2,324.8,15.0,15.7,19.4,16.0,10.8,9.7,9.8,9.3,53.4,50.8,54.6,49.2,0.8666666666666667,1.1333333333333333,4.0,4.6,3.0,3.4,11.733333333333333,9.533333333333333,3.2666666666666666,3.6,5.466666666666667,4.2,2.230769230769231,1.7692307692307692,1.6666666666666667,0.9166666666666666,16.4,16.266666666666666,13.533333333333333,13.066666666666666,326.4,380.8666666666667,240.13333333333333,293.1333333333333,16.733333333333334,15.666666666666666,10.133333333333333,9.266666666666667,47.46666666666667,47.6,15
2026-05-09,m_0kTolw,1/8,t_2qXAzu,Huracán,VISITANTE,0.6,0.9,1.8,1.2,4.2,4.3,4.8,4.7,1.8,2.3,2.6,2.9,12.2,13.1,8.2,9.9,2.6,3.5,3.6,3.7,6.2,6.5,2.4,4.3,1.8,2.3333333333333335,1.4,1.7777777777777777,1.75,2.0,0.5,1.125,18.4,18.1,17.0,16.4,11.8,12.6,14.0,12.2,421.6,355.5,365.4,405.9,331.2,270.8,274.4,320.0,14.8,16.0,21.2,17.6,10.8,10.2,9.2,9.5,53.2,51.9,52.2,49.8,0.8125,1.0625,4.125,4.375,2.875,3.3125,11.5625,9.25,3.125,3.4375,5.375,4.125,2.142857142857143,1.6428571428571428,1.6153846153846154,0.8461538461538461,16.625,15.625,13.625,12.9375,332.5625,372.5625,243.8125,282.5625,16.8125,16.0625,10.25,9.25,47.875,47.75,16
2026-05-13,m_3CeTeZ,1/4,t_2qXAzu,Huracán,VISITANTE,1.0,0.9,1.8,1.5,6.0,5.4,4.0,4.3,1.8,2.1,2.8,2.8,14.4,14.9,7.8,9.7,3.8,3.9,3.4,3.9,5.6,6.9,2.6,3.8,1.8,2.2222222222222223,1.2,1.8888888888888888,1.5,2.0,0.25,1.0,22.8,22.5,14.8,15.6,12.6,12.3,13.2,12.7,447.2,399.9,376.2,393.7,350.0,311.0,280.2,304.9,16.0,16.7,22.2,18.1,9.4,10.0,10.0,10.0,56.6,54.4,55.4,52.1,0.8823529411764706,1.1764705882352942,4.882352941176471,4.176470588235294,2.764705882352941,3.411764705882353,13.0,9.176470588235293,3.588235294117647,3.4705882352941178,5.823529411764706,4.0,2.2666666666666666,1.6666666666666667,1.7142857142857142,0.7857142857142857,19.058823529411764,15.176470588235293,13.411764705882353,13.058823529411764,353.5882352941176,370.3529411764706,263.29411764705884,278.8235294117647,17.058823529411764,16.294117647058822,10.058823529411764,9.176470588235293,49.529411764705884,48.8235294117647,17
2026-07-25,m_19ZLfE,1,t_2qXAzu,Huracán,LOCAL,0.8,0.6,1.4,1.5,5.8,5.3,3.8,4.9,2.6,2.5,3.0,2.8,15.2,14.0,8.2,10.6,4.4,3.6,2.6,4.1,6.0,6.6,3.4,4.1,1.6,2.111111111111111,1.0,2.0,1.5,1.875,0.25,1.0,23.0,21.5,14.4,16.9,16.8,14.0,13.0,13.0,432.2,400.1,435.0,420.4,323.0,304.9,331.0,326.8,17.6,16.1,21.8,18.5,10.4,10.5,10.6,10.3,59.6,55.5,59.4,54.3,0.8333333333333334,1.1666666666666667,4.722222222222222,4.444444444444445,2.9444444444444446,3.3333333333333335,12.88888888888889,9.666666666666666,3.611111111111111,3.5,5.777777777777778,4.277777777777778,2.1875,1.6875,1.6666666666666667,0.8,18.77777777777778,15.61111111111111,14.277777777777779,13.11111111111111,356.05555555555554,385.1111111111111,263.3333333333333,292.1666666666667,17.22222222222222,16.166666666666668,10.38888888888889,9.444444444444445,50.166666666666664,50.111111111111114,18
2026-07-30,m_4ZaB72,2,t_2qXAzu,Huracán,VISITANTE,0.8,0.6,1.2,1.3,6.6,5.3,3.6,4.7,2.4,2.0,2.8,2.8,17.6,14.6,8.2,10.1,6.2,4.2,2.4,3.5,6.6,6.6,3.8,4.3,1.8,2.111111111111111,1.0,1.3333333333333333,1.75,1.875,0.25,0.5,26.6,22.0,13.0,16.7,16.0,14.0,12.6,13.2,468.0,419.9,395.4,410.0,357.4,323.0,290.6,315.0,18.6,16.6,20.0,18.6,11.4,11.3,9.8,9.9,58.2,56.3,59.2,56.2,0.8421052631578947,1.105263157894737,4.684210526315789,4.315789473684211,2.8421052631578947,3.3157894736842106,13.31578947368421,9.421052631578947,4.0,3.3684210526315788,5.894736842105263,4.2105263157894735,2.235294117647059,1.588235294117647,1.6875,0.75,19.31578947368421,15.473684210526315,14.105263157894736,13.052631578947368,362.7894736842105,382.42105263157896,270.3157894736842,289.8421052631579,17.105263157894736,16.210526315789473,10.526315789473685,9.368421052631579,50.36842105263158,50.473684210526315,19
2026-08-04,m_0KKvFY,3,t_2qXAzu,Huracán,LOCAL,1.0,0.8,1.0,1.4,6.4,5.2,3.8,4.9,2.25,2.0,3.0,2.7777777777777777,19.6,15.5,10.0,10.1,6.8,4.7,3.2,3.7,7.2,6.6,4.8,4.3,2.2,2.1,1.2,1.4,1.6,1.7777777777777777,0.6,0.6666666666666666,30.4,23.4,13.0,16.5,15.4,13.5,12.0,12.8,452.0,418.2,407.2,414.7,344.8,323.2,300.2,319.7,17.2,16.1,17.4,18.4,12.0,11.4,8.2,9.0,59.6,56.5,57.4,56.0,0.9,1.1,4.6,4.4,2.8421052631578947,3.3157894736842106,13.7,9.65,4.15,3.5,5.9,4.35,2.2222222222222223,1.6111111111111112,1.6470588235294117,0.8235294117647058,19.9,15.45,14.0,12.8,357.8,387.45,266.3,294.9,16.85,16.1,10.6,9.0,50.5,50.05,20
2026-08-09,m_3Oow95,4,t_2qXAzu,Huracán,VISITANTE,1.0,0.8,1.0,1.4,6.0,5.1,4.8,4.8,2.5,2.111111111111111,3.25,2.888888888888889,21.0,16.6,12.2,10.2,6.8,4.7,3.6,3.6,8.8,7.5,5.8,4.1,2.2,2.0,1.2,1.3,1.6,1.6666666666666667,0.6,0.5555555555555556,29.8,24.1,16.4,16.7,13.2,12.5,12.2,13.1,477.0,449.3,415.8,390.6,379.0,355.1,319.6,297.0,20.4,17.6,15.4,18.3,12.6,11.7,8.6,8.9,60.4,56.8,60.0,56.1,0.8571428571428571,1.0476190476190477,4.571428571428571,4.476190476190476,2.8,3.3,13.80952380952381,9.952380952380953,4.0,3.4761904761904763,6.190476190476191,4.523809523809524,2.1578947368421053,1.5263157894736843,1.6111111111111112,0.7777777777777778,19.761904761904763,15.80952380952381,13.523809523809524,12.761904761904763,366.95238095238096,382.85714285714283,276.0,291.3809523809524,17.666666666666668,15.904761904761905,10.80952380952381,9.095238095238095,50.857142857142854,50.666666666666664,21
2026-08-16,m_0VVZir,5,t_2qXAzu,Huracán,VISITANTE,0.6,0.8,0.8,1.3,3.0,4.5,5.4,4.7,3.0,2.3333333333333335,2.75,2.7777777777777777,15.4,14.9,13.4,10.6,5.0,4.4,3.8,3.6,6.6,6.1,7.0,4.8,1.8,1.8,1.4,1.3,1.4,1.4444444444444444,0.8,0.5555555555555556,21.2,22.0,18.2,16.5,13.2,12.9,13.4,13.3,421.0,434.1,419.4,397.8,329.4,339.7,328.4,304.3,20.2,18.1,17.6,19.9,14.4,11.9,7.2,8.6,55.0,55.8,60.0,57.7,0.8181818181818182,1.0909090909090908,4.454545454545454,4.454545454545454,2.8095238095238093,3.2857142857142856,13.545454545454545,10.136363636363637,3.909090909090909,3.5454545454545454,6.0,4.681818181818182,2.15,1.6,1.631578947368421,0.7894736842105263,19.545454545454547,15.863636363636363,13.363636363636363,13.136363636363637,368.90909090909093,381.5,278.3181818181818,290.09090909090907,17.772727272727273,16.59090909090909,11.045454545454545,8.727272727272727,50.77272727272727,51.36363636363637,22
2026-08-23,m_3jpi32,6,t_2qXAzu,Huracán,LOCAL,0.6,0.7,1.0,1.2,3.4,4.6,5.4,4.6,2.5,2.5555555555555554,2.75,2.888888888888889,15.2,15.2,13.4,10.8,4.2,4.3,4.0,3.3,6.8,6.4,7.0,5.2,1.6,1.6,1.4,1.2,1.5,1.5,0.75,0.5,20.0,21.5,18.2,16.3,10.6,13.7,13.4,13.2,429.2,430.7,330.2,382.6,347.8,335.4,244.8,287.9,19.0,18.3,18.2,20.0,12.0,11.2,6.4,8.5,51.6,55.6,54.8,57.1,0.782608695652174,1.1304347826086956,4.434782608695652,4.6521739130434785,2.8636363636363638,3.227272727272727,13.391304347826088,10.478260869565217,3.739130434782609,3.608695652173913,6.0,4.869565217391305,2.0476190476190474,1.619047619047619,1.631578947368421,0.7894736842105263,19.043478260869566,16.17391304347826,13.478260869565217,13.173913043478262,371.95652173913044,373.17391304347825,281.69565217391306,281.8695652173913,17.608695652173914,16.608695652173914,10.73913043478261,8.782608695652174,50.47826086956522,51.130434782608695,23
2026-08-29,m_0m7kON,7,t_2qXAzu,Huracán,LOCAL,0.4,0.6,1.0,1.1,3.2,4.9,5.8,4.7,2.25,2.3333333333333335,3.0,2.888888888888889,13.4,15.5,15.0,11.6,2.8,4.5,4.2,3.3,6.2,6.4,7.6,5.7,1.0,1.4,1.8,1.4,1.0,1.375,1.25,0.75,17.4,22.0,19.0,16.0,10.2,13.1,15.2,13.9,445.2,456.6,311.8,353.6,355.4,356.4,220.2,255.4,20.0,19.3,19.2,19.6,11.6,11.5,7.0,8.4,51.8,55.0,53.6,56.4,0.75,1.0833333333333333,4.375,4.625,2.739130434782609,3.260869565217391,13.333333333333334,10.583333333333334,3.75,3.5416666666666665,5.958333333333333,4.916666666666667,1.9545454545454546,1.6363636363636365,1.55,0.85,18.916666666666668,16.208333333333332,13.291666666666666,13.5,379.9583333333333,367.7083333333333,288.0416666666667,275.3333333333333,17.708333333333332,16.833333333333332,10.75,8.875,50.666666666666664,51.125,24
2026-09-04,m_1hvbqC,8,t_2qXAzu,Huracán,VISITANTE,0.2,0.6,1.0,1.0,4.2,5.3,5.0,4.4,2.2,2.2222222222222223,3.2,3.111111111111111,12.8,16.2,13.2,11.6,1.8,4.3,3.2,3.2,6.4,6.8,6.8,5.8,1.0,1.6,1.6,1.4,1.0,1.3333333333333333,0.75,0.6666666666666666,16.6,23.5,18.2,15.6,10.2,12.8,17.0,14.5,492.6,472.3,269.4,338.3,401.2,373.0,179.4,239.8,20.6,18.9,19.4,18.4,12.0,12.0,11.4,9.8,50.2,54.9,52.0,54.7,0.76,1.08,4.52,4.52,2.7083333333333335,3.2916666666666665,13.52,10.36,3.68,3.44,6.0,4.84,1.9565217391304348,1.608695652173913,1.5238095238095237,0.8095238095238095,19.24,16.0,13.24,13.64,384.76,363.84,293.28,271.8,17.6,16.76,10.88,9.48,50.44,50.44,25
2026-09-14,m_1jSOwn,9,t_2qXAzu,Huracán,LOCAL,0.4,0.7,1.2,1.1,4.6,5.3,4.4,4.6,2.2,2.3333333333333335,3.0,3.111111111111111,13.8,17.4,11.4,11.8,3.2,5.0,3.2,3.4,5.8,7.3,5.6,5.7,2.0,2.1,1.8,1.5,2.0,1.7777777777777777,0.75,0.6666666666666666,19.0,24.4,15.8,16.1,11.4,12.3,16.4,14.3,477.0,477.0,289.2,352.5,386.2,382.6,196.4,258.0,18.2,19.3,22.4,18.9,12.0,12.3,11.8,10.2,52.2,56.3,50.6,55.3,0.7692307692307693,1.0769230769230769,4.576923076923077,4.461538461538462,2.68,3.24,13.807692307692308,10.23076923076923,3.8461538461538463,3.423076923076923,6.115384615384615,4.730769230769231,2.125,1.5833333333333333,1.6818181818181819,0.7727272727272727,19.615384615384617,15.807692307692308,13.115384615384615,13.461538461538462,388.11538461538464,364.84615384615387,297.1923076923077,273.11538461538464,17.76923076923077,17.153846153846153,11.038461538461538,9.615384615384615,51.11538461538461,50.65384615384615,26
2026-09-14,m_3n69Oa,Clausura - Round 9,t_2qXAzu,Huracán,LOCAL,0.8,0.7,1.0,0.9,4.8,3.9,4.6,5.0,2.0,2.4444444444444446,3.0,2.888888888888889,16.4,15.9,11.8,12.6,4.0,4.5,4.0,3.9,7.4,7.0,5.0,6.0,2.4,2.1,1.2,1.3,2.0,1.6666666666666667,0.5,0.6666666666666666,22.0,21.6,20.6,19.4,11.6,12.4,14.2,13.8,459.8,440.4,315.8,367.6,368.0,348.7,221.4,274.9,18.0,19.1,20.8,19.2,10.8,12.6,14.2,10.7,55.8,55.4,47.4,53.7,0.8148148148148148,1.0740740740740742,4.518518518518518,4.481481481481482,2.6538461538461537,3.230769230769231,14.074074074074074,10.444444444444445,3.925925925925926,3.6296296296296298,6.2592592592592595,4.7407407407407405,2.2,1.52,1.6956521739130435,0.7391304347826086,20.0,16.74074074074074,13.037037037037036,13.333333333333334,385.74074074074076,369.3333333333333,294.9259259259259,277.3703703703704,17.814814814814813,17.37037037037037,11.0,9.74074074074074,51.7037037037037,50.629629629629626,27
2026-10-04,m_1JKni6,Clausura - Round 11,t_2qXAzu,Huracán,LOCAL,1.2,0.9,0.8,0.9,4.6,4.0,3.8,4.6,1.6,2.0,3.2,3.0,18.6,16.9,11.4,12.4,5.2,4.7,4.8,4.4,8.2,7.5,4.2,5.6,3.2,2.4,0.8,1.1,2.0,1.7777777777777777,0.4,0.5555555555555556,26.4,23.2,24.2,21.2,10.6,10.6,13.4,13.4,436.8,433.0,375.0,352.6,344.0,345.9,278.8,261.8,19.0,19.0,22.0,20.1,12.0,12.0,14.8,10.6,60.4,56.0,48.2,51.5,0.8571428571428571,1.0714285714285714,4.464285714285714,4.5,2.6296296296296298,3.2222222222222223,14.321428571428571,10.642857142857142,4.0,3.8214285714285716,6.392857142857143,4.75,2.269230769230769,1.4615384615384615,1.7083333333333333,0.7083333333333334,20.357142857142858,17.607142857142858,12.964285714285714,13.214285714285714,383.5357142857143,373.5,292.82142857142856,281.32142857142856,17.857142857142858,17.571428571428573,10.964285714285714,9.857142857142858,52.25,50.607142857142854,28
2026-01-22,m_0MqdAY,1,t_2rD0OF,Aldosivi,LOCAL,,,,,,,,,,,,,,,,,,,,,,,,,,,,,,,,,,,,,,,,,,,,,,,,,,,,,,,,,,,,,,,,,,,,,,,,,,,,,,,,,,,,,,,,,,,0
2026-01-28,m_2kLUw0,2,t_2rD0OF,Aldosivi,LOCAL,0.0,0.0,0.0,0.0,4.0,4.0,4.0,4.0,0.0,0.0,4.0,4.0,10.0,10.0,9.0,9.0,2.0,2.0,3.0,3.0,5.0,5.0,5.0,5.0,1.0,1.0,0.0,0.0,1.0,1.0,0.0,0.0,16.0,16.0,17.0,17.0,6.0,6.0,18.0,18.0,301.0,301.0,244.0,244.0,211.0,211.0,167.0,167.0,17.0,17.0,19.0,19.0,12.0,12.0,5.0,5.0,38.0,38.0,43.0,43.0,0.0,0.0,4.0,4.0,0.0,4.0,10.0,9.0,2.0,3.0,5.0,5.0,1.0,0.0,1.0,0.0,16.0,17.0,6.0,18.0,301.0,244.0,211.0,167.0,17.0,19.0,12.0,5.0,38.0,43.0,1
2026-02-02,m_3OMXQ9,3,t_2rD0OF,Aldosivi,VISITANTE,0.0,0.0,0.0,0.0,2.5,2.5,3.5,3.5,0.0,0.0,4.0,4.0,9.0,9.0,8.5,8.5,2.5,2.5,3.0,3.0,4.0,4.0,4.5,4.5,1.0,1.0,0.0,0.0,1.0,1.0,0.0,0.0,13.0,13.0,15.5,15.5,5.5,5.5,17.0,17.0,306.0,306.0,338.5,338.5,205.0,205.0,255.5,255.5,19.5,19.5,19.0,19.0,15.0,15.0,8.5,8.5,44.5,44.5,52.0,52.0,0.0,0.0,2.5,3.5,0.0,4.0,9.0,8.5,2.5,3.0,4.0,4.5,1.0,0.0,1.0,0.0,13.0,15.5,5.5,17.0,306.0,338.5,205.0,255.5,19.5,19.0,15.0,8.5,44.5,52.0,2
2026-02-07,m_0WCpY7,4,t_2rD0OF,Aldosivi,LOCAL,0.3333333333333333,0.3333333333333333,1.0,1.0,2.6666666666666665,2.6666666666666665,2.6666666666666665,2.6666666666666665,0.6666666666666666,0.6666666666666666,3.0,3.0,10.333333333333334,10.333333333333334,10.333333333333334,10.333333333333334,2.0,2.0,4.0,4.0,5.0,5.0,5.333333333333333,5.333333333333333,1.5,1.5,1.5,1.5,1.0,1.0,0.5,0.5,16.666666666666668,16.666666666666668,14.333333333333334,14.333333333333334,9.333333333333334,9.333333333333334,15.666666666666666,15.666666666666666,314.3333333333333,314.3333333333333,340.6666666666667,340.6666666666667,217.0,217.0,262.3333333333333,262.3333333333333,17.666666666666668,17.666666666666668,17.333333333333332,17.333333333333332,13.333333333333334,13.333333333333334,9.0,9.0,43.666666666666664,43.666666666666664,48.666666666666664,48.666666666666664,0.3333333333333333,1.0,2.6666666666666665,2.6666666666666665,0.6666666666666666,3.0,10.333333333333334,10.333333333333334,2.0,4.0,5.0,5.333333333333333,1.5,1.5,1.0,0.5,16.666666666666668,14.333333333333334,9.333333333333334,15.666666666666666,314.3333333333333,340.6666666666667,217.0,262.3333333333333,17.666666666666668,17.333333333333332,13.333333333333334,9.0,43.666666666666664,48.666666666666664,3
2026-02-12,m_1H9yMb,5,t_2rD0OF,Aldosivi,VISITANTE,0.5,0.5,1.0,1.0,3.0,3.0,3.75,3.75,0.75,0.75,3.25,3.25,10.25,10.25,11.5,11.5,2.5,2.5,4.0,4.0,4.5,4.5,5.75,5.75,1.3333333333333333,1.3333333333333333,1.0,1.0,1.0,1.0,0.5,0.5,16.5,16.5,14.25,14.25,9.5,9.5,16.75,16.75,360.75,360.75,330.0,330.0,270.0,270.0,250.0,250.0,17.5,17.5,19.0,19.0,11.75,11.75,8.25,8.25,47.5,47.5,52.0,52.0,0.5,1.0,3.0,3.75,0.75,3.25,10.25,11.5,2.5,4.0,4.5,5.75,1.3333333333333333,1.0,1.0,0.5,16.5,14.25,9.5,16.75,360.75,330.0,270.0,250.0,17.5,19.0,11.75,8.25,47.5,52.0,4
2026-02-23,m_4P2osf,6,t_2rD0OF,Aldosivi,VISITANTE,0.6,0.6,0.8,0.8,3.8,3.8,3.8,3.8,1.2,1.2,3.0,3.0,11.0,11.0,11.2,11.2,3.2,3.2,3.2,3.2,4.4,4.4,6.2,6.2,1.5,1.5,0.75,0.75,1.0,1.0,0.3333333333333333,0.3333333333333333,16.2,16.2,14.2,14.2,9.4,9.4,16.8,16.8,345.2,345.2,332.8,332.8,253.6,253.6,251.8,251.8,18.2,18.2,18.4,18.4,10.6,10.6,8.2,8.2,47.2,47.2,51.2,51.2,0.6,0.8,3.8,3.8,1.2,3.0,11.0,11.2,3.2,3.2,4.4,6.2,1.5,0.75,1.0,0.3333333333333333,16.2,14.2,9.4,16.8,345.2,332.8,253.6,251.8,18.2,18.4,10.6,8.2,47.2,51.2,5
2026-03-03,m_0KBmAa,8,t_2rD0OF,Aldosivi,VISITANTE,0.8,0.6666666666666666,0.8,0.6666666666666666,3.2,3.3333333333333335,3.8,3.8333333333333335,1.8,1.5,2.8,3.0,13.0,12.5,11.8,11.333333333333334,4.0,3.6666666666666665,3.2,3.1666666666666665,5.2,5.166666666666667,6.0,5.833333333333333,1.75,1.6,1.0,0.8,1.0,1.0,0.6666666666666666,0.5,20.0,19.333333333333332,14.0,14.5,11.0,10.166666666666666,15.0,15.5,352.2,343.6666666666667,362.0,342.3333333333333,263.8,255.0,276.4,258.1666666666667,18.0,17.833333333333332,18.6,18.666666666666668,11.2,11.333333333333334,10.2,9.333333333333334,51.4,49.166666666666664,52.4,50.833333333333336,0.6666666666666666,0.6666666666666666,3.3333333333333335,3.8333333333333335,1.5,3.0,12.5,11.333333333333334,3.6666666666666665,3.1666666666666665,5.166666666666667,5.833333333333333,1.6,0.8,1.0,0.5,19.333333333333332,14.5,10.166666666666666,15.5,343.6666666666667,342.3333333333333,255.0,258.1666666666667,17.833333333333332,18.666666666666668,11.333333333333334,9.333333333333334,49.166666666666664,50.833333333333336,6
2026-03-12,m_3yk8on,10,t_2rD0OF,Aldosivi,VISITANTE,0.8,0.5714285714285714,1.2,0.8571428571428571,3.8,3.4285714285714284,4.2,4.0,2.0,1.4285714285714286,2.6,3.0,14.2,12.714285714285714,13.0,11.714285714285714,3.4,3.142857142857143,3.0,3.0,6.2,5.571428571428571,6.8,6.142857142857143,1.4,1.3333333333333333,1.4,1.1666666666666667,0.75,0.8,1.25,1.0,22.4,19.714285714285715,15.4,15.428571428571429,11.4,9.714285714285714,14.6,15.285714285714286,380.2,359.0,322.2,326.85714285714283,295.0,269.2857142857143,238.6,243.42857142857142,18.0,18.428571428571427,18.6,18.714285714285715,9.2,10.857142857142858,10.0,9.571428571428571,49.0,47.714285714285715,49.8,50.42857142857143,0.5714285714285714,0.8571428571428571,3.4285714285714284,4.0,1.4285714285714286,3.0,12.714285714285714,11.714285714285714,3.142857142857143,3.0,5.571428571428571,6.142857142857143,1.3333333333333333,1.1666666666666667,0.8,1.0,19.714285714285715,15.428571428571429,9.714285714285714,15.285714285714286,359.0,326.85714285714283,269.2857142857143,243.42857142857142,18.428571428571427,18.714285714285715,10.857142857142858,9.571428571428571,47.714285714285715,50.42857142857143,7
2026-03-16,m_2vu8vn,11,t_2rD0OF,Aldosivi,LOCAL,0.8,0.625,0.8,0.875,4.2,3.625,6.2,4.875,1.8,1.375,3.0,3.0,13.0,12.0,13.6,12.375,3.4,2.875,2.8,3.25,5.2,5.125,7.4,6.625,1.2,1.2857142857142858,1.4,1.4285714285714286,0.5,0.6666666666666666,1.5,1.1666666666666667,19.4,18.375,17.8,16.5,11.6,10.75,14.0,14.625,363.0,344.75,336.2,337.875,274.2,252.75,241.6,249.375,18.6,18.25,17.6,17.5,10.6,11.625,9.0,9.0,49.6,47.375,49.8,49.375,0.625,0.875,3.625,4.875,1.375,3.0,12.0,12.375,2.875,3.25,5.125,6.625,1.2857142857142858,1.4285714285714286,0.6666666666666666,1.1666666666666667,18.375,16.5,10.75,14.625,344.75,337.875,252.75,249.375,18.25,17.5,11.625,9.0,47.375,49.375,8
2026-03-22,m_49lsqf,12,t_2rD0OF,Aldosivi,VISITANTE,0.6,0.5555555555555556,0.6,0.7777777777777778,4.2,3.6666666666666665,5.6,4.777777777777778,2.2,1.5555555555555556,2.6,2.888888888888889,13.8,12.222222222222221,13.0,12.333333333333334,3.4,3.0,2.4,3.111111111111111,6.0,5.333333333333333,7.2,6.555555555555555,1.25,1.2857142857142858,1.75,1.4285714285714286,0.5,0.6666666666666666,1.5,1.1666666666666667,19.6,18.22222222222222,18.4,16.555555555555557,12.0,10.88888888888889,13.4,14.88888888888889,350.2,354.8888888888889,332.6,331.44444444444446,257.2,262.8888888888889,236.6,242.55555555555554,18.4,18.0,16.2,17.444444444444443,11.4,11.555555555555555,10.0,9.222222222222221,46.6,47.0,47.6,49.55555555555556,0.5555555555555556,0.7777777777777778,3.6666666666666665,4.777777777777778,1.5555555555555556,2.888888888888889,12.222222222222221,12.333333333333334,3.0,3.111111111111111,5.333333333333333,6.555555555555555,1.2857142857142858,1.4285714285714286,0.6666666666666666,1.1666666666666667,18.22222222222222,16.555555555555557,10.88888888888889,14.88888888888889,354.8888888888889,331.44444444444446,262.8888888888889,242.55555555555554,18.0,17.444444444444443,11.555555555555555,9.222222222222221,47.0,49.55555555555556,9
2026-03-31,m_3hUrMw,7,t_2rD0OF,Aldosivi,LOCAL,0.4,0.5,1.0,0.9,4.2,4.0,5.8,4.8,2.2,1.7,2.8,2.9,13.4,12.2,13.0,12.1,2.6,2.9,3.2,3.2,6.6,5.5,6.4,6.3,0.75,1.125,2.25,1.5,0.3333333333333333,0.6666666666666666,2.0,1.1666666666666667,21.8,19.0,20.0,17.1,11.8,10.6,11.6,14.2,369.8,357.5,319.6,326.2,279.0,266.3,223.8,237.8,16.8,17.5,15.0,16.7,11.2,10.9,9.6,8.9,46.2,46.7,45.4,48.3,0.5,0.9,4.0,4.8,1.7,2.9,12.2,12.1,2.9,3.2,5.5,6.3,1.125,1.5,0.6666666666666666,1.1666666666666667,19.0,17.1,10.6,14.2,357.5,326.2,266.3,237.8,17.5,16.7,10.9,8.9,46.7,48.3,10
2026-04-04,m_3pnBbL,13,t_2rD0OF,Aldosivi,LOCAL,0.2,0.5,1.4,1.1,4.4,3.8,6.2,5.0,2.2,2.0,2.6,2.7,11.6,12.3,11.6,11.7,2.4,3.2,3.4,3.3,5.4,5.3,5.8,5.9,0.5,1.125,2.75,1.875,0.3333333333333333,0.6666666666666666,2.0,1.3333333333333333,17.0,18.5,20.0,17.0,11.8,11.4,12.0,13.5,348.2,350.2,382.0,372.0,258.2,261.0,289.4,282.9,18.4,18.2,15.0,16.8,11.6,11.4,7.6,8.9,45.0,48.2,45.6,49.0,0.45454545454545453,1.0,3.8181818181818183,4.909090909090909,1.8181818181818181,2.8181818181818183,12.090909090909092,11.454545454545455,3.090909090909091,3.272727272727273,5.2727272727272725,5.818181818181818,1.1111111111111112,1.6666666666666667,0.7142857142857143,1.1428571428571428,18.272727272727273,17.0,10.909090909090908,13.909090909090908,345.72727272727275,360.3636363636364,256.45454545454544,272.3636363636364,18.09090909090909,17.0,11.454545454545455,8.545454545454545,47.27272727272727,48.45454545454545,11
2026-04-11,m_4OXsD0,14,t_2rD0OF,Aldosivi,VISITANTE,0.2,0.5,1.0,1.1,4.8,4.3,7.2,5.7,3.0,2.5,2.4,2.5,11.0,12.6,11.4,12.2,3.0,3.2,3.4,3.2,5.2,5.7,5.4,6.1,1.0,1.2222222222222223,2.5,1.8888888888888888,1.0,0.8571428571428571,1.6666666666666667,1.4285714285714286,17.0,19.7,20.0,17.7,13.6,12.5,11.4,13.0,306.2,343.2,429.6,375.9,216.8,255.9,333.2,285.9,16.6,17.3,13.0,15.8,12.4,10.8,6.8,8.4,47.8,48.4,48.2,49.0,0.4166666666666667,0.9166666666666666,4.0,5.333333333333333,2.0833333333333335,2.75,12.0,11.583333333333334,3.0833333333333335,3.1666666666666665,5.416666666666667,5.833333333333333,1.2,1.7,0.875,1.25,18.583333333333332,17.333333333333332,11.333333333333334,13.666666666666666,337.0,369.6666666666667,247.41666666666666,280.8333333333333,17.666666666666668,16.333333333333332,11.5,8.416666666666666,47.75,49.5,12
2026-04-19,m_3XlvKO,15,t_2rD0OF,Aldosivi,LOCAL,0.0,0.4,1.0,0.9,4.2,4.2,5.6,5.9,4.0,2.9,1.8,2.4,11.4,12.2,11.0,12.3,3.6,3.5,2.6,2.7,5.8,5.5,4.8,6.1,1.25,1.2222222222222223,2.0,1.6666666666666667,1.6666666666666667,1.0,1.0,1.2857142857142858,17.6,18.5,18.2,18.0,13.8,12.7,10.6,12.3,295.4,329.2,437.0,386.6,216.0,245.1,354.6,298.1,18.2,18.4,14.2,15.9,10.0,10.3,7.2,8.1,47.0,48.3,47.8,48.8,0.38461538461538464,0.9230769230769231,3.8461538461538463,5.153846153846154,2.3846153846153846,2.5384615384615383,11.76923076923077,11.846153846153847,3.1538461538461537,3.0,5.384615384615385,5.923076923076923,1.2727272727272727,1.6363636363636365,1.0,1.1111111111111112,18.076923076923077,17.153846153846153,11.923076923076923,13.076923076923077,325.7692307692308,376.0,238.6153846153846,289.84615384615387,18.23076923076923,16.23076923076923,11.0,8.307692307692308,47.23076923076923,48.76923076923077,13
2026-04-26,m_3Nkc9o,16,t_2rD0OF,Aldosivi,VISITANTE,0.2,0.4,1.2,0.9,4.4,4.3,5.0,5.3,3.6,2.9,2.2,2.4,12.8,13.3,10.2,11.6,3.6,3.5,3.4,2.9,6.0,6.0,4.0,5.6,1.4,1.3333333333333333,1.6,1.6666666666666667,1.5,1.0,0.75,1.125,21.0,20.3,17.6,18.0,13.4,12.7,10.2,11.8,312.0,331.1,425.0,378.8,234.0,245.6,342.0,289.3,18.4,18.4,15.0,15.6,9.0,10.2,7.2,8.6,47.2,46.9,47.2,47.4,0.42857142857142855,0.9285714285714286,3.9285714285714284,4.857142857142857,2.2857142857142856,2.642857142857143,12.428571428571429,11.571428571428571,3.2142857142857144,3.2142857142857144,5.571428571428571,5.642857142857143,1.3333333333333333,1.5,1.0,1.0,19.214285714285715,16.928571428571427,11.785714285714286,13.214285714285714,339.57142857142856,364.85714285714283,252.57142857142858,278.07142857142856,18.142857142857142,16.571428571428573,10.642857142857142,8.5,47.07142857142857,48.714285714285715,14
2026-05-03,m_3MfCw1,9,t_2rD0OF,Aldosivi,LOCAL,0.8,0.6,1.0,1.0,4.6,4.4,4.2,5.0,3.4,2.8,2.2,2.5,15.2,14.3,9.2,11.1,4.4,3.5,3.0,3.1,6.6,6.6,3.8,5.1,2.4,1.6666666666666667,1.4,1.7777777777777777,1.8,1.25,0.6,1.125,22.4,22.1,14.8,17.4,14.2,13.0,11.8,11.7,351.4,360.6,418.4,369.0,275.4,277.2,336.4,280.1,18.4,17.6,16.0,15.5,9.4,10.3,6.8,8.2,48.4,47.3,48.0,46.7,0.6,0.9333333333333333,4.2,4.6,2.2666666666666666,2.6666666666666665,13.2,11.133333333333333,3.4,3.1333333333333333,5.866666666666666,5.466666666666667,1.6153846153846154,1.4615384615384615,1.1818181818181819,0.9090909090909091,20.133333333333333,16.333333333333332,11.8,13.4,355.46666666666664,356.93333333333334,269.3333333333333,270.6666666666667,17.8,16.466666666666665,10.4,8.2,47.266666666666666,48.2,15
2026-07-24,m_4cBLTF,1,t_2rD0OF,Aldosivi,VISITANTE,1.0,0.6,0.8,1.1,5.2,4.8,4.4,5.3,2.8,2.5,2.4,2.5,16.6,14.1,11.2,11.4,4.2,3.3,3.0,3.2,7.8,6.6,5.0,5.4,2.6,1.6666666666666667,0.8,1.6666666666666667,2.0,1.375,0.4,1.0,26.6,21.8,16.2,18.1,12.8,12.3,11.4,11.7,363.0,355.6,366.6,374.3,281.6,269.9,282.2,285.8,19.0,18.7,16.8,15.9,7.0,9.3,7.0,7.3,48.4,46.7,50.4,48.0,0.625,0.9375,4.25,4.75,2.125,2.6875,13.5,11.375,3.4375,3.1875,6.0625,5.5625,1.6428571428571428,1.3571428571428572,1.25,0.8333333333333334,20.875,16.75,11.5,13.125,351.125,362.3125,264.3125,275.4375,18.375,16.9375,10.0625,8.0625,47.625,49.0625,16
2026-07-29,m_03VPBd,2,t_2rD0OF,Aldosivi,VISITANTE,1.2,0.7,1.0,1.0,5.2,5.0,2.8,5.0,2.2,2.6,2.6,2.5,17.4,14.2,10.2,10.8,4.6,3.8,3.2,3.3,7.4,6.3,4.6,5.0,2.4,1.7777777777777777,0.6,1.4444444444444444,1.8,1.5,0.0,0.625,27.2,22.1,13.0,16.5,11.4,12.5,12.2,11.8,436.0,371.1,319.8,374.7,354.8,285.8,240.2,286.7,19.2,17.9,18.6,15.8,6.2,9.3,8.4,7.6,48.0,47.9,49.4,48.8,0.6470588235294118,0.9411764705882353,4.352941176470588,4.588235294117647,2.1176470588235294,2.7058823529411766,13.588235294117647,11.176470588235293,3.5294117647058822,3.176470588235294,6.0,5.470588235294118,1.6,1.3333333333333333,1.2307692307692308,0.7692307692307693,21.11764705882353,16.058823529411764,11.352941176470589,13.235294117647058,366.11764705882354,355.0,279.0,268.88235294117646,18.11764705882353,17.0,9.941176470588236,8.411764705882353,47.8235294117647,49.470588235294116,17
2026-08-02,m_2GNnDW,3,t_2rD0OF,Aldosivi,LOCAL,1.4,0.7,0.8,0.9,5.0,4.6,3.8,4.7,1.2,2.6,3.0,2.4,17.6,14.5,9.0,10.0,4.6,4.1,3.2,2.9,7.2,6.5,3.8,4.3,2.2,1.7777777777777777,0.6,1.2222222222222223,1.6,1.625,0.2,0.5,27.0,22.3,13.6,15.9,10.0,11.9,14.4,12.5,488.8,392.1,311.6,374.3,402.2,309.1,222.4,288.5,16.4,17.3,19.6,16.9,6.4,8.2,8.4,7.8,50.0,48.5,51.0,49.4,0.6666666666666666,0.8888888888888888,4.166666666666667,4.777777777777778,2.0555555555555554,2.6666666666666665,13.38888888888889,11.055555555555555,3.5555555555555554,3.0555555555555554,5.888888888888889,5.333333333333333,1.5625,1.3125,1.2142857142857142,0.7857142857142857,20.555555555555557,16.166666666666668,11.38888888888889,13.444444444444445,371.05555555555554,358.1111111111111,284.05555555555554,271.1111111111111,17.72222222222222,17.166666666666668,9.722222222222221,8.333333333333334,48.0,49.388888888888886,18
2026-08-07,m_4HTpja,4,t_2rD0OF,Aldosivi,VISITANTE,1.4,0.8,1.0,1.1,4.6,4.5,4.4,4.7,1.6,2.6,2.8,2.5,17.0,14.9,9.6,9.9,4.6,4.1,2.8,3.1,7.8,6.9,4.4,4.2,2.2,1.8,1.0,1.3,1.6,1.5555555555555556,0.2,0.4444444444444444,25.0,23.0,13.0,15.3,10.0,11.7,13.6,11.9,458.8,385.4,340.4,382.7,367.0,300.5,252.4,297.2,16.8,17.6,17.4,16.2,6.6,7.8,7.2,7.2,54.2,50.7,53.6,50.4,0.6842105263157895,0.9473684210526315,4.105263157894737,4.7368421052631575,2.1052631578947367,2.6842105263157894,13.631578947368421,11.052631578947368,3.5789473684210527,3.1052631578947367,6.157894736842105,5.315789473684211,1.588235294117647,1.3529411764705883,1.2,0.7333333333333333,20.736842105263158,15.894736842105264,11.31578947368421,13.31578947368421,370.94736842105266,358.42105263157896,282.6842105263158,271.3157894736842,17.789473684210527,16.789473684210527,9.578947368421053,8.157894736842104,48.94736842105263,50.0,19
2026-08-15,m_0kIwxH,5,t_2rD0OF,Aldosivi,LOCAL,1.0,0.9,1.2,1.1,3.6,4.1,6.2,5.2,1.4,2.4,2.2,2.2,14.2,14.7,13.4,11.3,4.4,4.4,3.2,3.1,6.8,6.7,6.4,5.1,1.4,1.9,1.4,1.4,1.2,1.5,0.6,0.6,20.2,21.3,20.8,17.8,10.2,12.2,11.2,11.5,389.0,370.2,407.8,413.1,293.0,284.2,320.6,328.5,19.0,18.7,17.6,16.8,7.4,8.4,8.2,7.5,57.0,52.7,59.0,53.5,0.7,1.0,4.05,5.0,2.05,2.55,13.45,11.7,3.65,3.15,6.1,5.7,1.5555555555555556,1.4444444444444444,1.1875,0.8125,20.15,17.45,11.4,12.85,363.85,369.65,275.25,283.15,18.1,16.75,9.65,8.2,49.7,50.9,20
2026-08-21,m_4g29p2,6,t_2rD0OF,Aldosivi,LOCAL,0.8,0.9,1.0,0.9,4.0,4.6,6.6,5.5,1.8,2.3,2.2,2.3,15.0,15.8,13.0,12.1,4.4,4.3,2.8,2.9,7.2,7.5,6.0,5.5,1.2,1.9,1.6,1.2,1.0,1.5,0.8,0.6,17.4,22.0,19.8,18.0,11.2,12.0,11.2,11.3,399.0,381.0,399.2,382.9,301.4,291.5,314.2,298.2,18.2,18.6,16.8,16.8,9.0,8.0,8.2,7.6,57.6,53.0,56.6,53.5,0.6666666666666666,0.9523809523809523,4.190476190476191,5.190476190476191,2.0476190476190474,2.5714285714285716,13.857142857142858,11.761904761904763,3.6666666666666665,3.0952380952380953,6.333333333333333,5.666666666666667,1.5263157894736843,1.4210526315789473,1.1764705882352942,0.8235294117647058,20.047619047619047,17.476190476190474,11.428571428571429,12.666666666666666,362.5238095238095,371.0952380952381,273.14285714285717,284.6666666666667,18.333333333333332,16.904761904761905,9.80952380952381,8.095238095238095,50.0,50.857142857142854,21
2026-08-30,m_1B4lCI,7,t_2rD0OF,Aldosivi,VISITANTE,0.8,1.0,1.4,1.2,3.6,4.4,7.0,4.9,2.0,2.1,1.8,2.2,14.6,16.0,15.0,12.6,4.2,4.4,3.6,3.4,7.4,7.4,6.6,5.6,1.0,1.7,2.0,1.3,0.8,1.3,1.0,0.5,15.6,21.4,24.0,18.5,10.6,11.0,10.0,11.1,342.8,389.4,440.6,380.2,245.4,300.1,354.2,297.2,20.8,20.0,17.2,17.9,10.0,8.1,6.8,7.6,58.0,53.0,57.6,53.5,0.6818181818181818,1.0454545454545454,4.181818181818182,5.136363636363637,2.090909090909091,2.5,13.818181818181818,12.045454545454545,3.6818181818181817,3.272727272727273,6.318181818181818,5.7272727272727275,1.45,1.5,1.1111111111111112,0.8333333333333334,19.863636363636363,17.863636363636363,11.181818181818182,12.5,360.8181818181818,374.45454545454544,271.3636363636364,288.27272727272725,18.727272727272727,17.045454545454547,9.954545454545455,8.045454545454545,50.13636363636363,51.31818181818182,22
2026-09-05,m_3GuLGz,8,t_2rD0OF,Aldosivi,LOCAL,1.0,1.2,1.6,1.2,6.2,5.6,5.8,4.8,2.0,1.6,2.2,2.6,17.4,17.5,14.6,11.8,4.8,4.7,3.8,3.5,8.8,8.0,7.0,5.4,1.6,1.9,2.2,1.4,1.2,1.4,1.0,0.6,20.2,23.6,22.6,18.1,9.6,9.8,9.2,11.8,369.6,429.2,399.8,355.7,275.8,339.0,319.0,270.7,21.6,19.0,19.2,19.4,11.2,8.8,8.2,8.3,57.6,53.8,55.6,53.3,0.7391304347826086,1.0434782608695652,4.608695652173913,5.0,2.0434782608695654,2.5652173913043477,14.26086956521739,11.826086956521738,3.8260869565217392,3.217391304347826,6.521739130434782,5.695652173913044,1.5714285714285714,1.5238095238095237,1.2105263157894737,0.8421052631578947,20.47826086956522,17.565217391304348,11.0,12.521739130434783,370.7391304347826,367.17391304347825,282.2608695652174,281.5217391304348,18.565217391304348,17.608695652173914,10.043478260869565,8.304347826086957,50.08695652173913,50.73913043478261,23
2026-09-12,m_2lA7Wg,9,t_2rD0OF,Aldosivi,VISITANTE,1.4,1.4,1.4,1.2,7.2,5.9,5.8,5.1,2.2,1.9,2.4,2.6,18.0,17.5,15.0,12.3,5.8,5.2,3.6,3.2,8.2,8.0,7.2,5.8,1.8,2.0,2.4,1.7,1.2,1.4,1.4,0.8,19.0,22.0,26.2,19.6,11.2,10.6,9.6,11.6,356.8,407.8,386.2,363.3,265.0,316.0,306.0,279.2,23.2,20.0,20.6,19.0,11.2,8.9,8.8,8.0,54.4,54.3,53.8,53.7,0.8333333333333334,1.0416666666666667,4.75,4.958333333333333,2.125,2.625,14.541666666666666,11.875,4.041666666666667,3.2083333333333335,6.583333333333333,5.708333333333333,1.6363636363636365,1.5909090909090908,1.2,0.9,20.375,18.041666666666668,11.291666666666666,12.541666666666666,368.0,364.2083333333333,279.0,278.5416666666667,18.916666666666668,17.583333333333332,9.916666666666666,8.291666666666666,50.083333333333336,50.791666666666664,24
2026-09-21,m_0bU15M,Clausura - Round 10,t_2rD0OF,Aldosivi,LOCAL,2.0,1.5,1.6,1.4,7.0,5.3,5.2,5.7,2.6,2.0,2.8,2.5,19.0,16.6,15.2,14.3,6.4,5.4,4.6,3.9,7.8,7.3,7.2,6.8,2.4,1.9,2.8,2.1,1.0,1.1,1.4,1.0,21.8,21.0,22.6,21.7,11.2,10.7,10.8,11.0,391.2,390.1,339.0,373.4,299.8,296.4,252.8,286.7,22.8,20.9,21.2,19.4,10.4,8.9,8.8,8.5,54.0,55.5,51.4,55.2,0.96,1.12,4.64,5.04,2.16,2.6,14.56,12.4,4.2,3.44,6.44,6.0,1.7391304347826086,1.7391304347826086,1.1428571428571428,0.9523809523809523,20.48,18.48,11.36,12.44,369.32,363.52,280.16,277.08,19.04,17.64,9.8,8.32,50.56,51.0,25
2026-10-04,m_1JKni6,Clausura - Round 11,t_2rD0OF,Aldosivi,VISITANTE,2.2,1.5,1.6,1.3,6.2,5.1,4.6,5.6,2.4,2.1,2.2,2.2,17.2,16.1,15.2,14.1,6.2,5.3,4.4,3.6,7.0,7.1,8.0,7.0,3.0,2.1,2.8,2.2,1.6,1.3,1.4,1.1,22.2,19.8,22.2,21.0,10.8,11.0,11.2,11.2,403.4,401.2,314.6,356.9,312.8,307.1,222.4,268.3,22.8,20.5,22.6,19.7,9.6,9.3,9.4,8.8,54.0,55.8,52.4,54.5,0.9615384615384616,1.0769230769230769,4.576923076923077,5.076923076923077,2.1153846153846154,2.5,14.5,12.423076923076923,4.153846153846154,3.3461538461538463,6.461538461538462,6.115384615384615,1.8333333333333333,1.7083333333333333,1.2727272727272727,0.9545454545454546,20.46153846153846,18.384615384615383,11.307692307692308,12.384615384615385,370.38461538461536,360.2307692307692,280.7692307692308,272.6923076923077,19.192307692307693,18.0,9.76923076923077,8.346153846153847,50.76923076923077,51.15384615384615,26
2026-01-23,m_1JjKsV,1,t_2rXlDo,Instituto,LOCAL,,,,,,,,,,,,,,,,,,,,,,,,,,,,,,,,,,,,,,,,,,,,,,,,,,,,,,,,,,,,,,,,,,,,,,,,,,,,,,,,,,,,,,,,,,,0
2026-01-26,m_1tV17s,2,t_2rXlDo,Instituto,VISITANTE,0.0,0.0,1.0,1.0,4.0,4.0,2.0,2.0,3.0,3.0,5.0,5.0,13.0,13.0,7.0,7.0,5.0,5.0,3.0,3.0,5.0,5.0,3.0,3.0,,,,,,,,,20.0,20.0,9.0,9.0,10.0,10.0,16.0,16.0,320.0,320.0,375.0,375.0,228.0,228.0,281.0,281.0,20.0,20.0,8.0,8.0,11.0,11.0,14.0,14.0,45.0,45.0,54.0,54.0,0.0,1.0,4.0,2.0,3.0,5.0,13.0,7.0,5.0,3.0,5.0,3.0,,,,,20.0,9.0,10.0,16.0,320.0,375.0,228.0,281.0,20.0,8.0,11.0,14.0,45.0,54.0,1
2026-02-04,m_4MfeT3,3,t_2rXlDo,Instituto,LOCAL,1.0,1.0,1.0,1.0,3.5,3.5,2.0,2.0,2.5,2.5,3.5,3.5,11.5,11.5,8.5,8.5,5.0,5.0,4.0,4.0,4.5,4.5,3.0,3.0,3.0,3.0,4.0,4.0,1.0,1.0,3.0,3.0,15.0,15.0,14.5,14.5,11.0,11.0,14.5,14.5,321.5,321.5,384.5,384.5,231.0,231.0,287.5,287.5,17.0,17.0,11.5,11.5,10.5,10.5,8.0,8.0,50.5,50.5,51.0,51.0,1.0,1.0,3.5,2.0,2.5,3.5,11.5,8.5,5.0,4.0,4.5,3.0,3.0,4.0,1.0,3.0,15.0,14.5,11.0,14.5,321.5,384.5,231.0,287.5,17.0,11.5,10.5,8.0,50.5,51.0,2
2026-02-09,m_185FrI,4,t_2rXlDo,Instituto,VISITANTE,1.3333333333333333,1.3333333333333333,1.3333333333333333,1.3333333333333333,3.3333333333333335,3.3333333333333335,2.3333333333333335,2.3333333333333335,2.6666666666666665,2.6666666666666665,3.3333333333333335,3.3333333333333335,11.333333333333334,11.333333333333334,9.333333333333334,9.333333333333334,4.666666666666667,4.666666666666667,5.0,5.0,5.333333333333333,5.333333333333333,2.6666666666666665,2.6666666666666665,3.0,3.0,3.0,3.0,1.5,1.5,2.0,2.0,16.666666666666668,16.666666666666668,13.0,13.0,12.0,12.0,14.666666666666666,14.666666666666666,334.3333333333333,334.3333333333333,382.6666666666667,382.6666666666667,245.0,245.0,293.0,293.0,16.333333333333332,16.333333333333332,10.666666666666666,10.666666666666666,12.0,12.0,8.333333333333334,8.333333333333334,50.666666666666664,50.666666666666664,47.0,47.0,1.3333333333333333,1.3333333333333333,3.3333333333333335,2.3333333333333335,2.6666666666666665,3.3333333333333335,11.333333333333334,9.333333333333334,4.666666666666667,5.0,5.333333333333333,2.6666666666666665,3.0,3.0,1.5,2.0,16.666666666666668,13.0,12.0,14.666666666666666,334.3333333333333,382.6666666666667,245.0,293.0,16.333333333333332,10.666666666666666,12.0,8.333333333333334,50.666666666666664,47.0,3
2026-02-16,m_3C7F2J,5,t_2rXlDo,Instituto,LOCAL,1.25,1.25,1.0,1.0,3.5,3.5,3.5,3.5,2.25,2.25,2.75,2.75,11.5,11.5,10.0,10.0,4.75,4.75,5.0,5.0,5.5,5.5,3.25,3.25,2.6666666666666665,2.6666666666666665,3.0,3.0,1.3333333333333333,1.3333333333333333,2.3333333333333335,2.3333333333333335,18.0,18.0,15.75,15.75,12.0,12.0,13.0,13.0,335.0,335.0,388.0,388.0,247.0,247.0,293.5,293.5,16.75,16.75,10.25,10.25,11.75,11.75,8.5,8.5,51.25,51.25,50.5,50.5,1.25,1.0,3.5,3.5,2.25,2.75,11.5,10.0,4.75,5.0,5.5,3.25,2.6666666666666665,3.0,1.3333333333333333,2.3333333333333335,18.0,15.75,12.0,13.0,335.0,388.0,247.0,293.5,16.75,10.25,11.75,8.5,51.25,50.5,4
2026-02-20,m_2MNUQn,6,t_2rXlDo,Instituto,LOCAL,1.0,1.0,1.2,1.2,3.8,3.8,3.4,3.4,2.8,2.8,2.8,2.8,10.8,10.8,10.2,10.2,3.8,3.8,4.4,4.4,5.2,5.2,3.6,3.6,2.0,2.0,3.0,3.0,1.0,1.0,2.0,2.0,16.0,16.0,17.0,17.0,13.2,13.2,14.8,14.8,332.6,332.6,364.6,364.6,244.2,244.2,270.2,270.2,14.8,14.8,10.4,10.4,12.2,12.2,8.6,8.6,48.0,48.0,49.6,49.6,1.0,1.2,3.8,3.4,2.8,2.8,10.8,10.2,3.8,4.4,5.2,3.6,2.0,3.0,1.0,2.0,16.0,17.0,13.2,14.8,332.6,364.6,244.2,270.2,14.8,10.4,12.2,8.6,48.0,49.6,5
2026-02-24,m_2YNGA5,7,t_2rXlDo,Instituto,VISITANTE,1.2,1.0,1.4,1.3333333333333333,3.4,3.5,3.8,3.5,3.6,3.5,1.8,2.3333333333333335,9.6,10.166666666666666,11.8,11.0,3.0,3.3333333333333335,4.4,4.166666666666667,5.0,5.0,4.2,4.0,2.0,2.0,3.0,3.0,1.0,1.0,1.8,1.8,14.4,15.333333333333334,20.2,18.333333333333332,14.0,13.333333333333334,13.4,13.833333333333334,312.6,313.8333333333333,369.4,370.3333333333333,224.6,225.16666666666666,272.4,273.8333333333333,13.4,14.5,13.6,12.666666666666666,12.0,11.833333333333334,8.0,9.0,47.6,47.166666666666664,48.8,49.666666666666664,1.0,1.3333333333333333,3.5,3.5,3.5,2.3333333333333335,10.166666666666666,11.0,3.3333333333333335,4.166666666666667,5.0,4.0,2.0,3.0,1.0,1.8,15.333333333333334,18.333333333333332,13.333333333333334,13.833333333333334,313.8333333333333,370.3333333333333,225.16666666666666,273.8333333333333,14.5,12.666666666666666,11.833333333333334,9.0,47.166666666666664,49.666666666666664,6
2026-03-01,m_15JkYD,8,t_2rXlDo,Instituto,LOCAL,1.0,1.0,1.4,1.2857142857142858,2.8,3.0,4.6,3.857142857142857,3.4,3.142857142857143,1.8,2.2857142857142856,9.8,10.285714285714286,12.8,11.571428571428571,2.6,3.2857142857142856,4.6,4.428571428571429,5.4,5.142857142857143,4.8,4.285714285714286,1.8,2.0,2.4,2.6666666666666665,1.0,1.0,1.4,1.6666666666666667,16.0,15.714285714285714,19.2,17.857142857142858,12.8,12.285714285714286,12.8,13.285714285714286,333.2,329.85714285714283,353.6,362.42857142857144,246.6,242.14285714285714,258.0,266.42857142857144,15.0,15.571428571428571,15.4,14.285714285714286,11.4,11.142857142857142,8.6,8.428571428571429,44.8,46.42857142857143,50.4,50.57142857142857,1.0,1.2857142857142858,3.0,3.857142857142857,3.142857142857143,2.2857142857142856,10.285714285714286,11.571428571428571,3.2857142857142856,4.428571428571429,5.142857142857143,4.285714285714286,2.0,2.6666666666666665,1.0,1.6666666666666667,15.714285714285714,17.857142857142858,12.285714285714286,13.285714285714286,329.85714285714283,362.42857142857144,242.14285714285714,266.42857142857144,15.571428571428571,14.285714285714286,11.142857142857142,8.428571428571429,46.42857142857143,50.57142857142857,7
2026-03-12,m_0RZpdm,10,t_2rXlDo,Instituto,VISITANTE,0.8,1.0,1.4,1.375,3.2,3.25,4.4,3.625,3.6,3.25,1.4,2.125,9.2,10.0,12.0,11.0,2.2,3.125,3.8,4.25,4.8,5.0,4.8,4.0,1.6,2.0,2.6,2.7142857142857144,0.8,1.0,1.4,1.5714285714285714,15.0,15.625,19.4,17.0,12.8,12.5,12.4,13.25,359.8,350.25,334.4,352.5,271.2,261.375,236.0,257.375,14.2,15.0,15.2,13.5,10.4,11.0,8.4,8.375,43.2,46.0,52.0,50.125,1.0,1.375,3.25,3.625,3.25,2.125,10.0,11.0,3.125,4.25,5.0,4.0,2.0,2.7142857142857144,1.0,1.5714285714285714,15.625,17.0,12.5,13.25,350.25,352.5,261.375,257.375,15.0,13.5,11.0,8.375,46.0,50.125,8
2026-03-17,m_4WxmC2,11,t_2rXlDo,Instituto,LOCAL,1.0,1.1111111111111112,1.4,1.2222222222222223,2.6,3.0,4.6,4.111111111111111,4.6,3.5555555555555554,2.0,2.3333333333333335,7.8,9.444444444444445,13.0,11.666666666666666,1.8,3.111111111111111,3.8,4.333333333333333,4.0,4.666666666666667,5.4,4.444444444444445,1.4,1.875,2.4,2.625,0.6,0.875,1.2,1.625,11.8,14.555555555555555,19.6,17.88888888888889,12.4,12.222222222222221,14.4,13.777777777777779,351.4,344.1111111111111,335.6,358.8888888888889,262.8,255.77777777777777,243.6,265.77777777777777,14.0,15.222222222222221,16.4,13.666666666666666,9.6,10.555555555555555,8.8,8.666666666666666,42.2,46.22222222222222,51.4,51.0,1.1111111111111112,1.2222222222222223,3.0,4.111111111111111,3.5555555555555554,2.3333333333333335,9.444444444444445,11.666666666666666,3.111111111111111,4.333333333333333,4.666666666666667,4.444444444444445,1.875,2.625,0.875,1.625,14.555555555555555,17.88888888888889,12.222222222222221,13.777777777777779,344.1111111111111,358.8888888888889,255.77777777777777,265.77777777777777,15.222222222222221,13.666666666666666,10.555555555555555,8.666666666666666,46.22222222222222,51.0,9
2026-03-22,m_3kkhBc,12,t_2rXlDo,Instituto,VISITANTE,1.4,1.2,1.2,1.2,2.2,3.0,5.6,4.5,4.8,3.8,2.0,2.4,8.4,9.6,13.2,11.7,2.6,3.2,4.2,4.3,4.0,4.6,5.4,4.5,2.0,2.0,2.0,2.4444444444444446,1.0,1.0,1.2,1.5555555555555556,13.8,14.9,20.4,18.7,12.8,13.0,12.4,13.6,332.0,332.3,362.0,363.3,247.2,245.7,274.8,272.5,16.0,15.4,16.2,13.3,8.2,10.2,8.4,8.5,44.2,46.1,51.6,50.6,1.2,1.2,3.0,4.5,3.8,2.4,9.6,11.7,3.2,4.3,4.6,4.5,2.0,2.4444444444444446,1.0,1.5555555555555556,14.9,18.7,13.0,13.6,332.3,363.3,245.7,272.5,15.4,13.3,10.2,8.5,46.1,50.6,10
2026-04-07,m_2NfZWl,13,t_2rXlDo,Instituto,LOCAL,1.2,1.2,1.2,1.3,3.0,3.2,6.2,5.0,3.8,3.7,2.0,1.9,9.4,9.5,13.8,12.8,3.4,3.2,4.6,4.5,4.4,4.7,5.6,4.9,1.8,1.9,2.4,2.7,1.0,1.0,1.8,1.8,16.2,15.3,22.0,21.1,12.0,13.0,11.2,12.3,341.4,327.0,404.0,386.7,260.0,242.3,324.2,298.3,15.2,14.3,14.0,13.8,7.6,9.8,7.8,7.9,44.8,46.2,49.6,49.2,1.0909090909090908,1.2727272727272727,3.272727272727273,4.7272727272727275,3.6363636363636362,2.1818181818181817,9.818181818181818,12.272727272727273,3.3636363636363638,4.363636363636363,4.7272727272727275,4.7272727272727275,1.9,2.7,1.0,1.8,15.727272727272727,20.0,12.727272727272727,12.636363636363637,326.3636363636364,385.6363636363636,241.0,296.72727272727275,14.818181818181818,13.272727272727273,9.909090909090908,8.454545454545455,46.09090909090909,49.63636363636363,11
2026-04-11,m_0g9Wn1,14,t_2rXlDo,Instituto,VISITANTE,1.0,1.0,1.4,1.4,4.0,3.4,6.0,5.3,4.0,3.7,1.8,1.8,9.0,9.4,13.6,13.2,3.4,3.0,4.0,4.3,4.4,4.9,5.8,5.3,1.4,1.6,2.8,2.6,0.8,0.9,1.8,1.6,15.4,15.7,23.0,21.1,12.2,12.5,11.8,12.3,352.0,342.6,401.8,377.7,271.4,259.0,321.4,289.7,14.0,14.5,15.4,15.4,8.6,10.0,8.6,8.6,46.4,45.6,50.4,50.4,1.0,1.3333333333333333,3.4166666666666665,4.75,3.5,2.0833333333333335,9.75,12.416666666666666,3.3333333333333335,4.25,4.833333333333333,4.916666666666667,1.7272727272727273,2.727272727272727,0.9090909090909091,1.7272727272727273,15.583333333333334,20.0,12.25,12.666666666666666,339.0833333333333,378.8333333333333,254.33333333333334,289.3333333333333,14.916666666666666,14.75,10.083333333333334,8.5,46.416666666666664,50.5,12
2026-04-18,m_1Vr866,15,t_2rXlDo,Instituto,LOCAL,1.0,0.9,1.0,1.2,4.0,3.6,7.0,5.7,4.0,3.8,1.8,1.6,10.6,9.9,15.0,13.5,4.2,3.2,4.2,4.0,5.0,4.9,6.2,5.5,1.4,1.5,2.6,2.6,0.8,0.8,2.0,1.7,16.0,15.5,28.2,23.8,12.4,12.6,11.6,12.0,314.8,337.3,411.6,373.0,231.4,251.3,320.2,278.1,14.6,14.4,17.0,16.1,9.0,9.7,9.0,8.7,48.2,45.7,52.0,52.0,1.0,1.2307692307692308,3.5384615384615383,4.923076923076923,3.5384615384615383,2.0,10.23076923076923,12.538461538461538,3.5384615384615383,4.230769230769231,5.0,4.846153846153846,1.75,2.6666666666666665,0.9166666666666666,1.75,15.76923076923077,21.307692307692307,12.461538461538462,12.615384615384615,336.61538461538464,375.2307692307692,249.84615384615384,281.53846153846155,14.846153846153847,14.846153846153847,10.23076923076923,8.615384615384615,46.84615384615385,50.84615384615385,13
2026-04-26,m_3kUgTn,16,t_2rXlDo,Instituto,VISITANTE,0.8,0.9,1.0,1.2,4.2,3.4,6.8,5.7,3.6,4.1,1.6,1.8,10.4,9.1,14.8,13.9,4.0,2.9,3.8,3.8,4.8,4.4,6.2,5.8,1.4,1.4,2.2,2.3,1.0,0.8,1.6,1.4,15.8,13.8,29.0,24.3,13.8,13.1,11.2,12.8,311.6,331.5,403.2,369.4,228.2,245.5,312.6,278.1,14.4,14.2,16.0,16.2,8.8,9.2,7.8,8.3,47.4,44.8,51.4,51.4,1.0,1.1428571428571428,3.4285714285714284,5.071428571428571,3.5714285714285716,2.0714285714285716,9.785714285714286,12.785714285714286,3.4285714285714284,4.142857142857143,4.714285714285714,5.071428571428571,1.6923076923076923,2.4615384615384617,0.9230769230769231,1.6153846153846154,15.0,21.857142857142858,12.785714285714286,12.857142857142858,332.5,374.7142857142857,245.92857142857142,282.5,14.928571428571429,14.5,9.928571428571429,8.357142857142858,46.642857142857146,51.142857142857146,14
2026-05-05,m_1qqpJe,9,t_2rXlDo,Instituto,VISITANTE,0.6,1.0,1.0,1.1,4.4,3.3,5.8,5.7,3.4,4.1,1.6,1.8,10.4,9.4,13.6,13.4,4.0,3.3,3.6,3.9,4.8,4.4,5.8,5.6,1.6,1.8,2.0,2.0,1.2,1.1,1.4,1.3,17.4,15.6,26.2,23.3,11.8,12.3,11.0,11.7,343.6,337.8,395.8,378.9,259.6,253.4,301.6,288.2,14.4,15.2,17.4,16.8,8.8,8.5,8.0,8.2,49.4,46.8,53.0,52.3,1.0,1.1333333333333333,3.466666666666667,4.933333333333334,3.6666666666666665,2.1333333333333333,9.866666666666667,12.333333333333334,3.466666666666667,4.066666666666666,4.666666666666667,4.933333333333334,1.8571428571428572,2.2857142857142856,1.0714285714285714,1.5,15.733333333333333,21.2,12.6,12.733333333333333,336.06666666666666,374.1333333333333,250.33333333333334,282.2,15.066666666666666,14.666666666666666,9.733333333333333,8.333333333333334,47.2,51.4,15
2026-07-24,m_0xmq9N,1,t_2rXlDo,Instituto,VISITANTE,0.6,0.9,1.0,1.1,3.8,3.4,6.0,6.1,3.2,3.5,1.8,1.9,9.8,9.6,14.4,14.1,3.4,3.4,4.0,4.3,4.8,4.6,6.4,6.0,1.6,1.7,1.8,2.1,1.2,1.1,1.0,1.4,15.2,15.7,28.4,25.2,11.0,11.5,13.4,12.3,358.0,349.7,363.2,383.6,269.4,264.7,267.6,295.9,15.6,15.4,18.4,16.2,8.6,8.1,7.6,7.7,50.8,47.8,57.4,53.5,0.9375,1.1875,3.4375,5.125,3.5,2.0625,9.8125,12.9375,3.375,4.25,4.75,5.25,1.8,2.4,1.0666666666666667,1.5333333333333334,15.5625,22.625,12.1875,12.875,336.25,378.625,249.875,287.625,15.0625,14.875,9.5,8.1875,47.5625,52.0625,16
2026-07-30,m_1WfN4f,2,t_2rXlDo,Instituto,LOCAL,0.6,0.8,0.8,1.1,4.0,4.0,5.2,5.6,3.2,3.6,2.0,1.9,11.8,10.4,13.2,13.4,3.2,3.3,4.4,4.2,5.6,5.0,5.6,5.7,2.4,1.9,1.6,2.2,2.0,1.4,1.0,1.4,17.8,16.6,27.2,25.1,11.4,11.8,12.2,12.0,334.0,343.0,408.6,405.2,240.4,255.9,312.2,316.8,15.0,14.5,16.0,15.7,8.2,8.4,7.6,8.1,53.4,49.9,58.4,54.4,0.8823529411764706,1.1764705882352942,3.588235294117647,4.882352941176471,3.411764705882353,2.0588235294117645,10.352941176470589,12.647058823529411,3.2941176470588234,4.294117647058823,5.0588235294117645,5.117647058823529,1.9375,2.375,1.25,1.5,16.235294117647058,22.11764705882353,12.0,12.529411764705882,337.5882352941176,387.5882352941176,250.23529411764707,296.05882352941177,14.941176470588236,15.117647058823529,9.529411764705882,8.235294117647058,48.470588235294116,52.8235294117647,17
2026-08-03,m_2EBOtR,3,t_2rXlDo,Instituto,VISITANTE,0.6,0.8,1.2,1.1,3.8,3.9,4.8,5.9,2.8,3.4,2.2,2.0,11.6,11.1,13.6,14.3,2.6,3.4,4.8,4.5,5.4,5.2,6.2,6.2,2.0,1.7,1.8,2.2,1.8,1.3,1.0,1.5,16.4,16.2,24.6,26.4,10.8,11.6,13.4,12.5,360.0,337.4,416.2,413.9,273.0,252.2,331.4,325.8,15.8,15.2,14.4,15.7,9.2,9.1,7.6,8.3,54.6,51.4,58.8,55.4,0.8888888888888888,1.2222222222222223,3.611111111111111,4.888888888888889,3.3333333333333335,2.0555555555555554,10.61111111111111,12.833333333333334,3.2777777777777777,4.388888888888889,5.111111111111111,5.222222222222222,1.8235294117647058,2.411764705882353,1.1764705882352942,1.5294117647058822,15.944444444444445,22.22222222222222,12.0,12.833333333333334,343.1111111111111,386.6111111111111,256.27777777777777,295.3888888888889,15.11111111111111,14.722222222222221,9.944444444444445,8.333333333333334,49.0,53.05555555555556,18
2026-08-09,m_3JpYQD,4,t_2rXlDo,Instituto,LOCAL,0.6,0.7,1.2,1.1,4.8,4.5,4.8,5.8,2.6,3.1,1.8,1.7,14.6,12.5,13.4,14.1,3.6,3.8,4.8,4.3,6.4,5.6,6.0,6.1,2.0,1.7,2.2,2.2,1.6,1.3,1.4,1.5,20.2,18.0,22.2,25.6,10.6,12.2,11.2,11.2,370.2,340.9,454.0,428.6,284.6,256.4,366.0,339.3,16.6,15.5,16.0,16.0,9.8,9.3,8.8,8.3,58.2,52.8,58.0,54.7,0.8947368421052632,1.1578947368421053,3.789473684210526,5.0,3.3157894736842106,2.0,11.052631578947368,12.947368421052632,3.473684210526316,4.315789473684211,5.157894736842105,5.315789473684211,1.7777777777777777,2.388888888888889,1.1111111111111112,1.5555555555555556,16.36842105263158,21.94736842105263,12.210526315789474,12.421052631578947,342.42105263157896,395.57894736842104,256.10526315789474,304.4736842105263,15.368421052631579,14.894736842105264,9.894736842105264,8.473684210526315,49.68421052631579,52.94736842105263,19
2026-08-16,m_4XvVEn,5,t_2rXlDo,Instituto,VISITANTE,0.4,0.5,1.2,1.1,4.4,4.4,5.0,5.4,2.6,3.0,2.0,1.8,13.4,11.9,15.2,14.4,3.0,3.5,5.6,4.6,6.4,5.6,6.4,6.1,1.4,1.5,3.2,2.6,1.2,1.2,2.2,1.8,17.2,17.3,25.2,25.7,11.0,11.4,12.4,11.7,368.4,356.0,448.8,422.3,278.2,268.9,359.2,330.4,18.2,16.3,16.8,17.1,11.0,9.9,9.6,8.8,56.6,53.0,57.2,55.1,0.85,1.15,3.7,4.95,3.4,2.1,10.75,13.05,3.35,4.45,5.1,5.3,1.736842105263158,2.526315789473684,1.105263157894737,1.6842105263157894,16.1,22.2,12.2,12.65,344.15,392.8,257.3,301.45,15.85,15.2,10.05,8.65,49.55,52.85,20
2026-08-22,m_4Vv4zW,6,t_2rXlDo,Instituto,VISITANTE,0.6,0.6,0.8,0.9,5.6,4.7,4.2,5.1,2.8,3.0,2.0,1.9,14.2,12.0,12.2,13.3,3.8,3.6,4.4,4.2,6.4,5.6,5.4,5.9,1.8,1.7,2.4,2.1,1.4,1.3,1.8,1.4,18.8,17.0,19.6,24.0,11.8,11.4,12.0,12.7,384.0,371.0,450.8,407.0,295.8,282.6,358.8,313.2,19.2,17.4,16.8,17.6,11.8,10.2,9.8,8.7,57.8,54.3,55.6,56.5,0.8571428571428571,1.0952380952380953,3.9523809523809526,4.904761904761905,3.3333333333333335,2.0476190476190474,10.857142857142858,12.761904761904763,3.4761904761904763,4.285714285714286,5.142857142857143,5.285714285714286,1.8,2.4,1.15,1.6,16.333333333333332,21.904761904761905,12.095238095238095,12.666666666666666,347.6190476190476,395.8095238095238,260.8095238095238,304.57142857142856,16.047619047619047,15.333333333333334,10.047619047619047,8.571428571428571,50.0,52.904761904761905,21
2026-09-01,m_1YGhXX,7,t_2rXlDo,Instituto,LOCAL,0.6,0.6,0.6,0.7,4.8,4.4,5.8,5.5,2.8,3.0,2.2,2.1,12.0,11.9,13.0,13.1,4.0,3.6,4.0,4.2,5.0,5.3,5.6,5.6,1.2,1.8,2.2,1.9,0.8,1.4,1.8,1.4,16.2,17.0,19.8,23.5,10.6,11.0,12.2,12.2,408.2,371.1,423.2,415.9,319.8,280.1,331.4,321.8,22.0,18.5,17.6,16.8,11.4,9.8,11.2,9.4,56.2,54.8,55.4,56.9,0.8181818181818182,1.0454545454545454,3.8636363636363638,5.090909090909091,3.272727272727273,2.090909090909091,10.727272727272727,12.727272727272727,3.4545454545454546,4.2272727272727275,5.045454545454546,5.2272727272727275,1.7619047619047619,2.3333333333333335,1.1428571428571428,1.5714285714285714,16.227272727272727,21.59090909090909,11.681818181818182,12.454545454545455,353.6363636363636,395.6818181818182,266.04545454545456,304.09090909090907,16.545454545454547,15.681818181818182,9.954545454545455,8.909090909090908,50.22727272727273,53.40909090909091,22
2026-09-08,m_0rPnpL,8,t_2rXlDo,Instituto,VISITANTE,0.4,0.5,0.4,0.8,4.2,4.0,7.0,5.9,3.4,3.1,2.2,2.2,10.0,10.8,13.6,13.6,3.6,3.1,3.4,4.1,4.6,5.0,6.2,6.2,1.6,1.8,2.2,2.0,1.2,1.5,2.0,1.5,15.8,16.1,20.6,22.6,10.4,10.6,10.2,11.8,397.6,378.8,417.4,416.8,308.0,290.5,327.0,329.2,21.2,18.5,20.6,17.5,10.0,9.6,11.6,9.6,54.0,54.3,54.4,56.6,0.782608695652174,1.0434782608695652,3.739130434782609,5.3478260869565215,3.347826086956522,2.0869565217391304,10.478260869565217,13.0,3.347826086956522,4.173913043478261,5.0,5.434782608695652,1.7727272727272727,2.3636363636363638,1.1818181818181819,1.6363636363636365,15.91304347826087,21.869565217391305,11.652173913043478,12.26086956521739,354.95652173913044,393.30434782608694,267.5217391304348,302.2608695652174,16.434782608695652,16.0,9.956521739130435,9.043478260869565,50.08695652173913,53.34782608695652,23
2026-09-15,m_1qj0Vv,Clausura - Round 9,t_2rXlDo,Instituto,LOCAL,0.6,0.6,1.0,1.1,4.2,4.5,6.0,5.4,3.8,3.2,2.2,2.0,8.4,11.5,12.4,12.9,2.6,3.1,3.6,4.2,4.6,5.5,5.6,5.8,1.4,1.7,2.2,2.2,1.5,1.5555555555555556,2.0,1.6666666666666667,15.4,17.8,19.0,20.6,9.6,10.1,10.4,10.8,415.0,392.6,368.4,411.2,320.0,302.3,277.8,321.9,20.6,18.6,20.0,18.0,10.4,10.1,10.8,9.8,51.0,54.6,53.4,55.7,0.8333333333333334,1.125,3.875,5.208333333333333,3.4166666666666665,2.0416666666666665,10.5,12.833333333333334,3.2916666666666665,4.166666666666667,5.041666666666667,5.375,1.6956521739130435,2.347826086956522,1.1818181818181819,1.6363636363636365,16.166666666666668,21.333333333333332,11.666666666666666,12.0,357.5416666666667,389.9166666666667,269.4166666666667,298.9166666666667,16.458333333333332,15.958333333333334,10.0,8.958333333333334,49.958333333333336,53.041666666666664,24
2026-09-15,m_47lc7V,9,t_2rXlDo,Instituto,LOCAL,0.8,0.6,1.2,1.2,4.4,4.4,5.6,5.3,3.2,2.9,2.0,2.0,9.6,11.5,12.0,13.6,3.4,3.2,3.0,4.3,4.8,5.6,5.4,5.9,1.4,1.4,1.2,2.2,1.5,1.3333333333333333,1.0,1.6666666666666667,16.8,17.0,17.2,21.2,9.6,10.3,9.0,10.7,433.8,401.1,363.4,406.1,342.4,310.3,277.2,318.2,19.4,18.8,19.8,18.3,9.6,10.3,11.2,10.4,51.2,53.9,51.6,54.4,0.84,1.16,3.84,5.08,3.36,2.08,10.52,12.84,3.36,4.16,5.04,5.32,1.6666666666666667,2.25,1.173913043478261,1.565217391304348,16.24,21.2,11.68,11.92,362.08,386.92,274.32,296.6,16.56,16.12,9.96,9.16,49.88,52.6,25
2026-09-20,m_0BTFn7,Clausura - Round 10,t_2rXlDo,Instituto,LOCAL,0.8,0.7,1.6,1.2,3.2,4.4,5.2,4.7,3.2,3.0,2.4,2.2,9.2,11.7,13.2,12.7,3.2,3.5,3.6,4.0,4.6,5.5,5.2,5.3,1.0,1.4,1.2,1.8,1.25,1.3333333333333333,1.0,1.4444444444444444,16.2,17.5,17.6,18.6,10.0,10.9,8.4,10.2,444.6,414.3,335.2,393.0,354.6,325.2,252.0,305.4,19.2,19.2,20.2,18.5,9.4,10.6,12.6,11.2,49.0,53.4,49.2,52.4,0.8461538461538461,1.1923076923076923,3.8076923076923075,4.961538461538462,3.3076923076923075,2.1153846153846154,10.538461538461538,12.846153846153847,3.423076923076923,4.153846153846154,5.038461538461538,5.269230769230769,1.64,2.16,1.1666666666666667,1.5,16.307692307692307,21.076923076923077,11.692307692307692,11.846153846153847,366.2692307692308,384.15384615384613,278.84615384615387,294.46153846153845,16.653846153846153,16.26923076923077,9.923076923076923,9.346153846153847,49.80769230769231,52.19230769230769,26
2026-10-02,m_2hYK0U,Clausura - Round 11,t_2rXlDo,Instituto,VISITANTE,1.0,0.8,2.2,1.4,3.2,4.0,4.2,5.0,3.4,3.1,2.6,2.4,8.8,10.4,14.2,13.6,2.8,3.4,4.2,4.1,5.0,5.0,5.6,5.6,1.2,1.2,1.6,1.9,1.25,1.0,1.5,1.6666666666666667,15.6,15.9,19.4,19.6,12.2,11.4,9.2,10.7,436.6,422.4,320.0,371.6,348.2,334.0,237.2,284.3,14.8,18.4,18.4,18.0,9.2,10.3,11.4,11.3,48.4,52.3,46.6,51.0,0.8518518518518519,1.2592592592592593,3.740740740740741,4.925925925925926,3.2962962962962963,2.185185185185185,10.37037037037037,13.0,3.3333333333333335,4.222222222222222,5.037037037037037,5.296296296296297,1.6538461538461537,2.1923076923076925,1.16,1.56,16.11111111111111,21.185185185185187,11.777777777777779,11.851851851851851,369.0,381.6666666666667,281.25925925925924,291.7037037037037,16.22222222222222,16.185185185185187,9.814814814814815,9.37037037037037,49.888888888888886,52.148148148148145,27
2026-01-24,m_3L4LL7,1,t_3FROV0,Barracas Central,LOCAL,,,,,,,,,,,,,,,,,,,,,,,,,,,,,,,,,,,,,,,,,,,,,,,,,,,,,,,,,,,,,,,,,,,,,,,,,,,,,,,,,,,,,,,,,,,0
2026-01-28,m_2kLUw0,2,t_3FROV0,Barracas Central,VISITANTE,0.0,0.0,1.0,1.0,6.0,6.0,6.0,6.0,2.0,2.0,2.0,2.0,11.0,11.0,20.0,20.0,2.0,2.0,7.0,7.0,3.0,3.0,8.0,8.0,0.0,0.0,5.0,5.0,0.0,0.0,4.0,4.0,9.0,9.0,19.0,19.0,15.0,15.0,9.0,9.0,229.0,229.0,475.0,475.0,141.0,141.0,396.0,396.0,13.0,13.0,20.0,20.0,10.0,10.0,11.0,11.0,50.0,50.0,53.0,53.0,0.0,1.0,6.0,6.0,2.0,2.0,11.0,20.0,2.0,7.0,3.0,8.0,0.0,5.0,0.0,4.0,9.0,19.0,15.0,9.0,229.0,475.0,141.0,396.0,13.0,20.0,10.0,11.0,50.0,53.0,1
2026-02-01,m_45XhQv,3,t_3FROV0,Barracas Central,LOCAL,0.0,0.0,0.5,0.5,4.5,4.5,3.5,3.5,3.0,3.0,1.0,1.0,9.5,9.5,14.0,14.0,2.5,2.5,5.0,5.0,3.5,3.5,5.5,5.5,0.0,0.0,5.0,5.0,0.0,0.0,4.0,4.0,11.5,11.5,14.5,14.5,15.5,15.5,7.0,7.0,331.0,331.0,393.0,393.0,242.5,242.5,297.5,297.5,16.0,16.0,21.0,21.0,11.0,11.0,14.5,14.5,55.5,55.5,52.0,52.0,0.0,0.5,4.5,3.5,3.0,1.0,9.5,14.0,2.5,5.0,3.5,5.5,0.0,5.0,0.0,4.0,11.5,14.5,15.5,7.0,331.0,393.0,242.5,297.5,16.0,21.0,11.0,14.5,55.5,52.0,2
2026-02-09,m_1Cuhf7,4,t_3FROV0,Barracas Central,LOCAL,0.3333333333333333,0.3333333333333333,0.6666666666666666,0.6666666666666666,3.6666666666666665,3.6666666666666665,2.3333333333333335,2.3333333333333335,3.6666666666666665,3.6666666666666665,2.6666666666666665,2.6666666666666665,9.333333333333334,9.333333333333334,13.0,13.0,2.3333333333333335,2.3333333333333335,4.666666666666667,4.666666666666667,4.0,4.0,4.666666666666667,4.666666666666667,1.5,1.5,3.0,3.0,1.0,1.0,2.0,2.0,11.333333333333334,11.333333333333334,14.333333333333334,14.333333333333334,16.666666666666668,16.666666666666668,7.333333333333333,7.333333333333333,308.3333333333333,308.3333333333333,419.0,419.0,219.66666666666666,219.66666666666666,323.3333333333333,323.3333333333333,16.0,16.0,18.333333333333332,18.333333333333332,11.333333333333334,11.333333333333334,11.666666666666666,11.666666666666666,52.666666666666664,52.666666666666664,53.0,53.0,0.3333333333333333,0.6666666666666666,3.6666666666666665,2.3333333333333335,3.6666666666666665,2.6666666666666665,9.333333333333334,13.0,2.3333333333333335,4.666666666666667,4.0,4.666666666666667,1.5,3.0,1.0,2.0,11.333333333333334,14.333333333333334,16.666666666666668,7.333333333333333,308.3333333333333,419.0,219.66666666666666,323.3333333333333,16.0,18.333333333333332,11.333333333333334,11.666666666666666,52.666666666666664,53.0,3
2026-02-16,m_2HMWiS,5,t_3FROV0,Barracas Central,VISITANTE,0.75,0.75,0.5,0.5,3.25,3.25,3.5,3.5,3.25,3.25,2.75,2.75,10.25,10.25,12.75,12.75,3.25,3.25,4.5,4.5,4.0,4.0,5.5,5.5,1.6666666666666667,1.6666666666666667,2.0,2.0,1.0,1.0,1.3333333333333333,1.3333333333333333,13.75,13.75,15.25,15.25,16.75,16.75,8.0,8.0,300.5,300.5,447.0,447.0,214.25,214.25,357.5,357.5,13.5,13.5,18.25,18.25,10.5,10.5,12.5,12.5,51.5,51.5,53.75,53.75,0.75,0.5,3.25,3.5,3.25,2.75,10.25,12.75,3.25,4.5,4.0,5.5,1.6666666666666667,2.0,1.0,1.3333333333333333,13.75,15.25,16.75,8.0,300.5,447.0,214.25,357.5,13.5,18.25,10.5,12.5,51.5,53.75,4
2026-02-21,m_13pMsz,6,t_3FROV0,Barracas Central,VISITANTE,0.6,0.6,0.8,0.8,2.6,2.6,3.4,3.4,3.2,3.2,2.4,2.4,8.8,8.8,14.0,14.0,3.2,3.2,5.0,5.0,3.2,3.2,6.4,6.4,1.25,1.25,2.75,2.75,0.75,0.75,1.75,1.75,11.2,11.2,18.2,18.2,16.6,16.6,8.6,8.6,295.2,295.2,463.2,463.2,211.6,211.6,377.2,377.2,14.2,14.2,19.6,19.6,9.8,9.8,13.8,13.8,51.0,51.0,55.6,55.6,0.6,0.8,2.6,3.4,3.2,2.4,8.8,14.0,3.2,5.0,3.2,6.4,1.25,2.75,0.75,1.75,11.2,18.2,16.6,8.6,295.2,463.2,211.6,377.2,14.2,19.6,9.8,13.8,51.0,55.6,5
2026-02-25,m_2dkzXZ,7,t_3FROV0,Barracas Central,LOCAL,0.8,0.6666666666666666,0.6,0.6666666666666666,2.2,2.8333333333333335,2.4,3.0,3.6,3.3333333333333335,2.2,2.1666666666666665,9.4,9.666666666666666,11.2,12.666666666666666,4.2,3.8333333333333335,4.2,4.666666666666667,3.6,3.5,5.2,5.666666666666667,2.0,1.6,1.5,2.2,1.25,1.0,0.75,1.4,14.6,13.666666666666666,16.6,17.0,16.8,16.5,10.2,10.0,351.0,330.6666666666667,426.2,434.3333333333333,269.4,248.0,337.6,347.3333333333333,15.2,14.833333333333334,18.6,18.833333333333332,9.4,9.5,13.2,12.833333333333334,52.2,51.833333333333336,57.2,56.5,0.6666666666666666,0.6666666666666666,2.8333333333333335,3.0,3.3333333333333335,2.1666666666666665,9.666666666666666,12.666666666666666,3.8333333333333335,4.666666666666667,3.5,5.666666666666667,1.6,2.2,1.0,1.4,13.666666666666666,17.0,16.5,10.0,330.6666666666667,434.3333333333333,248.0,347.3333333333333,14.833333333333334,18.833333333333332,9.5,12.833333333333334,51.833333333333336,56.5,6
2026-03-01,m_3FQmVY,8,t_3FROV0,Barracas Central,VISITANTE,1.2,0.8571428571428571,0.8,0.7142857142857143,1.6,2.4285714285714284,2.6,2.857142857142857,3.6,3.4285714285714284,2.4,2.0,10.0,9.857142857142858,12.6,13.0,4.6,4.0,4.8,4.857142857142857,3.8,3.7142857142857144,6.0,5.857142857142857,1.8,1.5,1.6,2.1666666666666665,1.0,0.8333333333333334,0.8,1.3333333333333333,14.8,13.857142857142858,17.4,16.571428571428573,17.2,16.714285714285715,11.6,10.285714285714286,342.6,339.2857142857143,429.4,419.0,261.6,256.14285714285717,348.4,333.85714285714283,14.8,15.142857142857142,16.8,18.0,9.2,9.714285714285714,12.0,12.714285714285714,51.2,52.42857142857143,57.2,55.714285714285715,0.8571428571428571,0.7142857142857143,2.4285714285714284,2.857142857142857,3.4285714285714284,2.0,9.857142857142858,13.0,4.0,4.857142857142857,3.7142857142857144,5.857142857142857,1.5,2.1666666666666665,0.8333333333333334,1.3333333333333333,13.857142857142858,16.571428571428573,16.714285714285715,10.285714285714286,339.2857142857143,419.0,256.14285714285717,333.85714285714283,15.142857142857142,18.0,9.714285714285714,12.714285714285714,52.42857142857143,55.714285714285715,7
2026-03-12,m_1DO56u,10,t_3FROV0,Barracas Central,VISITANTE,1.2,0.875,0.8,0.75,2.6,3.0,2.8,2.625,2.8,3.125,1.6,2.0,12.0,11.0,13.0,13.0,5.8,4.5,5.0,4.875,4.6,4.375,6.2,5.625,1.6,1.5714285714285714,1.4,1.8571428571428572,0.8,0.8571428571428571,0.8,1.1428571428571428,17.6,15.25,16.2,15.5,15.0,15.625,11.6,10.0,406.8,369.875,381.4,395.5,326.2,286.25,300.4,309.0,14.0,14.75,17.2,17.625,8.6,9.625,13.8,13.0,54.2,53.625,56.6,55.25,0.875,0.75,3.0,2.625,3.125,2.0,11.0,13.0,4.5,4.875,4.375,5.625,1.5714285714285714,1.8571428571428572,0.8571428571428571,1.1428571428571428,15.25,15.5,15.625,10.0,369.875,395.5,286.25,309.0,14.75,17.625,9.625,13.0,53.625,55.25,8
2026-03-16,m_0yVlJb,11,t_3FROV0,Barracas Central,LOCAL,1.0,0.8888888888888888,1.2,0.8888888888888888,3.4,3.3333333333333335,1.6,2.4444444444444446,3.6,3.4444444444444446,1.8,2.2222222222222223,13.8,12.222222222222221,12.2,12.444444444444445,6.8,5.222222222222222,4.8,4.666666666666667,5.4,4.777777777777778,5.2,5.333333333333333,1.6,1.625,1.8,1.875,0.8,0.875,0.8,1.0,19.0,16.666666666666668,14.0,14.555555555555555,13.4,14.88888888888889,11.8,10.11111111111111,454.0,385.77777777777777,315.8,374.1111111111111,375.6,303.8888888888889,233.4,288.55555555555554,14.8,14.222222222222221,15.6,16.77777777777778,8.4,9.333333333333334,12.8,12.666666666666666,55.6,53.77777777777778,53.8,53.77777777777778,0.8888888888888888,0.8888888888888888,3.3333333333333335,2.4444444444444446,3.4444444444444446,2.2222222222222223,12.222222222222221,12.444444444444445,5.222222222222222,4.666666666666667,4.777777777777778,5.333333333333333,1.625,1.875,0.875,1.0,16.666666666666668,14.555555555555555,14.88888888888889,10.11111111111111,385.77777777777777,374.1111111111111,303.8888888888889,288.55555555555554,14.222222222222221,16.77777777777778,9.333333333333334,12.666666666666666,53.77777777777778,53.77777777777778,9
2026-03-24,m_1Klahn,12,t_3FROV0,Barracas Central,VISITANTE,1.4,1.0,1.0,0.9,3.6,3.1,1.6,2.5,3.2,3.2,2.6,2.5,15.0,11.9,11.0,12.5,6.8,5.0,4.0,4.5,6.4,4.8,4.8,5.6,2.0,1.625,1.0,1.875,1.0,0.875,0.25,1.0,20.4,15.8,10.6,14.4,11.8,14.2,12.4,10.5,469.0,382.1,293.8,378.5,386.6,299.1,210.6,293.9,13.2,13.7,13.0,16.3,8.2,9.0,11.4,12.6,53.6,52.3,50.0,52.8,1.0,0.9,3.1,2.5,3.2,2.5,11.9,12.5,5.0,4.5,4.8,5.6,1.625,1.875,0.875,1.0,15.8,14.4,14.2,10.5,382.1,378.5,299.1,293.9,13.7,16.3,9.0,12.6,52.3,52.8,10
2026-04-02,m_03csNA,13,t_3FROV0,Barracas Central,LOCAL,1.2,1.0,1.0,0.8,4.2,3.2,2.4,2.4,2.8,3.2,2.6,2.4,15.2,12.3,10.8,11.0,6.2,5.2,3.6,3.9,7.4,5.5,5.0,5.1,1.5,1.75,1.5,1.5,0.75,1.0,0.75,0.75,19.4,17.0,10.4,13.5,10.4,13.6,11.8,11.0,473.8,412.4,283.6,354.9,390.2,329.8,201.2,269.4,12.2,13.7,13.8,16.2,9.0,9.2,12.2,12.7,54.8,53.5,48.8,53.0,0.9090909090909091,0.8181818181818182,3.4545454545454546,2.727272727272727,3.090909090909091,2.3636363636363638,12.181818181818182,11.818181818181818,4.909090909090909,4.181818181818182,5.2727272727272725,5.363636363636363,1.5555555555555556,1.8888888888888888,0.8888888888888888,1.1111111111111112,16.272727272727273,14.0,13.727272727272727,10.818181818181818,395.72727272727275,365.8181818181818,312.6363636363636,280.90909090909093,13.636363636363637,16.545454545454547,9.272727272727273,12.545454545454545,53.18181818181818,53.0,11
2026-04-12,m_1VteVu,14,t_3FROV0,Barracas Central,VISITANTE,1.2,1.2,1.0,0.9,4.4,3.0,3.0,2.8,2.6,3.1,2.4,2.4,15.6,12.8,10.6,11.6,5.8,5.2,3.0,3.9,8.0,5.9,5.2,5.6,2.0,1.8888888888888888,1.5,1.5555555555555556,1.25,1.1111111111111112,0.75,0.7777777777777778,20.6,17.7,11.6,14.5,9.6,13.4,11.8,11.7,493.6,418.1,302.6,366.0,412.0,336.8,221.6,285.0,12.6,13.7,14.0,15.4,7.4,8.3,11.2,11.6,52.4,51.8,48.6,52.9,1.0,0.8333333333333334,3.25,2.9166666666666665,3.0833333333333335,2.1666666666666665,12.25,12.0,4.75,4.083333333333333,5.5,5.583333333333333,1.7,1.9,1.0,1.1,16.666666666666668,14.5,13.75,10.916666666666666,403.5833333333333,370.5,321.0833333333333,287.0833333333333,14.083333333333334,16.333333333333332,8.75,12.083333333333334,52.416666666666664,52.75,12
2026-04-20,m_0HO7em,15,t_3FROV0,Barracas Central,LOCAL,1.2,1.2,1.2,1.0,4.2,3.4,3.2,3.0,2.6,2.7,2.6,2.1,15.0,13.5,10.2,11.6,5.0,5.4,3.0,4.0,8.0,6.3,5.2,5.7,2.25,1.8888888888888888,1.75,1.5555555555555556,1.5,1.1111111111111112,1.0,0.8888888888888888,20.0,18.8,13.8,15.0,10.4,12.7,14.2,12.9,491.6,449.2,295.0,338.2,411.6,368.9,218.4,259.4,13.2,13.6,13.0,15.1,8.4,8.5,9.4,11.6,49.4,51.8,46.0,51.3,1.0,0.9230769230769231,3.4615384615384617,2.8461538461538463,2.923076923076923,2.230769230769231,12.538461538461538,11.923076923076923,4.6923076923076925,4.153846153846154,5.769230769230769,5.461538461538462,1.8181818181818181,1.8181818181818181,1.0909090909090908,1.0909090909090908,17.076923076923077,14.846153846153847,13.615384615384615,11.615384615384615,416.6923076923077,356.84615384615387,334.46153846153845,274.15384615384613,14.153846153846153,15.846153846153847,9.153846153846153,11.615384615384615,52.0,51.69230769230769,13
2026-04-25,m_3vfFEs,16,t_3FROV0,Barracas Central,VISITANTE,1.0,1.0,0.8,1.0,3.4,3.4,3.8,2.7,1.6,2.6,1.8,1.8,13.0,13.4,10.8,11.5,3.2,5.0,3.0,3.9,7.8,6.6,5.6,5.4,1.75,1.6666666666666667,1.5,1.6666666666666667,1.25,1.0,1.25,1.0,17.8,18.4,15.6,14.8,10.8,12.1,13.4,12.6,439.4,446.7,364.8,340.3,356.0,365.8,289.8,261.6,14.8,14.8,14.4,15.0,9.2,8.8,8.2,10.5,47.6,51.6,47.2,50.5,0.9285714285714286,0.8571428571428571,3.357142857142857,2.9285714285714284,2.7857142857142856,2.0714285714285716,12.5,11.857142857142858,4.5,4.071428571428571,5.857142857142857,5.428571428571429,1.6666666666666667,1.75,1.0,1.0833333333333333,17.071428571428573,14.928571428571429,13.428571428571429,11.285714285714286,404.92857142857144,370.7857142857143,322.5,289.0,14.428571428571429,15.928571428571429,9.285714285714286,11.071428571428571,51.57142857142857,51.42857142857143,14
2026-05-02,m_1UxCxs,9,t_3FROV0,Barracas Central,LOCAL,0.8,1.1,0.8,0.9,3.6,3.6,3.8,2.7,1.6,2.4,1.4,2.0,12.2,13.6,11.6,11.3,2.8,4.8,3.0,3.5,7.2,6.8,5.8,5.3,1.4,1.6666666666666667,1.4,1.2222222222222223,1.0,1.0,1.2,0.7777777777777778,17.4,18.9,16.2,13.4,11.4,11.6,12.2,12.3,445.0,457.0,355.4,324.6,361.6,374.1,279.8,245.2,16.8,15.0,14.6,13.8,10.2,9.2,7.8,9.6,49.8,51.7,47.8,48.9,0.9333333333333333,0.8666666666666667,3.2666666666666666,2.933333333333333,2.6666666666666665,2.1333333333333333,12.0,12.2,4.266666666666667,4.0,5.6,5.666666666666667,1.5384615384615385,1.6923076923076923,0.9230769230769231,1.0769230769230769,16.333333333333332,15.0,13.266666666666667,11.066666666666666,403.06666666666666,370.8,319.93333333333334,289.2,14.733333333333333,15.733333333333333,9.4,11.0,51.46666666666667,51.13333333333333,15
2026-07-25,m_4X9GUk,1,t_3FROV0,Barracas Central,VISITANTE,1.0,1.1,1.2,1.1,2.6,3.4,4.0,3.2,1.4,2.1,1.2,1.9,12.2,13.7,13.8,12.3,3.4,4.8,4.0,3.8,6.4,6.9,6.6,5.8,1.8,1.6666666666666667,1.4,1.4444444444444444,1.4,1.1111111111111112,1.2,1.0,17.6,18.5,18.6,14.5,11.6,11.0,10.8,11.3,425.4,449.6,392.8,338.2,339.2,364.7,317.6,259.4,17.4,14.8,14.2,14.0,9.8,9.4,6.8,9.5,52.0,53.4,50.4,49.6,0.9375,0.9375,3.1875,3.125,2.5625,2.0,12.1875,12.4375,4.4375,4.125,5.625,5.75,1.6428571428571428,1.7142857142857142,1.0714285714285714,1.1428571428571428,16.6875,15.4375,13.0625,10.8125,405.0,374.25,320.9375,292.375,14.8125,15.8125,9.4375,10.75,52.8125,52.1875,16
2026-07-29,m_03VPBd,2,t_3FROV0,Barracas Central,LOCAL,0.6,0.9,1.2,1.1,3.0,3.7,3.2,3.1,1.2,1.9,2.2,2.3,12.6,14.1,11.8,11.2,3.6,4.7,3.8,3.4,6.6,7.3,5.4,5.3,1.4,1.6666666666666667,1.4,1.4444444444444444,1.2,1.2222222222222223,1.2,1.0,19.8,20.2,15.4,13.5,10.4,10.0,12.6,12.2,453.2,473.4,349.2,325.9,363.4,387.7,268.2,244.9,16.6,14.6,13.8,13.9,12.2,9.8,8.6,9.9,54.2,53.3,52.0,50.3,0.8823529411764706,0.9411764705882353,3.176470588235294,3.0,2.5294117647058822,2.176470588235294,12.352941176470589,11.941176470588236,4.411764705882353,4.0,5.823529411764706,5.529411764705882,1.6,1.7333333333333334,1.0666666666666667,1.1333333333333333,17.58823529411765,14.764705882352942,12.764705882352942,11.411764705882353,418.1764705882353,364.2352941176471,333.52941176470586,281.52941176470586,14.823529411764707,15.588235294117647,9.764705882352942,11.058823529411764,52.94117647058823,52.529411764705884,17
2026-08-02,m_1sTPds,3,t_3FROV0,Barracas Central,VISITANTE,0.4,0.8,1.0,1.1,3.4,3.8,3.0,3.1,1.4,2.0,1.8,2.2,11.2,13.1,11.6,10.9,3.0,4.0,3.6,3.3,5.4,6.7,5.4,5.3,1.0,1.5555555555555556,1.4,1.5555555555555556,1.0,1.2222222222222223,1.2,1.1111111111111112,19.0,19.5,13.8,13.8,11.4,10.9,11.0,12.6,420.6,456.1,401.6,348.3,326.2,368.9,318.4,268.4,17.6,15.4,14.0,13.5,10.8,9.6,8.6,9.0,54.4,51.9,54.4,50.2,0.8333333333333334,0.9444444444444444,3.4444444444444446,2.888888888888889,2.5,2.111111111111111,12.166666666666666,11.833333333333334,4.222222222222222,4.0,5.666666666666667,5.444444444444445,1.5625,1.6875,1.0625,1.125,17.61111111111111,14.555555555555555,13.0,11.444444444444445,417.77777777777777,369.27777777777777,332.1666666666667,286.44444444444446,15.11111111111111,15.333333333333334,9.61111111111111,10.777777777777779,52.666666666666664,52.44444444444444,18
2026-08-09,m_4AhgSS,4,t_3FROV0,Barracas Central,VISITANTE,0.6,0.8,1.0,0.9,3.6,3.5,3.2,3.5,1.8,1.7,2.0,1.9,10.8,11.9,11.8,11.3,3.2,3.2,3.8,3.4,4.8,6.3,5.6,5.6,1.4,1.5555555555555556,1.4,1.4444444444444444,1.4,1.3333333333333333,1.2,1.2222222222222223,19.2,18.5,14.2,14.9,12.2,11.5,12.6,13.0,451.2,445.3,344.8,354.8,350.0,353.0,250.6,270.2,16.8,15.8,14.8,14.6,10.0,9.6,10.4,9.3,58.0,52.8,56.0,51.6,0.8421052631578947,0.8947368421052632,3.4210526315789473,3.0,2.526315789473684,2.0526315789473686,12.052631578947368,11.842105263157896,4.157894736842105,4.0,5.578947368421052,5.473684210526316,1.588235294117647,1.6470588235294117,1.1176470588235294,1.1176470588235294,17.63157894736842,14.736842105263158,13.105263157894736,11.631578947368421,417.10526315789474,363.94736842105266,329.7368421052632,278.89473684210526,15.052631578947368,15.631578947368421,9.473684210526315,10.894736842105264,53.26315789473684,52.63157894736842,19
2026-08-17,m_48fWBj,5,t_3FROV0,Barracas Central,LOCAL,0.8,0.8,0.8,0.8,3.6,3.6,2.8,3.3,2.2,1.9,2.2,1.8,13.0,12.6,11.0,11.3,4.2,3.5,3.6,3.3,5.4,6.3,5.4,5.6,1.6,1.5,1.2,1.3,1.75,1.3333333333333333,1.25,1.2222222222222223,21.4,19.4,14.4,15.3,11.4,11.4,14.6,13.4,461.2,453.1,359.6,357.5,356.0,358.8,259.0,269.4,18.2,17.5,15.4,15.0,11.0,10.6,10.4,9.1,61.8,55.8,59.8,53.8,0.9,0.85,3.35,2.9,2.55,2.15,12.25,11.9,4.25,3.9,5.55,5.6,1.5555555555555556,1.5555555555555556,1.1176470588235294,1.1176470588235294,17.6,14.85,12.8,11.95,417.6,368.0,328.95,281.65,15.6,15.65,9.8,10.85,54.05,53.3,20
2026-08-23,m_4IdcNi,6,t_3FROV0,Barracas Central,LOCAL,0.6,0.8,0.6,0.9,4.6,3.6,1.8,2.9,2.0,1.7,2.8,2.0,13.2,12.7,9.2,11.5,3.8,3.6,3.0,3.5,5.2,5.8,4.6,5.6,1.6,1.7,1.2,1.3,1.75,1.5555555555555556,1.0,1.1111111111111112,20.6,19.1,12.0,15.3,11.4,11.5,14.6,12.7,460.0,442.7,401.0,396.9,353.2,346.2,298.2,307.9,20.4,18.9,14.8,14.5,12.2,11.0,11.8,9.3,62.8,57.4,60.6,55.5,0.8571428571428571,0.8571428571428571,3.5238095238095237,2.8095238095238093,2.4285714285714284,2.1904761904761907,12.428571428571429,11.666666666666666,4.285714285714286,3.857142857142857,5.523809523809524,5.476190476190476,1.631578947368421,1.5789473684210527,1.2222222222222223,1.1111111111111112,17.61904761904762,14.619047619047619,12.666666666666666,11.714285714285714,418.0952380952381,380.6190476190476,328.6190476190476,293.76190476190476,16.142857142857142,15.571428571428571,10.095238095238095,11.0,55.19047619047619,54.19047619047619,21
2026-09-01,m_2eHqO4,7,t_3FROV0,Barracas Central,VISITANTE,0.8,0.7,0.8,1.0,4.8,3.9,2.4,2.8,2.4,1.8,2.0,2.1,12.4,12.5,12.2,12.0,4.2,3.9,4.2,4.0,4.2,5.4,5.8,5.6,2.0,1.7,2.0,1.7,2.0,1.5555555555555556,1.75,1.4444444444444444,18.2,19.0,17.6,16.5,13.4,11.9,12.4,12.5,400.4,426.8,440.8,395.0,294.0,328.7,340.0,304.1,21.0,18.8,16.6,15.2,11.2,11.7,10.4,9.5,64.6,59.4,60.6,56.3,0.8636363636363636,0.9090909090909091,3.5454545454545454,2.8636363636363638,2.5,2.1363636363636362,12.363636363636363,12.0,4.363636363636363,4.045454545454546,5.454545454545454,5.590909090909091,1.7,1.8,1.263157894736842,1.263157894736842,17.727272727272727,15.409090909090908,12.909090909090908,11.636363636363637,414.1363636363636,381.6363636363636,324.54545454545456,294.8181818181818,16.227272727272727,15.818181818181818,10.090909090909092,10.909090909090908,55.59090909090909,54.36363636363637,22
2026-09-07,m_1lN21b,8,t_3FROV0,Barracas Central,LOCAL,0.8,0.6,0.6,0.8,3.8,3.6,3.2,3.1,2.2,1.8,2.4,2.1,11.8,11.5,13.0,12.3,4.2,3.6,3.8,3.7,4.6,5.0,6.6,6.0,1.8,1.4,2.0,1.7,1.75,1.3333333333333333,1.75,1.4444444444444444,17.4,18.2,18.8,16.3,12.2,11.8,12.6,11.8,397.8,409.2,428.4,415.0,290.2,308.2,326.8,322.6,20.0,18.8,18.4,16.2,11.4,11.1,13.2,10.9,67.4,60.9,63.8,59.1,0.8260869565217391,0.8695652173913043,3.5217391304347827,2.9565217391304346,2.4347826086956523,2.1739130434782608,12.08695652173913,12.08695652173913,4.217391304347826,3.9565217391304346,5.434782608695652,5.695652173913044,1.619047619047619,1.7619047619047619,1.2,1.25,17.565217391304348,15.478260869565217,12.826086956521738,11.695652173913043,413.4347826086956,382.1304347826087,323.04347826086956,295.2173913043478,16.17391304347826,16.0,10.0,11.304347826086957,55.869565217391305,54.91304347826087,23
2026-09-14,m_0WEWh7,9,t_3FROV0,Barracas Central,VISITANTE,0.6,0.6,0.6,0.8,3.8,3.7,3.0,3.1,2.6,2.2,2.6,2.3,11.2,11.0,12.0,11.9,3.8,3.5,3.6,3.7,4.4,4.6,6.2,5.9,1.6,1.5,2.0,1.7,1.5,1.4444444444444444,1.75,1.4444444444444444,16.0,17.6,16.6,15.4,14.2,13.2,12.0,12.3,391.6,421.4,479.4,412.1,289.2,319.6,383.0,316.8,20.2,18.5,17.4,16.1,13.0,11.5,13.0,11.7,68.8,63.4,66.6,61.3,0.7916666666666666,0.8333333333333334,3.5,3.0,2.5416666666666665,2.1666666666666665,11.875,11.875,4.083333333333333,3.9166666666666665,5.333333333333333,5.625,1.5909090909090908,1.7272727272727273,1.1904761904761905,1.2380952380952381,17.291666666666668,15.125,13.333333333333334,11.708333333333334,411.7916666666667,388.0,321.2916666666667,300.5833333333333,16.125,16.0,10.208333333333334,11.333333333333334,56.5,55.541666666666664,24
2026-09-14,m_1qLG6R,Clausura - Round 9,t_3FROV0,Barracas Central,VISITANTE,0.4,0.6,0.8,0.8,3.6,3.6,4.0,3.4,2.4,2.3,1.8,2.0,9.6,11.3,11.2,11.1,3.4,3.8,3.8,3.7,4.0,4.7,5.6,5.5,1.8,1.7,2.4,1.8,1.4,1.5555555555555556,1.6,1.4444444444444444,15.2,18.3,16.4,15.4,16.2,13.8,9.4,12.0,359.8,410.5,479.6,419.6,261.0,308.5,384.4,321.7,20.2,19.2,17.6,16.5,12.8,11.9,13.2,11.8,63.8,62.8,62.8,61.3,0.8,0.84,3.4,3.12,2.52,2.08,11.72,11.76,4.08,3.88,5.24,5.6,1.608695652173913,1.7391304347826086,1.1818181818181819,1.2272727272727273,17.12,15.16,13.48,11.44,406.04,390.32,315.36,302.2,16.52,16.04,10.4,11.32,56.0,55.2,25
2026-10-03,m_2ZYJzm,Clausura - Round 11,t_3FROV0,Barracas Central,VISITANTE,0.6,0.6,0.8,0.7,2.4,3.5,5.0,3.4,2.8,2.4,1.2,2.0,8.0,10.6,11.6,10.4,3.2,3.5,3.8,3.4,3.6,4.4,6.0,5.3,1.6,1.6,2.4,1.8,1.0,1.3333333333333333,1.6,1.3333333333333333,14.2,17.4,17.6,14.8,17.6,14.5,9.0,11.8,327.8,393.9,442.2,421.6,231.2,292.2,345.4,321.8,20.0,20.2,18.2,16.5,12.6,12.4,12.6,12.2,57.0,59.9,57.8,59.2,0.8076923076923077,0.8461538461538461,3.3076923076923075,3.230769230769231,2.5,2.0,11.576923076923077,11.653846153846153,4.076923076923077,3.8461538461538463,5.153846153846154,5.576923076923077,1.625,1.75,1.173913043478261,1.2173913043478262,16.96153846153846,15.192307692307692,13.615384615384615,11.192307692307692,400.7307692307692,392.46153846153845,309.88461538461536,303.6923076923077,16.884615384615383,16.076923076923077,10.576923076923077,11.307692307692308,55.53846153846154,54.88461538461539,26
2026-01-25,m_2hYXmh,1,t_3TbOfu,Deportivo Riestra,VISITANTE,,,,,,,,,,,,,,,,,,,,,,,,,,,,,,,,,,,,,,,,,,,,,,,,,,,,,,,,,,,,,,,,,,,,,,,,,,,,,,,,,,,,,,,,,,,0
2026-01-29,m_20gfAy,2,t_3TbOfu,Deportivo Riestra,LOCAL,0.0,0.0,1.0,1.0,1.0,1.0,12.0,12.0,5.0,5.0,1.0,1.0,6.0,6.0,19.0,19.0,1.0,1.0,3.0,3.0,3.0,3.0,8.0,8.0,0.0,0.0,2.0,2.0,0.0,0.0,1.0,1.0,7.0,7.0,19.0,19.0,19.0,19.0,9.0,9.0,155.0,155.0,574.0,574.0,80.0,80.0,505.0,505.0,16.0,16.0,12.0,12.0,4.0,4.0,4.0,4.0,28.0,28.0,39.0,39.0,0.0,1.0,1.0,12.0,5.0,1.0,6.0,19.0,1.0,3.0,3.0,8.0,0.0,2.0,0.0,1.0,7.0,19.0,19.0,9.0,155.0,574.0,80.0,505.0,16.0,12.0,4.0,4.0,28.0,39.0,1
2026-02-01,m_45XhQv,3,t_3TbOfu,Deportivo Riestra,VISITANTE,0.5,0.5,0.5,0.5,2.0,2.0,8.0,8.0,4.0,4.0,3.0,3.0,5.5,5.5,15.5,15.5,2.0,2.0,2.5,2.5,2.5,2.5,7.5,7.5,0.5,0.5,2.0,2.0,0.0,0.0,1.5,1.5,9.0,9.0,22.0,22.0,14.5,14.5,14.0,14.0,224.0,224.0,453.5,453.5,137.5,137.5,365.0,365.0,13.0,13.0,15.0,15.0,6.5,6.5,9.0,9.0,38.5,38.5,42.5,42.5,0.5,0.5,2.0,8.0,4.0,3.0,5.5,15.5,2.0,2.5,2.5,7.5,0.5,2.0,0.0,1.5,9.0,22.0,14.5,14.0,224.0,453.5,137.5,365.0,13.0,15.0,6.5,9.0,38.5,42.5,2
2026-02-09,m_3sDDFG,4,t_3TbOfu,Deportivo Riestra,VISITANTE,0.6666666666666666,0.6666666666666666,0.6666666666666666,0.6666666666666666,1.3333333333333333,1.3333333333333333,6.0,6.0,4.666666666666667,4.666666666666667,3.6666666666666665,3.6666666666666665,7.333333333333333,7.333333333333333,13.333333333333334,13.333333333333334,2.6666666666666665,2.6666666666666665,2.3333333333333335,2.3333333333333335,2.6666666666666665,2.6666666666666665,6.666666666666667,6.666666666666667,0.6666666666666666,0.6666666666666666,2.3333333333333335,2.3333333333333335,0.0,0.0,1.6666666666666667,1.6666666666666667,10.666666666666666,10.666666666666666,18.333333333333332,18.333333333333332,12.333333333333334,12.333333333333334,15.666666666666666,15.666666666666666,306.3333333333333,306.3333333333333,390.0,390.0,216.66666666666666,216.66666666666666,301.3333333333333,301.3333333333333,13.0,13.0,15.333333333333334,15.333333333333334,6.333333333333333,6.333333333333333,10.0,10.0,44.0,44.0,44.0,44.0,0.6666666666666666,0.6666666666666666,1.3333333333333333,6.0,4.666666666666667,3.6666666666666665,7.333333333333333,13.333333333333334,2.6666666666666665,2.3333333333333335,2.6666666666666665,6.666666666666667,0.6666666666666666,2.3333333333333335,0.0,1.6666666666666667,10.666666666666666,18.333333333333332,12.333333333333334,15.666666666666666,306.3333333333333,390.0,216.66666666666666,301.3333333333333,13.0,15.333333333333334,6.333333333333333,10.0,44.0,44.0,3
2026-02-16,m_1CzDvn,5,t_3TbOfu,Deportivo Riestra,LOCAL,0.5,0.5,0.75,0.75,2.25,2.25,5.5,5.5,4.75,4.75,3.0,3.0,7.5,7.5,14.0,14.0,2.75,2.75,3.25,3.25,2.75,2.75,6.5,6.5,1.25,1.25,2.25,2.25,0.75,0.75,1.5,1.5,11.5,11.5,17.25,17.25,14.75,14.75,13.5,13.5,278.0,278.0,418.25,418.25,188.25,188.25,335.25,335.25,14.25,14.25,13.0,13.0,6.0,6.0,8.5,8.5,44.25,44.25,46.75,46.75,0.5,0.75,2.25,5.5,4.75,3.0,7.5,14.0,2.75,3.25,2.75,6.5,1.25,2.25,0.75,1.5,11.5,17.25,14.75,13.5,278.0,418.25,188.25,335.25,14.25,13.0,6.0,8.5,44.25,46.75,4
2026-02-21,m_0aYpab,6,t_3TbOfu,Deportivo Riestra,LOCAL,0.6,0.6,0.8,0.8,2.6,2.6,5.2,5.2,4.4,4.4,3.0,3.0,7.4,7.4,14.4,14.4,3.0,3.0,3.6,3.6,2.8,2.8,6.2,6.2,1.2,1.2,2.6,2.6,0.6,0.6,1.8,1.8,11.8,11.8,21.0,21.0,13.0,13.0,14.2,14.2,278.0,278.0,389.8,389.8,183.0,183.0,298.6,298.6,15.4,15.4,12.8,12.8,5.6,5.6,10.0,10.0,46.6,46.6,48.2,48.2,0.6,0.8,2.6,5.2,4.4,3.0,7.4,14.4,3.0,3.6,2.8,6.2,1.2,2.6,0.6,1.8,11.8,21.0,13.0,14.2,278.0,389.8,183.0,298.6,15.4,12.8,5.6,10.0,46.6,48.2,5
2026-02-25,m_0rdClw,7,t_3TbOfu,Deportivo Riestra,VISITANTE,0.6,0.5,0.6,0.6666666666666666,3.0,2.6666666666666665,4.4,5.666666666666667,4.0,4.166666666666667,3.8,3.3333333333333335,7.6,7.333333333333333,12.4,13.5,3.4,3.0,3.4,3.3333333333333335,2.8,2.8333333333333335,5.0,5.5,1.5,1.2,2.75,2.6,0.75,0.6,2.0,1.8,13.2,12.166666666666666,20.8,20.5,11.2,12.5,16.6,15.333333333333334,300.6,276.3333333333333,330.6,371.1666666666667,201.4,181.16666666666666,231.2,276.8333333333333,13.4,13.833333333333334,13.4,13.166666666666666,6.2,5.833333333333333,10.6,9.5,49.8,46.166666666666664,49.0,47.333333333333336,0.5,0.6666666666666666,2.6666666666666665,5.666666666666667,4.166666666666667,3.3333333333333335,7.333333333333333,13.5,3.0,3.3333333333333335,2.8333333333333335,5.5,1.2,2.6,0.6,1.8,12.166666666666666,20.5,12.5,15.333333333333334,276.3333333333333,371.1666666666667,181.16666666666666,276.8333333333333,13.833333333333334,13.166666666666666,5.833333333333333,9.5,46.166666666666664,47.333333333333336,6
2026-03-02,m_2hRZh7,8,t_3TbOfu,Deportivo Riestra,LOCAL,0.4,0.42857142857142855,0.6,0.5714285714285714,3.0,2.7142857142857144,4.4,5.428571428571429,4.0,4.0,3.4,3.2857142857142856,8.6,7.714285714285714,12.4,13.285714285714286,3.6,3.142857142857143,3.6,3.2857142857142856,3.4,3.142857142857143,4.6,5.428571428571429,1.75,1.3333333333333333,2.25,2.1666666666666665,1.25,0.8333333333333334,1.5,1.5,13.2,12.0,19.2,20.0,12.8,13.285714285714286,15.0,14.714285714285714,290.0,271.14285714285717,380.6,401.42857142857144,191.4,176.0,281.8,305.57142857142856,16.0,15.142857142857142,14.2,14.428571428571429,7.0,6.857142857142857,9.4,9.285714285714286,52.4,48.42857142857143,51.2,48.714285714285715,0.42857142857142855,0.5714285714285714,2.7142857142857144,5.428571428571429,4.0,3.2857142857142856,7.714285714285714,13.285714285714286,3.142857142857143,3.2857142857142856,3.142857142857143,5.428571428571429,1.3333333333333333,2.1666666666666665,0.8333333333333334,1.5,12.0,20.0,13.285714285714286,14.714285714285714,271.14285714285717,401.42857142857144,176.0,305.57142857142856,15.142857142857142,14.428571428571429,6.857142857142857,9.285714285714286,48.42857142857143,48.714285714285715,7
2026-03-12,m_2mbzIF,10,t_3TbOfu,Deportivo Riestra,LOCAL,0.2,0.375,0.4,0.5,3.8,2.875,5.2,5.5,3.2,3.75,3.2,3.375,8.2,7.875,12.2,12.625,3.4,3.125,4.0,3.375,3.8,3.375,3.8,4.875,1.75,1.2857142857142858,2.5,2.4285714285714284,1.5,0.8571428571428571,2.0,1.8571428571428572,13.0,12.125,20.0,19.375,13.6,13.125,14.0,14.625,274.0,286.125,381.6,384.75,175.0,190.625,280.0,288.0,16.8,15.375,12.8,13.75,8.4,7.625,9.6,9.75,54.6,50.625,54.2,50.375,0.375,0.5,2.875,5.5,3.75,3.375,7.875,12.625,3.125,3.375,3.375,4.875,1.2857142857142858,2.4285714285714284,0.8571428571428571,1.8571428571428572,12.125,19.375,13.125,14.625,286.125,384.75,190.625,288.0,15.375,13.75,7.625,9.75,50.625,50.375,8
2026-03-18,m_1JvU76,11,t_3TbOfu,Deportivo Riestra,VISITANTE,0.2,0.3333333333333333,0.2,0.4444444444444444,3.2,2.7777777777777777,5.8,5.666666666666667,2.8,3.6666666666666665,3.6,3.3333333333333335,8.0,7.777777777777778,11.8,12.777777777777779,3.2,3.0,4.2,3.7777777777777777,3.8,3.3333333333333335,3.2,4.666666666666667,1.3333333333333333,1.2857142857142858,2.6666666666666665,2.4285714285714284,1.0,0.8571428571428571,2.3333333333333335,1.8571428571428572,11.2,11.333333333333334,23.6,20.77777777777778,11.8,13.11111111111111,16.6,15.222222222222221,287.0,283.0,343.8,376.8888888888889,184.2,186.0,225.4,274.22222222222223,15.8,15.11111111111111,18.2,15.88888888888889,10.8,8.666666666666666,11.0,9.88888888888889,58.8,52.333333333333336,56.2,52.0,0.3333333333333333,0.4444444444444444,2.7777777777777777,5.666666666666667,3.6666666666666665,3.3333333333333335,7.777777777777778,12.777777777777779,3.0,3.7777777777777777,3.3333333333333335,4.666666666666667,1.2857142857142858,2.4285714285714284,0.8571428571428571,1.8571428571428572,11.333333333333334,20.77777777777778,13.11111111111111,15.222222222222221,283.0,376.8888888888889,186.0,274.22222222222223,15.11111111111111,15.88888888888889,8.666666666666666,9.88888888888889,52.333333333333336,52.0,9
2026-03-25,m_0idF82,12,t_3TbOfu,Deportivo Riestra,LOCAL,0.0,0.3,0.2,0.5,3.0,2.8,5.4,5.3,3.0,3.7,3.0,3.0,8.8,8.1,9.4,11.9,3.2,3.1,3.6,3.6,3.4,3.1,2.6,4.4,1.3333333333333333,1.25,1.6666666666666667,2.25,1.3333333333333333,0.875,1.3333333333333333,1.625,13.2,12.5,18.4,19.7,13.4,13.2,14.6,14.4,296.0,287.0,359.4,374.6,194.0,188.5,247.8,273.2,14.8,15.1,20.0,16.4,12.6,9.1,9.2,9.6,56.6,51.6,55.6,51.9,0.3,0.5,2.8,5.3,3.7,3.0,8.1,11.9,3.1,3.6,3.1,4.4,1.25,2.25,0.875,1.625,12.5,19.7,13.2,14.4,287.0,374.6,188.5,273.2,15.1,16.4,9.1,9.6,51.6,51.9,10
2026-04-03,m_1wLnDu,13,t_3TbOfu,Deportivo Riestra,VISITANTE,0.2,0.4,0.4,0.5,3.2,3.1,4.2,4.3,2.6,3.3,2.4,3.1,8.8,8.2,9.4,10.9,3.0,3.2,3.6,3.5,3.6,3.2,3.0,4.0,1.5,1.5,1.5,2.125,1.5,1.125,1.0,1.5,12.6,12.9,18.0,19.4,14.2,12.7,13.2,14.9,327.4,314.0,349.0,339.8,223.6,212.5,239.6,235.4,15.8,14.6,21.4,17.4,13.2,9.7,8.2,9.4,57.4,53.6,57.2,53.1,0.36363636363636365,0.5454545454545454,2.909090909090909,5.0,3.4545454545454546,2.909090909090909,8.0,11.636363636363637,3.0,3.4545454545454546,3.1818181818181817,4.363636363636363,1.3333333333333333,2.111111111111111,1.0,1.4444444444444444,12.363636363636363,19.363636363636363,13.272727272727273,14.363636363636363,299.54545454545456,361.09090909090907,200.45454545454547,259.90909090909093,14.727272727272727,16.90909090909091,9.181818181818182,8.909090909090908,51.27272727272727,51.81818181818182,11
2026-04-11,m_0g9Wn1,14,t_3TbOfu,Deportivo Riestra,LOCAL,0.6,0.5,0.4,0.5,4.4,3.7,3.4,3.9,2.4,3.2,2.4,2.9,12.0,10.3,8.6,10.5,4.0,3.8,4.0,3.8,4.6,4.0,2.2,3.4,1.75,1.75,1.75,2.0,1.25,1.25,1.25,1.375,16.2,14.7,17.2,18.2,12.6,12.7,14.4,14.7,380.6,335.3,272.6,326.6,279.4,235.4,167.2,224.5,12.4,14.2,19.6,16.9,12.0,9.5,8.6,9.0,56.8,54.6,56.2,53.7,0.5,0.5,3.4166666666666665,4.583333333333333,3.3333333333333335,2.9166666666666665,9.5,11.333333333333334,3.5,3.5833333333333335,3.75,4.083333333333333,1.5,2.0,1.0,1.4,13.75,18.833333333333332,13.0,14.583333333333334,316.75,347.75,219.08333333333334,247.91666666666666,14.0,16.583333333333332,9.0,9.0,51.916666666666664,51.833333333333336,12
2026-04-19,m_2g93PE,15,t_3TbOfu,Deportivo Riestra,VISITANTE,0.6,0.4,0.6,0.5,5.0,4.4,3.2,4.2,2.2,2.7,2.4,2.8,13.0,10.6,10.2,11.2,4.2,3.8,4.4,4.2,4.4,4.1,3.4,3.6,2.0,1.875,1.25,1.875,1.5,1.5,0.5,1.25,21.0,17.0,17.8,18.9,12.6,13.1,14.6,14.3,368.8,321.4,280.4,331.0,258.4,216.7,173.4,226.7,12.2,14.5,20.6,16.7,11.4,9.9,8.4,9.0,54.6,54.6,54.2,54.2,0.46153846153846156,0.5384615384615384,3.6923076923076925,4.615384615384615,3.1538461538461537,3.0,9.846153846153847,11.692307692307692,3.5384615384615383,3.769230769230769,3.769230769230769,4.3076923076923075,1.5454545454545454,2.0,1.0909090909090908,1.3636363636363635,15.538461538461538,18.76923076923077,12.923076923076923,14.615384615384615,317.9230769230769,344.61538461538464,216.69230769230768,243.92307692307693,14.153846153846153,16.384615384615383,9.076923076923077,9.23076923076923,52.15384615384615,51.84615384615385,13
2026-04-24,m_0cJtQg,16,t_3TbOfu,Deportivo Riestra,LOCAL,1.0,0.6,0.6,0.4,5.4,4.3,3.2,4.5,2.0,2.4,2.2,2.9,14.6,11.3,9.2,10.5,5.4,4.3,3.2,3.7,4.8,4.3,4.2,3.7,2.0,1.75,1.0,1.625,1.5,1.2857142857142858,0.5,1.2857142857142858,25.8,18.5,14.0,18.8,12.0,11.9,13.2,14.9,427.6,357.3,260.0,301.9,320.8,252.5,165.0,195.2,11.2,13.5,16.6,17.4,9.4,10.1,9.0,10.0,50.8,54.8,50.2,53.2,0.5714285714285714,0.5,3.7142857142857144,4.785714285714286,3.0714285714285716,2.9285714285714284,10.214285714285714,11.5,3.857142857142857,3.5714285714285716,3.857142857142857,4.5,1.5833333333333333,1.8333333333333333,1.0909090909090908,1.3636363636363635,16.5,18.357142857142858,12.714285714285714,14.5,334.64285714285717,335.14285714285717,234.14285714285714,235.21428571428572,13.714285714285714,16.142857142857142,8.928571428571429,9.571428571428571,51.785714285714285,51.357142857142854,14
2026-05-02,m_1XEoaS,9,t_3TbOfu,Deportivo Riestra,VISITANTE,1.0,0.5,0.8,0.5,5.4,4.2,3.4,4.4,1.8,2.4,3.2,3.1,15.0,11.9,10.0,9.7,5.0,4.1,3.6,3.6,5.0,4.2,4.2,3.4,2.0,1.75,1.0,1.25,1.5,1.4285714285714286,0.5,0.8571428571428571,26.0,19.6,15.8,17.1,11.8,12.6,15.0,14.8,458.4,377.2,233.0,296.2,358.2,276.1,134.8,191.3,10.2,12.5,16.8,18.4,8.4,10.5,9.2,9.2,52.6,54.6,50.2,52.9,0.5333333333333333,0.6,3.6666666666666665,4.666666666666667,3.066666666666667,3.066666666666667,10.4,11.266666666666667,3.7333333333333334,3.6,3.7333333333333334,4.333333333333333,1.5384615384615385,1.7692307692307692,1.0833333333333333,1.25,17.0,18.4,12.733333333333333,14.6,344.1333333333333,327.4,245.06666666666666,227.06666666666666,13.466666666666667,16.533333333333335,8.866666666666667,9.466666666666667,51.93333333333333,51.333333333333336,15
2026-07-26,m_4Gu3AR,1,t_3TbOfu,Deportivo Riestra,LOCAL,0.8,0.5,0.6,0.5,6.0,4.6,3.8,4.0,2.2,2.4,3.2,2.8,14.6,11.7,10.6,10.0,5.0,4.0,4.6,4.1,4.6,4.1,4.2,3.6,1.6,1.5555555555555556,1.2,1.3333333333333333,1.0,1.25,1.0,1.0,25.8,19.2,16.6,17.3,13.0,13.6,15.0,14.1,419.2,373.3,303.8,326.4,315.8,269.7,201.0,220.3,12.4,14.1,15.2,18.3,8.2,10.7,11.4,9.8,54.8,56.1,52.4,54.8,0.5,0.5625,3.875,4.625,3.0625,3.0,10.0625,11.3125,3.625,3.8125,3.625,4.3125,1.4285714285714286,1.7857142857142858,1.0,1.3076923076923077,16.5625,18.5,13.1875,14.5625,336.9375,343.1875,236.5,241.5,14.0,16.375,8.875,9.6875,52.375,52.0,16
2026-07-29,m_1R2IMx,2,t_3TbOfu,Deportivo Riestra,VISITANTE,1.0,0.8,0.6,0.5,4.6,4.5,5.4,4.4,2.4,2.4,2.6,2.5,10.6,11.3,11.6,10.1,4.0,4.0,4.2,4.1,2.8,3.7,5.6,3.9,1.6,1.6666666666666667,1.2,1.4444444444444444,0.75,1.0,1.0,1.125,21.2,18.7,17.4,17.3,15.0,13.8,13.2,13.8,354.2,367.4,422.2,347.4,248.6,264.0,320.0,243.6,15.0,13.7,14.6,17.1,8.4,10.2,11.8,10.2,53.0,54.9,53.2,54.7,0.6470588235294118,0.5294117647058824,3.764705882352941,4.823529411764706,3.0588235294117645,2.823529411764706,9.823529411764707,11.411764705882353,3.6470588235294117,3.764705882352941,3.4705882352941178,4.529411764705882,1.5333333333333334,1.7333333333333334,0.9285714285714286,1.2857142857142858,15.941176470588236,18.41176470588235,13.588235294117647,14.176470588235293,327.7647058823529,369.6470588235294,227.76470588235293,269.11764705882354,14.294117647058824,16.0,8.823529411764707,9.823529411764707,52.23529411764706,52.23529411764706,17
2026-08-02,m_1sTPds,3,t_3TbOfu,Deportivo Riestra,LOCAL,1.4,1.0,0.6,0.6,4.2,4.6,5.0,4.1,2.6,2.4,2.6,2.5,10.2,11.6,12.0,11.1,4.6,4.4,4.0,4.2,3.0,3.7,6.2,4.8,1.8,1.8888888888888888,1.4,1.3333333333333333,0.5,1.0,1.25,0.875,17.0,19.0,18.6,18.2,15.2,13.9,12.6,13.6,375.0,371.9,411.0,345.7,276.8,267.6,306.4,239.9,14.4,13.3,15.2,17.9,8.0,9.7,10.8,9.6,52.8,53.7,53.0,53.6,0.7222222222222222,0.5555555555555556,3.8333333333333335,4.722222222222222,3.0,2.888888888888889,9.944444444444445,11.777777777777779,3.8333333333333335,3.8333333333333335,3.5555555555555554,4.833333333333333,1.625,1.8125,0.9333333333333333,1.3333333333333333,15.944444444444445,18.72222222222222,13.555555555555555,14.055555555555555,333.77777777777777,363.05555555555554,233.38888888888889,261.27777777777777,14.222222222222221,16.055555555555557,8.777777777777779,9.666666666666666,52.333333333333336,52.166666666666664,18
2026-08-08,m_3xPV3E,4,t_3TbOfu,Deportivo Riestra,LOCAL,1.0,1.0,0.8,0.7,4.4,4.9,4.2,3.7,2.4,2.2,2.8,2.5,9.6,12.1,12.2,10.7,3.8,4.6,4.4,3.8,3.2,4.0,5.6,4.9,1.6,1.8,1.8,1.4,0.6,1.0,1.4,1.0,14.8,20.3,19.6,16.8,16.2,14.1,13.0,13.1,318.2,372.9,449.6,354.8,213.2,267.0,339.2,252.1,17.0,14.1,15.4,16.0,9.2,9.3,9.4,9.2,54.6,52.7,56.8,53.5,0.6842105263157895,0.5789473684210527,3.8947368421052633,4.631578947368421,2.8947368421052633,2.8947368421052633,10.052631578947368,11.68421052631579,3.8421052631578947,3.789473684210526,3.6842105263157894,4.7894736842105265,1.588235294117647,1.8235294117647058,0.9375,1.375,16.05263157894737,18.68421052631579,13.631578947368421,14.105263157894736,330.3157894736842,365.2631578947368,228.6315789473684,262.57894736842104,14.578947368421053,15.947368421052632,9.0,9.526315789473685,52.526315789473685,52.78947368421053,19
2026-08-15,m_4Y2JeT,5,t_3TbOfu,Deportivo Riestra,VISITANTE,1.0,1.0,0.8,0.8,3.8,4.6,4.0,3.7,2.6,2.2,2.4,2.8,8.8,11.9,12.6,11.3,3.6,4.3,4.4,4.0,3.6,4.3,5.8,5.0,1.6,1.8,2.2,1.6,0.6,1.0,1.6,1.1111111111111112,12.0,19.0,19.0,17.4,16.2,14.0,12.8,13.9,348.2,403.3,452.2,342.6,238.2,298.2,343.0,238.9,18.0,14.1,14.0,15.4,10.0,9.2,11.6,10.4,56.0,54.3,58.8,54.5,0.65,0.65,3.7,4.5,2.95,2.9,10.0,11.6,3.7,3.8,3.7,4.7,1.5555555555555556,1.8888888888888888,0.9411764705882353,1.3529411764705883,15.75,18.55,13.6,14.15,345.15,358.6,243.35,256.05,14.6,15.9,9.15,10.0,52.95,53.2,20
2026-08-23,m_3jpi32,6,t_3TbOfu,Deportivo Riestra,VISITANTE,1.4,1.1,0.8,0.7,3.6,4.8,3.8,3.8,2.2,2.2,2.4,2.8,9.6,12.1,12.4,11.5,3.8,4.4,3.6,4.1,3.8,4.2,6.2,5.2,2.0,1.8,2.0,1.6,0.8,0.8888888888888888,1.4,1.2222222222222223,11.2,18.5,18.8,17.7,14.6,13.8,13.2,14.1,391.4,405.3,384.0,343.9,285.2,300.5,277.8,239.4,17.4,14.9,14.8,15.0,9.8,9.0,10.8,11.1,57.4,56.1,58.0,55.2,0.7142857142857143,0.6190476190476191,3.8095238095238093,4.428571428571429,2.857142857142857,2.857142857142857,9.952380952380953,11.571428571428571,3.6666666666666665,3.761904761904762,3.6666666666666665,4.761904761904762,1.5789473684210527,1.8421052631578947,0.9444444444444444,1.3333333333333333,15.285714285714286,18.571428571428573,13.523809523809524,14.238095238095237,349.9047619047619,352.9047619047619,248.0952380952381,250.14285714285714,14.80952380952381,16.0,9.095238095238095,9.952380952380953,53.57142857142857,53.42857142857143,21
2026-08-29,m_4bZ5kw,7,t_3TbOfu,Deportivo Riestra,LOCAL,0.8,0.9,0.8,0.7,4.0,4.3,2.8,4.1,2.4,2.4,2.4,2.5,11.0,10.8,12.2,11.9,3.4,3.7,3.8,4.0,4.8,3.8,5.6,5.6,1.8,1.7,1.8,1.5,1.2,1.0,1.2,1.1111111111111112,13.4,17.3,18.6,18.0,14.8,14.9,13.4,13.3,403.6,378.9,338.2,380.2,292.6,270.6,222.4,271.2,18.0,16.5,16.8,15.7,10.4,9.4,10.6,11.2,57.6,55.3,57.8,55.5,0.6818181818181818,0.5909090909090909,3.8181818181818183,4.363636363636363,2.909090909090909,2.727272727272727,10.090909090909092,11.590909090909092,3.590909090909091,3.772727272727273,3.772727272727273,4.7727272727272725,1.6,1.75,1.0,1.263157894736842,15.363636363636363,18.454545454545453,13.863636363636363,14.0,345.0,362.5,242.5,258.5,15.136363636363637,16.181818181818183,9.181818181818182,10.0,53.45454545454545,53.5,22
2026-09-04,m_08AJGA,8,t_3TbOfu,Deportivo Riestra,VISITANTE,0.6,1.0,0.8,0.7,4.2,4.2,2.6,3.8,2.2,2.4,2.0,2.3,11.2,10.7,10.0,11.0,3.0,3.8,3.4,3.7,4.6,3.8,4.2,5.2,1.4,1.6,1.6,1.5,1.2,0.8888888888888888,1.0,1.1111111111111112,14.2,15.6,16.6,17.6,14.0,14.6,13.8,13.2,444.6,409.8,328.0,369.5,335.2,306.0,218.0,262.2,18.4,16.4,16.4,15.8,10.2,9.1,11.4,11.1,60.0,56.4,59.0,56.0,0.6956521739130435,0.6086956521739131,3.9130434782608696,4.260869565217392,2.8260869565217392,2.6956521739130435,10.217391304347826,11.391304347826088,3.652173913043478,3.739130434782609,3.782608695652174,4.695652173913044,1.5714285714285714,1.7619047619047619,1.0,1.25,15.565217391304348,18.26086956521739,13.652173913043478,14.0,357.8695652173913,355.4347826086956,255.52173913043478,251.8695652173913,15.130434782608695,16.130434782608695,9.08695652173913,10.043478260869565,54.0,53.65217391304348,23
2026-09-14,m_0AnTKr,9,t_3TbOfu,Deportivo Riestra,LOCAL,0.8,0.9,0.8,0.8,3.8,4.1,2.6,3.4,2.2,2.3,2.2,2.5,10.8,10.2,9.2,10.7,2.8,3.3,3.6,4.0,4.4,3.8,3.4,4.5,1.4,1.5,1.4,1.6,1.25,0.8888888888888888,0.75,1.1111111111111112,13.6,14.2,17.0,18.3,12.4,14.3,15.0,14.0,484.0,401.1,297.6,373.6,377.0,295.1,186.6,262.9,16.0,16.5,17.8,16.6,10.6,9.9,12.2,10.8,62.4,58.5,59.2,58.0,0.7083333333333334,0.625,3.875,4.208333333333333,2.75,2.75,10.208333333333334,11.166666666666666,3.625,3.75,3.8333333333333335,4.5,1.5454545454545454,1.7272727272727273,1.0,1.25,15.541666666666666,18.333333333333332,13.375,14.291666666666666,362.3333333333333,351.1666666666667,259.5416666666667,246.75,14.875,16.333333333333332,9.333333333333334,10.083333333333334,54.583333333333336,54.125,24
2026-09-14,m_2vy6Yj,Clausura - Round 9,t_3TbOfu,Deportivo Riestra,LOCAL,0.8,0.9,1.0,0.9,4.6,4.2,3.0,3.5,1.8,2.2,1.8,2.1,13.6,11.2,9.4,11.0,3.8,3.7,4.0,4.2,5.0,4.3,3.6,4.7,1.4,1.5,1.4,1.8,1.25,0.8888888888888888,0.75,1.2222222222222223,17.2,14.6,17.8,18.4,13.4,14.8,13.6,13.2,418.0,383.1,356.6,404.4,310.8,274.5,241.4,292.2,16.6,17.3,17.0,15.5,10.2,10.1,9.8,10.7,63.2,59.6,60.8,59.8,0.68,0.72,3.88,4.2,2.72,2.68,10.72,11.16,3.72,3.84,3.96,4.48,1.5217391304347827,1.7826086956521738,1.0,1.2380952380952381,16.04,18.4,13.56,14.04,359.72,358.2,256.84,253.12,15.0,16.12,9.36,9.96,55.0,54.72,25
2026-01-26,m_1BLvBV,1,t_3XuEvf,Argentinos Juniors,LOCAL,,,,,,,,,,,,,,,,,,,,,,,,,,,,,,,,,,,,,,,,,,,,,,,,,,,,,,,,,,,,,,,,,,,,,,,,,,,,,,,,,,,,,,,,,,,0
2026-01-30,m_1mw3rN,2,t_3XuEvf,Argentinos Juniors,VISITANTE,0.0,0.0,1.0,1.0,2.0,2.0,9.0,9.0,6.0,6.0,3.0,3.0,2.0,2.0,24.0,24.0,1.0,1.0,11.0,11.0,0.0,0.0,10.0,10.0,0.0,0.0,2.0,2.0,0.0,0.0,2.0,2.0,8.0,8.0,26.0,26.0,21.0,21.0,8.0,8.0,183.0,183.0,421.0,421.0,109.0,109.0,353.0,353.0,17.0,17.0,17.0,17.0,4.0,4.0,9.0,9.0,47.0,47.0,54.0,54.0,0.0,1.0,2.0,9.0,6.0,3.0,2.0,24.0,1.0,11.0,0.0,10.0,0.0,2.0,0.0,2.0,8.0,26.0,21.0,8.0,183.0,421.0,109.0,353.0,17.0,17.0,4.0,9.0,47.0,54.0,1
2026-02-03,m_0ks99k,3,t_3XuEvf,Argentinos Juniors,LOCAL,0.0,0.0,0.5,0.5,1.5,1.5,7.5,7.5,4.0,4.0,1.5,1.5,4.5,4.5,17.5,17.5,0.5,0.5,7.0,7.0,3.0,3.0,7.5,7.5,0.0,0.0,1.5,1.5,0.0,0.0,1.5,1.5,9.5,9.5,24.5,24.5,19.5,19.5,10.5,10.5,206.0,206.0,536.5,536.5,129.5,129.5,458.0,458.0,16.5,16.5,14.5,14.5,10.5,10.5,12.0,12.0,47.5,47.5,50.5,50.5,0.0,0.5,1.5,7.5,4.0,1.5,4.5,17.5,0.5,7.0,3.0,7.5,0.0,1.5,0.0,1.5,9.5,24.5,19.5,10.5,206.0,536.5,129.5,458.0,16.5,14.5,10.5,12.0,47.5,50.5,2
2026-02-07,m_21nAGO,4,t_3XuEvf,Argentinos Juniors,VISITANTE,0.0,0.0,0.3333333333333333,0.3333333333333333,2.6666666666666665,2.6666666666666665,5.333333333333333,5.333333333333333,4.0,4.0,1.5,1.5,8.666666666666666,8.666666666666666,15.666666666666666,15.666666666666666,2.3333333333333335,2.3333333333333335,6.333333333333333,6.333333333333333,5.0,5.0,6.666666666666667,6.666666666666667,0.6666666666666666,0.6666666666666666,1.3333333333333333,1.3333333333333333,0.6666666666666666,0.6666666666666666,1.3333333333333333,1.3333333333333333,17.0,17.0,22.333333333333332,22.333333333333332,15.333333333333334,15.333333333333334,9.0,9.0,335.3333333333333,335.3333333333333,486.6666666666667,486.6666666666667,257.6666666666667,257.6666666666667,400.0,400.0,16.666666666666668,16.666666666666668,19.333333333333332,19.333333333333332,12.333333333333334,12.333333333333334,12.333333333333334,12.333333333333334,55.666666666666664,55.666666666666664,58.666666666666664,58.666666666666664,0.0,0.3333333333333333,2.6666666666666665,5.333333333333333,4.0,1.5,8.666666666666666,15.666666666666666,2.3333333333333335,6.333333333333333,5.0,6.666666666666667,0.6666666666666666,1.3333333333333333,0.6666666666666666,1.3333333333333333,17.0,22.333333333333332,15.333333333333334,9.0,335.3333333333333,486.6666666666667,257.6666666666667,400.0,16.666666666666668,19.333333333333332,12.333333333333334,12.333333333333334,55.666666666666664,58.666666666666664,3
2026-02-13,m_064D4L,5,t_3XuEvf,Argentinos Juniors,LOCAL,0.5,0.5,0.5,0.5,3.0,3.0,5.75,5.75,3.6666666666666665,3.6666666666666665,2.0,2.0,10.0,10.0,14.75,14.75,2.5,2.5,6.0,6.0,5.25,5.25,6.25,6.25,0.75,0.75,1.5,1.5,0.5,0.5,1.25,1.25,19.5,19.5,20.75,20.75,15.5,15.5,10.25,10.25,320.75,320.75,436.5,436.5,241.75,241.75,354.0,354.0,15.25,15.25,17.5,17.5,13.0,13.0,13.75,13.75,51.25,51.25,51.5,51.5,0.5,0.5,3.0,5.75,3.6666666666666665,2.0,10.0,14.75,2.5,6.0,5.25,6.25,0.75,1.5,0.5,1.25,19.5,20.75,15.5,10.25,320.75,436.5,241.75,354.0,15.25,17.5,13.0,13.75,51.25,51.5,4
2026-03-01,m_3FQmVY,8,t_3XuEvf,Argentinos Juniors,LOCAL,0.6,0.6,0.4,0.4,2.6,2.6,4.8,4.8,2.75,2.75,2.5,2.5,10.8,10.8,13.6,13.6,3.0,3.0,5.0,5.0,5.2,5.2,5.8,5.8,0.6,0.6,1.6,1.6,0.4,0.4,1.4,1.4,19.8,19.8,21.4,21.4,14.2,14.2,11.6,11.6,337.0,337.0,435.8,435.8,253.2,253.2,347.8,347.8,16.0,16.0,17.8,17.8,12.4,12.4,12.8,12.8,53.0,53.0,52.6,52.6,0.6,0.4,2.6,4.8,2.75,2.5,10.8,13.6,3.0,5.0,5.2,5.8,0.6,1.6,0.4,1.4,19.8,21.4,14.2,11.6,337.0,435.8,253.2,347.8,16.0,17.8,12.4,12.8,53.0,52.6,5
2026-03-11,m_1WKjOD,10,t_3XuEvf,Argentinos Juniors,LOCAL,0.8,0.6666666666666666,0.4,0.5,2.4,2.3333333333333335,4.4,5.166666666666667,1.75,2.6,2.0,2.2,13.0,11.166666666666666,12.6,14.5,3.8,3.3333333333333335,4.4,5.5,6.0,5.0,5.6,6.333333333333333,0.6,0.5,1.6,1.6666666666666667,0.4,0.3333333333333333,1.2,1.3333333333333333,19.8,17.833333333333332,21.2,22.0,11.6,13.166666666666666,11.6,11.0,346.6,319.3333333333333,468.4,460.5,258.4,233.5,376.6,372.6666666666667,15.6,15.833333333333334,16.8,16.833333333333332,14.6,12.833333333333334,12.8,12.166666666666666,54.0,52.833333333333336,54.2,54.166666666666664,0.6666666666666666,0.5,2.3333333333333335,5.166666666666667,2.6,2.2,11.166666666666666,14.5,3.3333333333333335,5.5,5.0,6.333333333333333,0.5,1.6666666666666667,0.3333333333333333,1.3333333333333333,17.833333333333332,22.0,13.166666666666666,11.0,319.3333333333333,460.5,233.5,372.6666666666667,15.833333333333334,16.833333333333332,12.833333333333334,12.166666666666666,52.833333333333336,54.166666666666664,6
2026-03-16,m_2yIwhJ,11,t_3XuEvf,Argentinos Juniors,VISITANTE,0.8,0.5714285714285714,0.4,0.42857142857142855,3.2,2.7142857142857144,4.2,5.142857142857143,1.5,2.3333333333333335,2.75,2.3333333333333335,13.8,11.142857142857142,12.8,14.142857142857142,4.6,3.4285714285714284,4.2,5.0,5.6,4.857142857142857,5.8,6.285714285714286,1.0,0.7142857142857143,1.6,1.5714285714285714,0.8,0.5714285714285714,1.2,1.2857142857142858,20.6,17.428571428571427,20.2,21.428571428571427,10.4,13.0,11.2,11.0,369.6,322.85714285714283,435.6,464.42857142857144,281.0,237.71428571428572,341.2,374.57142857142856,14.6,15.142857142857142,16.8,16.142857142857142,13.6,12.714285714285714,12.0,12.0,56.0,53.57142857142857,57.4,55.42857142857143,0.5714285714285714,0.42857142857142855,2.7142857142857144,5.142857142857143,2.3333333333333335,2.3333333333333335,11.142857142857142,14.142857142857142,3.4285714285714284,5.0,4.857142857142857,6.285714285714286,0.7142857142857143,1.5714285714285714,0.5714285714285714,1.2857142857142858,17.428571428571427,21.428571428571427,13.0,11.0,322.85714285714283,464.42857142857144,237.71428571428572,374.57142857142856,15.142857142857142,16.142857142857142,12.714285714285714,12.0,53.57142857142857,55.42857142857143,7
2026-03-23,m_1Y4U8l,12,t_3XuEvf,Argentinos Juniors,LOCAL,1.0,0.625,0.6,0.5,2.4,2.5,4.4,4.75,1.6,2.2857142857142856,3.2,2.7142857142857144,11.6,10.5,12.0,13.375,4.0,3.375,3.8,4.75,4.4,4.625,5.4,5.875,1.0,0.875,2.0,1.75,0.6,0.625,1.4,1.375,17.0,17.0,20.0,20.875,12.0,13.25,13.2,11.625,308.4,318.5,468.0,475.0,217.6,232.625,378.0,386.25,12.6,14.125,13.2,15.5,13.4,13.0,11.0,11.5,52.6,53.75,52.6,54.875,0.625,0.5,2.5,4.75,2.2857142857142856,2.7142857142857144,10.5,13.375,3.375,4.75,4.625,5.875,0.875,1.75,0.625,1.375,17.0,20.875,13.25,11.625,318.5,475.0,232.625,386.25,14.125,15.5,13.0,11.5,53.75,54.875,8
2026-03-27,m_1c9W0N,6,t_3XuEvf,Argentinos Juniors,LOCAL,0.6,0.5555555555555556,0.6,0.5555555555555556,2.2,2.5555555555555554,3.8,4.666666666666667,2.0,2.625,3.0,2.625,10.6,10.333333333333334,14.0,14.333333333333334,3.6,3.111111111111111,3.6,4.666666666666667,4.0,4.555555555555555,6.6,6.444444444444445,1.0,0.8888888888888888,1.8,1.6666666666666667,0.8,0.6666666666666666,1.2,1.2222222222222223,13.4,16.11111111111111,21.0,20.88888888888889,11.6,13.333333333333334,13.0,11.777777777777779,296.6,307.3333333333333,507.8,476.1111111111111,202.2,219.77777777777777,410.8,385.55555555555554,15.8,15.555555555555555,14.2,15.666666666666666,12.4,12.666666666666666,8.4,10.777777777777779,53.2,52.333333333333336,57.6,54.888888888888886,0.5555555555555556,0.5555555555555556,2.5555555555555554,4.666666666666667,2.625,2.625,10.333333333333334,14.333333333333334,3.111111111111111,4.666666666666667,4.555555555555555,6.444444444444445,0.8888888888888888,1.6666666666666667,0.6666666666666666,1.2222222222222223,16.11111111111111,20.88888888888889,13.333333333333334,11.777777777777779,307.3333333333333,476.1111111111111,219.77777777777777,385.55555555555554,15.555555555555555,15.666666666666666,12.666666666666666,10.777777777777779,52.333333333333336,54.888888888888886,9
2026-03-31,m_3hUrMw,7,t_3XuEvf,Argentinos Juniors,VISITANTE,0.6,0.6,1.0,0.7,2.2,2.4,5.0,4.9,2.8,2.7777777777777777,2.6,2.5555555555555554,10.0,10.4,15.4,14.5,2.8,2.9,4.4,4.7,4.4,4.8,7.0,6.4,1.4,1.0,2.0,1.8,1.0,0.7,1.0,1.2,12.4,16.1,22.6,22.0,12.6,13.4,11.6,11.6,286.2,311.6,536.4,486.1,193.4,223.3,444.8,396.3,14.6,15.3,13.2,15.5,12.8,12.6,9.2,11.0,51.2,52.1,57.2,54.9,0.6,0.7,2.4,4.9,2.7777777777777777,2.5555555555555554,10.4,14.5,2.9,4.7,4.8,6.4,1.0,1.8,0.7,1.2,16.1,22.0,13.4,11.6,311.6,486.1,223.3,396.3,15.3,15.5,12.6,11.0,52.1,54.9,10
2026-04-06,m_1ABinW,13,t_3XuEvf,Argentinos Juniors,LOCAL,0.8,0.8,0.8,0.6,3.2,2.8,4.0,4.2,2.8,2.3333333333333335,3.0,2.5555555555555554,8.4,10.7,13.8,13.2,2.6,3.2,3.8,4.1,3.8,4.9,5.8,5.7,2.0,1.3,1.8,1.7,1.2,0.8,1.0,1.1,14.0,16.9,19.8,20.5,13.2,12.4,12.8,12.2,380.4,363.5,465.2,466.8,290.0,274.2,377.0,376.8,15.6,15.6,15.6,16.2,10.8,12.7,10.8,11.8,50.8,52.4,55.4,54.8,0.7272727272727273,0.6363636363636364,2.727272727272727,4.636363636363637,2.7,2.6,9.909090909090908,14.181818181818182,3.0,4.7272727272727275,4.454545454545454,6.090909090909091,1.1818181818181819,1.7272727272727273,0.7272727272727273,1.1818181818181819,16.09090909090909,21.0,13.181818181818182,11.818181818181818,347.09090909090907,462.6363636363636,259.1818181818182,374.6363636363636,15.727272727272727,16.272727272727273,11.909090909090908,11.545454545454545,51.90909090909091,54.72727272727273,11
2026-04-11,m_0sFzNT,14,t_3XuEvf,Argentinos Juniors,VISITANTE,1.2,1.0,1.4,0.9,2.4,2.8,4.8,4.5,3.0,2.3333333333333335,2.6,2.6666666666666665,8.0,10.9,14.8,13.8,2.4,3.5,4.8,4.5,3.8,4.7,5.6,5.7,1.8,1.4,1.8,1.7,0.8,0.8,1.0,1.1,13.0,16.8,20.0,20.1,12.8,11.6,12.4,11.8,363.4,366.5,478.8,457.2,276.2,278.6,397.8,369.5,18.4,16.5,16.2,16.5,12.0,12.8,10.2,11.1,50.0,53.0,53.0,55.2,0.8333333333333334,0.8333333333333334,2.5833333333333335,5.0,2.6363636363636362,2.4545454545454546,9.833333333333334,14.416666666666666,3.0,4.916666666666667,4.416666666666667,6.0,1.1666666666666667,1.6666666666666667,0.6666666666666666,1.1666666666666667,15.583333333333334,20.833333333333332,12.916666666666666,11.583333333333334,339.75,470.4166666666667,253.75,384.25,16.5,16.166666666666668,12.416666666666666,11.25,52.083333333333336,54.416666666666664,12
2026-04-19,m_0UgeFv,15,t_3XuEvf,Argentinos Juniors,LOCAL,1.6,1.3,1.4,1.0,3.2,2.8,5.2,4.8,3.4,2.5,2.4,2.8,9.0,10.3,14.6,13.3,3.2,3.6,4.4,4.1,4.0,4.2,6.2,5.8,1.8,1.4,1.4,1.7,0.75,0.6666666666666666,0.75,1.1111111111111112,14.4,15.7,18.4,19.2,12.4,12.2,12.6,12.9,373.0,340.7,448.0,458.0,290.8,254.2,369.2,373.6,20.4,16.5,17.6,15.4,10.4,11.9,9.2,10.1,49.6,51.1,51.8,52.2,1.0,0.8461538461538461,2.769230769230769,4.923076923076923,2.75,2.5833333333333335,9.923076923076923,13.846153846153847,3.3076923076923075,4.615384615384615,4.384615384615385,6.0,1.2307692307692308,1.6153846153846154,0.6666666666666666,1.1666666666666667,16.0,19.923076923076923,12.923076923076923,12.0,339.46153846153845,464.61538461538464,255.0,379.6923076923077,16.53846153846154,16.307692307692307,12.0,10.615384615384615,52.15384615384615,53.69230769230769,13
2026-04-28,m_4Q9jVb,16,t_3XuEvf,Argentinos Juniors,VISITANTE,1.8,1.2,1.2,0.9,4.0,3.1,4.8,4.3,2.8,2.4,3.0,3.0,10.0,10.3,11.0,12.5,4.2,3.9,3.6,3.6,4.2,4.1,4.6,5.6,1.8,1.4,1.4,1.6,0.5,0.6666666666666666,1.0,1.1111111111111112,17.0,15.2,16.6,18.8,10.6,11.1,12.4,12.7,436.0,366.3,402.4,455.1,360.0,281.1,327.6,369.2,17.4,16.6,18.6,16.4,10.6,11.5,11.4,9.9,53.4,53.3,52.0,54.8,1.0,0.7857142857142857,3.0714285714285716,4.714285714285714,2.6923076923076925,2.769230769230769,10.214285714285714,13.142857142857142,3.5,4.285714285714286,4.428571428571429,5.785714285714286,1.2142857142857142,1.5714285714285714,0.6153846153846154,1.1538461538461537,16.428571428571427,19.357142857142858,12.357142857142858,12.0,353.2857142857143,449.7857142857143,269.85714285714283,364.85714285714283,16.214285714285715,16.714285714285715,11.928571428571429,11.0,52.714285714285715,53.857142857142854,14
2026-05-03,m_1fmUw8,9,t_3XuEvf,Argentinos Juniors,VISITANTE,2.0,1.3,1.0,1.0,4.8,3.5,4.2,4.6,2.4,2.6,3.2,2.9,8.8,9.4,10.0,12.7,4.4,3.6,3.4,3.9,3.2,3.8,4.0,5.5,1.6,1.5,0.8,1.4,0.3333333333333333,0.75,1.0,1.0,16.8,14.6,12.6,17.6,10.0,11.3,13.4,12.5,450.8,368.5,355.8,446.1,377.6,285.5,279.6,362.2,20.2,17.4,19.6,16.4,10.2,11.5,10.6,9.9,53.6,52.4,50.2,53.7,1.0666666666666667,0.8,3.2,4.666666666666667,2.642857142857143,2.7857142857142856,9.866666666666667,13.0,3.4,4.266666666666667,4.266666666666667,5.6,1.2,1.4666666666666666,0.6153846153846154,1.1538461538461537,16.333333333333332,18.866666666666667,12.266666666666667,12.2,358.0,442.6666666666667,274.73333333333335,357.4,16.933333333333334,16.866666666666667,11.8,10.866666666666667,52.6,53.333333333333336,15
2026-05-10,m_2t96qK,1/8,t_3XuEvf,Argentinos Juniors,LOCAL,1.6,1.2,1.4,1.1,5.8,4.5,4.4,4.2,3.0,2.9,3.2,3.1,10.6,9.5,10.2,12.0,4.2,3.4,2.8,3.3,4.0,3.9,4.8,5.3,1.2,1.6,1.0,1.4,0.3333333333333333,0.875,0.6666666666666666,0.875,18.6,16.3,13.0,16.4,11.2,12.2,12.8,12.8,412.8,396.6,368.4,416.8,342.2,316.1,290.2,333.6,18.4,17.0,18.8,17.2,11.0,10.9,11.0,10.9,54.6,52.7,52.4,53.9,1.0,0.875,3.6875,4.5625,2.8,2.8,10.125,12.9375,3.375,4.125,4.3125,5.6875,1.1875,1.5,0.6428571428571429,1.0714285714285714,16.875,18.5,12.5625,12.125,367.625,433.1875,285.125,348.25,16.5625,17.0625,11.625,11.375,52.75,54.0,16
2026-05-13,m_3CeTeZ,1/4,t_3XuEvf,Argentinos Juniors,LOCAL,1.6,1.4,0.8,1.1,6.2,4.3,3.0,3.9,3.2,3.1,3.8,3.2,12.0,10.0,8.6,11.7,5.2,3.8,2.0,3.4,4.6,4.2,4.2,4.9,1.2,1.5,1.2,1.5,0.6666666666666666,0.75,1.0,1.0,19.6,16.3,14.4,17.2,11.6,12.2,14.2,13.3,441.8,402.6,341.2,410.0,367.6,321.9,256.0,326.9,17.6,18.0,20.2,18.2,10.2,11.1,10.8,10.5,56.2,53.1,54.4,53.7,1.0588235294117647,0.8235294117647058,3.6470588235294117,4.411764705882353,2.8125,2.875,10.470588235294118,12.705882352941176,3.6470588235294117,4.0588235294117645,4.470588235294118,5.470588235294118,1.1764705882352942,1.5294117647058822,0.6666666666666666,1.1333333333333333,16.764705882352942,18.941176470588236,12.529411764705882,12.352941176470589,369.7647058823529,432.4117647058824,287.2352941176471,346.52941176470586,16.823529411764707,17.352941176470587,11.764705882352942,11.117647058823529,53.294117647058826,54.411764705882355,17
2026-05-17,m_0JyeiC,1/2,t_3XuEvf,Argentinos Juniors,LOCAL,1.2,1.4,0.6,1.0,7.0,5.1,2.6,3.9,2.8,3.1,4.2,3.3,13.4,11.2,9.4,12.0,4.6,3.9,2.6,3.5,5.6,4.8,4.0,5.1,1.2,1.5,1.2,1.3,0.75,0.75,1.0,0.875,20.0,17.2,15.4,16.9,11.8,12.1,16.6,14.6,501.8,437.4,341.8,394.9,417.4,354.1,243.8,306.5,17.0,18.7,20.6,19.1,11.6,11.0,13.4,11.3,60.0,54.8,57.6,54.7,1.0555555555555556,0.7777777777777778,3.9444444444444446,4.277777777777778,2.764705882352941,3.0588235294117645,10.88888888888889,12.61111111111111,3.6666666666666665,4.055555555555555,4.722222222222222,5.444444444444445,1.2222222222222223,1.5,0.6875,1.125,17.11111111111111,18.666666666666668,12.61111111111111,13.277777777777779,384.55555555555554,430.5,300.1111111111111,341.94444444444446,16.666666666666668,17.5,11.88888888888889,11.38888888888889,54.333333333333336,54.77777777777778,18
2026-07-23,m_3bFbbT,1,t_3XuEvf,Argentinos Juniors,VISITANTE,1.8,1.8,1.6,1.4,6.6,5.3,2.8,3.8,2.8,2.8,4.8,3.9,14.2,12.1,10.4,10.7,5.0,4.6,3.2,3.4,6.4,5.3,4.0,4.3,1.8,1.8,1.2,1.3,1.5,1.0,0.75,0.875,21.4,19.2,18.2,17.4,14.2,12.4,18.6,15.5,504.6,470.3,375.6,389.0,412.2,386.1,268.6,298.1,20.2,18.8,22.0,20.3,13.0,11.8,14.4,12.9,64.2,58.8,60.8,56.4,1.2105263157894737,1.0,4.0,4.2105263157894735,2.7222222222222223,3.3333333333333335,11.263157894736842,12.421052631578947,3.8947368421052633,4.0,4.947368421052632,5.315789473684211,1.368421052631579,1.4736842105263157,0.8235294117647058,1.0588235294117647,17.736842105263158,19.05263157894737,12.842105263157896,13.736842105263158,393.10526315789474,430.2631578947368,307.3157894736842,339.5263157894737,17.263157894736842,18.105263157894736,12.210526315789474,11.894736842105264,55.73684210526316,55.68421052631579,19
2026-07-29,m_3zA6AY,2,t_3XuEvf,Argentinos Juniors,LOCAL,2.0,2.0,1.8,1.4,6.0,5.4,3.4,3.8,3.6,3.0,4.8,4.0,15.8,12.3,10.6,10.3,5.6,5.0,3.0,3.2,6.6,4.9,4.4,4.2,2.0,1.8,1.8,1.3,1.2,0.875,0.8,0.875,23.4,20.1,18.0,15.3,14.8,12.4,18.6,16.0,513.0,481.9,378.0,366.9,421.6,399.6,270.6,275.1,17.4,18.8,22.2,20.9,13.0,11.6,15.0,12.8,66.6,60.1,63.8,57.0,1.3,1.05,3.9,4.35,2.8947368421052633,3.3157894736842106,11.35,12.4,3.95,3.95,4.85,5.3,1.4,1.55,0.7777777777777778,1.0555555555555556,18.1,18.65,12.9,13.8,396.75,426.5,311.45,335.7,17.05,18.2,12.1,11.9,56.1,55.95,20
2026-08-01,m_1cKmol,3,t_3XuEvf,Argentinos Juniors,VISITANTE,2.0,1.8,2.0,1.7,4.6,5.2,4.0,4.2,2.8,2.9,4.2,3.7,15.4,13.0,11.6,10.9,5.8,5.0,4.4,3.6,6.8,5.4,4.4,4.6,2.0,1.6,2.6,1.8,1.2,0.875,1.4,1.125,21.4,20.0,20.4,16.7,12.4,11.8,17.8,15.3,465.4,439.1,449.0,408.7,371.0,356.6,340.0,315.1,18.8,18.6,22.4,20.6,13.2,12.1,12.8,11.9,66.2,60.4,62.4,57.4,1.2380952380952381,1.1428571428571428,3.9047619047619047,4.428571428571429,2.8,3.15,11.380952380952381,12.619047619047619,3.9523809523809526,4.190476190476191,4.904761904761905,5.380952380952381,1.380952380952381,1.7619047619047619,0.7894736842105263,1.1578947368421053,17.952380952380953,18.952380952380953,12.523809523809524,13.476190476190476,390.9047619047619,436.95238095238096,305.57142857142856,346.2857142857143,17.095238095238095,18.333333333333332,12.0,11.714285714285714,55.95238095238095,56.0,21
2026-08-09,m_3HhWIs,4,t_3XuEvf,Argentinos Juniors,LOCAL,1.8,1.7,2.0,1.4,4.4,5.3,4.0,3.5,2.4,2.8,3.6,3.7,14.0,13.0,11.8,10.2,5.0,5.1,4.2,3.1,6.4,5.5,5.4,4.8,2.2,1.7,2.4,1.8,1.4,1.125,1.2,1.125,22.4,21.0,17.8,16.1,11.4,11.5,16.6,15.4,513.4,477.6,434.8,388.0,422.4,395.0,331.8,293.9,19.0,18.3,21.2,20.7,12.4,11.3,13.2,12.0,64.4,60.3,61.0,57.7,1.2272727272727273,1.0909090909090908,3.8181818181818183,4.318181818181818,2.7142857142857144,3.0476190476190474,11.272727272727273,12.5,3.9545454545454546,4.090909090909091,4.909090909090909,5.454545454545454,1.4090909090909092,1.7272727272727273,0.85,1.15,18.045454545454547,18.681818181818183,12.272727272727273,13.318181818181818,402.40909090909093,432.95454545454544,317.95454545454544,343.1818181818182,17.318181818181817,18.227272727272727,11.909090909090908,11.590909090909092,55.81818181818182,55.90909090909091,22
2026-08-16,m_4fCzkt,5,t_3XuEvf,Argentinos Juniors,VISITANTE,1.8,1.5,2.4,1.5,3.4,5.2,5.4,4.0,2.6,2.7,3.4,3.8,13.6,13.5,14.2,11.8,4.8,4.7,5.4,4.0,6.4,6.0,5.8,4.9,2.6,1.9,3.4,2.3,1.8,1.3333333333333333,2.0,1.5555555555555556,21.2,20.6,23.6,19.5,10.6,11.2,13.6,15.1,438.2,470.0,455.4,398.6,356.2,386.8,365.4,304.6,21.2,19.1,20.0,20.3,11.4,11.5,13.0,13.2,60.2,60.1,60.4,59.0,1.2173913043478262,1.1304347826086956,3.8260869565217392,4.521739130434782,2.727272727272727,3.1363636363636362,11.478260869565217,12.956521739130435,3.9130434782608696,4.3478260869565215,5.086956521739131,5.521739130434782,1.5217391304347827,1.9130434782608696,0.9523809523809523,1.3333333333333333,18.0,19.73913043478261,12.173913043478262,13.347826086956522,396.2173913043478,435.9130434782609,312.30434782608694,347.04347826086956,17.652173913043477,18.043478260869566,11.782608695652174,11.73913043478261,55.608695652173914,56.0,23
2026-08-25,m_38XAFZ,6,t_3XuEvf,Argentinos Juniors,VISITANTE,1.0,1.4,1.8,1.7,3.2,4.9,5.2,4.0,3.0,2.9,2.0,3.4,11.8,13.0,14.0,12.2,3.4,4.2,5.4,4.3,5.8,6.1,5.8,4.9,2.0,1.9,3.6,2.4,1.4,1.4444444444444444,2.0,1.4444444444444444,17.6,19.5,22.0,20.1,10.2,12.2,12.2,15.4,434.6,469.6,442.8,409.2,357.8,385.0,363.8,316.2,19.2,19.7,19.0,20.5,10.4,11.7,12.0,13.2,52.6,58.4,55.2,58.0,1.1666666666666667,1.1666666666666667,3.8333333333333335,4.416666666666667,2.782608695652174,3.0434782608695654,11.375,12.75,3.7916666666666665,4.291666666666667,5.125,5.416666666666667,1.5,1.9166666666666667,0.9545454545454546,1.2727272727272727,17.708333333333332,19.666666666666668,12.291666666666666,13.416666666666666,401.75,432.875,317.8333333333333,344.5833333333333,17.666666666666668,18.291666666666668,11.833333333333334,11.916666666666666,55.083333333333336,55.583333333333336,24
2026-08-30,m_1B4lCI,7,t_3XuEvf,Argentinos Juniors,LOCAL,0.6,1.3,1.6,1.7,3.2,4.6,4.8,4.1,1.8,2.7,1.6,3.2,12.2,14.0,14.4,12.5,3.2,4.4,6.4,4.7,6.6,6.6,5.6,5.0,2.0,2.0,3.4,2.6,1.6,1.4,2.0,1.4,15.6,19.5,22.2,20.1,8.8,11.8,10.8,14.7,462.2,487.6,448.0,413.0,382.6,402.1,369.2,319.9,20.4,18.9,18.2,20.2,10.6,11.8,12.0,13.5,49.6,58.1,54.0,58.9,1.16,1.16,3.76,4.44,2.6666666666666665,2.9583333333333335,11.52,12.8,3.8,4.44,5.2,5.36,1.52,1.92,0.9565217391304348,1.2608695652173914,17.6,19.36,12.08,13.2,409.84,430.8,325.68,342.4,17.72,18.2,11.8,11.92,54.8,55.56,25
2026-09-07,m_1lN21b,8,t_3XuEvf,Argentinos Juniors,VISITANTE,0.8,1.4,1.4,1.7,2.8,3.7,6.4,5.2,2.4,2.6,1.8,3.0,11.2,13.3,15.8,13.7,2.8,4.3,6.0,5.2,6.4,6.6,6.4,5.4,2.2,2.1,3.0,2.8,1.6,1.4,2.0,1.7,14.8,18.1,24.0,22.2,10.4,11.4,10.8,14.3,448.8,457.1,436.6,442.8,371.6,371.3,362.0,351.0,22.8,20.8,17.0,19.7,11.4,12.3,12.8,12.8,46.6,56.4,52.4,57.4,1.1538461538461537,1.1923076923076923,3.6923076923076925,4.8076923076923075,2.72,2.88,11.346153846153847,13.23076923076923,3.730769230769231,4.538461538461538,5.1923076923076925,5.576923076923077,1.5384615384615385,2.0,0.9583333333333334,1.3333333333333333,17.346153846153847,19.923076923076923,12.115384615384615,12.961538461538462,402.03846153846155,436.88461538461536,318.2692307692308,349.3076923076923,18.192307692307693,18.076923076923077,11.884615384615385,11.923076923076923,54.15384615384615,55.30769230769231,26
2026-09-13,m_2tVeMD,9,t_3XuEvf,Argentinos Juniors,LOCAL,0.6,1.2,1.4,1.7,3.2,3.8,6.6,5.3,2.6,2.5,2.6,3.1,10.8,12.4,15.2,13.5,2.6,3.8,5.8,5.0,6.2,6.3,5.6,5.5,2.0,2.1,3.0,2.7,1.4,1.4,2.0,1.6,12.2,17.3,23.6,20.7,11.4,11.4,13.8,15.2,424.6,469.0,441.6,438.2,340.8,381.6,362.6,347.2,21.6,20.3,16.8,19.0,11.8,12.1,14.0,13.6,50.0,57.2,55.8,58.4,1.1111111111111112,1.1481481481481481,3.7037037037037037,4.7407407407407405,2.6923076923076925,2.9615384615384617,11.185185185185185,13.0,3.7037037037037037,4.407407407407407,5.148148148148148,5.481481481481482,1.5185185185185186,1.962962962962963,0.96,1.32,16.962962962962962,19.59259259259259,12.11111111111111,13.407407407407407,406.51851851851853,434.55555555555554,322.18518518518516,346.77777777777777,18.11111111111111,17.962962962962962,11.88888888888889,12.037037037037036,54.74074074074074,55.888888888888886,27
2026-09-20,m_0sbdux,Clausura - Round 10,t_3XuEvf,Argentinos Juniors,VISITANTE,0.6,1.2,1.2,1.8,3.0,3.2,6.0,5.7,2.8,2.7,1.8,2.6,9.4,11.5,13.4,13.8,2.4,3.6,4.2,4.8,5.8,6.1,5.4,5.6,1.8,2.2,2.4,2.9,1.2,1.5,1.4,1.7,11.4,16.3,19.2,21.4,12.6,11.6,12.2,12.9,435.2,436.7,451.4,453.4,350.4,353.3,368.2,366.8,21.2,21.2,17.6,18.8,12.6,12.0,13.4,13.2,50.2,55.2,53.2,56.8,1.1071428571428572,1.1428571428571428,3.6785714285714284,4.785714285714286,2.740740740740741,2.888888888888889,11.107142857142858,13.035714285714286,3.642857142857143,4.321428571428571,5.214285714285714,5.5,1.5714285714285714,2.0,1.0,1.3461538461538463,16.821428571428573,19.642857142857142,12.25,13.142857142857142,403.17857142857144,438.67857142857144,319.10714285714283,350.82142857142856,18.285714285714285,17.964285714285715,11.928571428571429,12.035714285714286,54.642857142857146,55.5,28
2026-10-04,m_099zvI,Clausura - Round 11,t_3XuEvf,Argentinos Juniors,LOCAL,0.6,0.8,1.0,1.4,4.0,3.6,6.8,6.0,2.4,2.7,2.0,2.0,9.8,10.8,14.2,14.1,2.8,3.1,4.6,5.0,5.8,5.8,6.0,5.9,2.0,2.0,2.5,3.111111111111111,1.25,1.3333333333333333,1.75,1.8888888888888888,14.0,15.8,20.0,21.0,11.2,10.7,11.2,11.7,433.8,434.2,446.4,444.6,353.0,355.4,361.4,362.6,23.2,21.2,17.6,18.3,12.0,11.2,12.6,12.3,52.6,52.6,55.0,55.1,1.0689655172413792,1.1379310344827587,3.8620689655172415,4.827586206896552,2.7142857142857144,2.857142857142857,11.10344827586207,13.0,3.6206896551724137,4.344827586206897,5.241379310344827,5.517241379310345,1.5714285714285714,2.0,1.0,1.3461538461538463,17.06896551724138,19.724137931034484,12.10344827586207,13.03448275862069,407.2758620689655,435.2068965517241,323.8965517241379,347.48275862068965,18.620689655172413,18.17241379310345,11.862068965517242,12.03448275862069,54.6551724137931,55.48275862068966,29
2026-01-24,m_43Vm4s,1,t_3mLGSt,Newell's Old Boys,VISITANTE,,,,,,,,,,,,,,,,,,,,,,,,,,,,,,,,,,,,,,,,,,,,,,,,,,,,,,,,,,,,,,,,,,,,,,,,,,,,,,,,,,,,,,,,,,,0
2026-01-28,m_1BPKXp,2,t_3mLGSt,Newell's Old Boys,LOCAL,1.0,1.0,2.0,2.0,4.0,4.0,11.0,11.0,2.0,2.0,1.0,1.0,10.0,10.0,17.0,17.0,3.0,3.0,6.0,6.0,6.0,6.0,5.0,5.0,1.0,1.0,4.0,4.0,0.0,0.0,3.0,3.0,13.0,13.0,20.0,20.0,10.0,10.0,10.0,10.0,192.0,192.0,517.0,517.0,134.0,134.0,446.0,446.0,15.0,15.0,10.0,10.0,12.0,12.0,3.0,3.0,42.0,42.0,44.0,44.0,1.0,2.0,4.0,11.0,2.0,1.0,10.0,17.0,3.0,6.0,6.0,5.0,1.0,4.0,0.0,3.0,13.0,20.0,10.0,10.0,192.0,517.0,134.0,446.0,15.0,10.0,12.0,3.0,42.0,44.0,1
2026-02-01,m_2jSZpM,3,t_3mLGSt,Newell's Old Boys,VISITANTE,1.0,1.0,1.5,1.5,3.5,3.5,8.5,8.5,3.5,3.5,1.5,1.5,8.0,8.0,14.5,14.5,2.5,2.5,5.0,5.0,4.5,4.5,6.0,6.0,0.5,0.5,2.5,2.5,0.0,0.0,3.0,3.0,13.5,13.5,19.5,19.5,14.5,14.5,11.5,11.5,218.0,218.0,374.0,374.0,145.0,145.0,299.0,299.0,14.5,14.5,16.0,16.0,9.5,9.5,6.0,6.0,40.5,40.5,43.5,43.5,1.0,1.5,3.5,8.5,3.5,1.5,8.0,14.5,2.5,5.0,4.5,6.0,0.5,2.5,0.0,3.0,13.5,19.5,14.5,11.5,218.0,374.0,145.0,299.0,14.5,16.0,9.5,6.0,40.5,43.5,2
2026-02-08,m_1hisDs,4,t_3mLGSt,Newell's Old Boys,LOCAL,0.6666666666666666,0.6666666666666666,1.6666666666666667,1.6666666666666667,2.6666666666666665,2.6666666666666665,6.333333333333333,6.333333333333333,3.3333333333333335,3.3333333333333335,2.0,2.0,7.333333333333333,7.333333333333333,12.333333333333334,12.333333333333334,2.0,2.0,5.0,5.0,4.0,4.0,5.0,5.0,0.6666666666666666,0.6666666666666666,2.3333333333333335,2.3333333333333335,0.5,0.5,1.5,1.5,12.666666666666666,12.666666666666666,20.333333333333332,20.333333333333332,17.333333333333332,17.333333333333332,12.333333333333334,12.333333333333334,234.33333333333334,234.33333333333334,383.0,383.0,162.66666666666666,162.66666666666666,305.6666666666667,305.6666666666667,15.333333333333334,15.333333333333334,16.333333333333332,16.333333333333332,9.666666666666666,9.666666666666666,6.333333333333333,6.333333333333333,42.333333333333336,42.333333333333336,45.333333333333336,45.333333333333336,0.6666666666666666,1.6666666666666667,2.6666666666666665,6.333333333333333,3.3333333333333335,2.0,7.333333333333333,12.333333333333334,2.0,5.0,4.0,5.0,0.6666666666666666,2.3333333333333335,0.5,1.5,12.666666666666666,20.333333333333332,17.333333333333332,12.333333333333334,234.33333333333334,383.0,162.66666666666666,305.6666666666667,15.333333333333334,16.333333333333332,9.666666666666666,6.333333333333333,42.333333333333336,45.333333333333336,3
2026-02-16,m_1CzDvn,5,t_3mLGSt,Newell's Old Boys,VISITANTE,1.25,1.25,1.75,1.75,2.25,2.25,6.5,6.5,2.75,2.75,2.5,2.5,6.5,6.5,15.0,15.0,2.25,2.25,5.5,5.5,3.25,3.25,6.5,6.5,1.25,1.25,2.5,2.5,0.3333333333333333,0.3333333333333333,1.3333333333333333,1.3333333333333333,12.0,12.0,24.0,24.0,16.5,16.5,13.75,13.75,230.0,230.0,357.75,357.75,154.5,154.5,280.75,280.75,17.0,17.0,15.25,15.25,11.25,11.25,5.75,5.75,41.25,41.25,46.0,46.0,1.25,1.75,2.25,6.5,2.75,2.5,6.5,15.0,2.25,5.5,3.25,6.5,1.25,2.5,0.3333333333333333,1.3333333333333333,12.0,24.0,16.5,13.75,230.0,357.75,154.5,280.75,17.0,15.25,11.25,5.75,41.25,46.0,4
2026-02-21,m_4dWdyt,6,t_3mLGSt,Newell's Old Boys,VISITANTE,1.2,1.2,1.6,1.6,2.6,2.6,6.0,6.0,2.8,2.8,2.6,2.6,8.4,8.4,13.4,13.4,2.8,2.8,5.2,5.2,3.6,3.6,5.8,5.8,1.8,1.8,2.2,2.2,1.0,1.0,1.0,1.0,16.8,16.8,21.8,21.8,16.6,16.6,12.2,12.2,239.2,239.2,341.8,341.8,154.0,154.0,257.0,257.0,16.0,16.0,16.2,16.2,12.2,12.2,5.4,5.4,43.8,43.8,48.0,48.0,1.2,1.6,2.6,6.0,2.8,2.6,8.4,13.4,2.8,5.2,3.6,5.8,1.8,2.2,1.0,1.0,16.8,21.8,16.6,12.2,239.2,341.8,154.0,257.0,16.0,16.2,12.2,5.4,43.8,48.0,5
2026-02-25,m_2byNvS,7,t_3mLGSt,Newell's Old Boys,LOCAL,1.6,1.5,1.2,1.3333333333333333,2.6,2.8333333333333335,4.2,5.333333333333333,3.0,2.8333333333333335,3.0,2.6666666666666665,9.8,9.833333333333334,12.0,12.833333333333334,4.0,3.8333333333333335,4.4,4.666666666666667,3.6,4.0,6.2,6.0,2.2,2.0,1.8,2.1666666666666665,1.25,1.0,0.75,1.2,18.8,17.833333333333332,21.4,21.166666666666668,17.6,16.333333333333332,13.8,13.166666666666666,251.8,241.83333333333334,285.4,324.0,164.0,159.0,199.2,240.33333333333334,18.4,17.833333333333332,19.0,17.5,11.2,11.333333333333334,6.2,5.666666666666667,45.6,45.0,49.6,48.666666666666664,1.5,1.3333333333333333,2.8333333333333335,5.333333333333333,2.8333333333333335,2.6666666666666665,9.833333333333334,12.833333333333334,3.8333333333333335,4.666666666666667,4.0,6.0,2.0,2.1666666666666665,1.0,1.2,17.833333333333332,21.166666666666668,16.333333333333332,13.166666666666666,241.83333333333334,324.0,159.0,240.33333333333334,17.833333333333332,17.5,11.333333333333334,5.666666666666667,45.0,48.666666666666664,6
2026-03-01,m_2sHWPe,8,t_3mLGSt,Newell's Old Boys,LOCAL,1.8,1.5714285714285714,1.0,1.1428571428571428,2.6,2.857142857142857,3.4,4.857142857142857,2.2,2.5714285714285716,3.0,2.5714285714285716,12.0,10.857142857142858,12.4,13.0,5.0,4.285714285714286,3.8,4.142857142857143,4.4,4.428571428571429,6.8,6.571428571428571,3.0,2.2857142857142856,1.8,2.0,1.8,1.5,0.8,1.1666666666666667,19.6,17.857142857142858,20.6,20.285714285714285,16.2,15.714285714285714,13.4,12.857142857142858,297.6,274.85714285714283,293.8,316.7142857142857,214.8,194.85714285714286,209.4,235.0,18.2,17.142857142857142,18.2,17.571428571428573,11.2,10.714285714285714,5.4,5.571428571428571,48.0,45.857142857142854,51.4,49.142857142857146,1.5714285714285714,1.1428571428571428,2.857142857142857,4.857142857142857,2.5714285714285716,2.5714285714285716,10.857142857142858,13.0,4.285714285714286,4.142857142857143,4.428571428571429,6.571428571428571,2.2857142857142856,2.0,1.5,1.1666666666666667,17.857142857142858,20.285714285714285,15.714285714285714,12.857142857142858,274.85714285714283,316.7142857142857,194.85714285714286,235.0,17.142857142857142,17.571428571428573,10.714285714285714,5.571428571428571,45.857142857142854,49.142857142857146,7
2026-03-11,m_0njgmB,10,t_3mLGSt,Newell's Old Boys,LOCAL,2.2,1.625,0.6,1.0,4.0,3.5,3.2,4.375,2.2,2.625,2.8,2.5,13.0,10.875,12.2,12.25,6.0,4.5,3.2,3.875,4.4,4.25,6.4,5.875,3.6,2.5,1.6,1.875,2.0,1.5714285714285714,1.0,1.1428571428571428,21.8,18.375,20.0,20.125,13.0,14.625,15.4,14.25,328.0,292.875,265.0,309.25,241.2,211.75,179.0,226.5,18.6,17.375,17.6,17.125,11.0,10.5,6.0,6.125,48.8,46.375,52.0,49.5,1.625,1.0,3.5,4.375,2.625,2.5,10.875,12.25,4.5,3.875,4.25,5.875,2.5,1.875,1.5714285714285714,1.1428571428571428,18.375,20.125,14.625,14.25,292.875,309.25,211.75,226.5,17.375,17.125,10.5,6.125,46.375,49.5,8
2026-03-17,m_1sCl2u,11,t_3mLGSt,Newell's Old Boys,VISITANTE,1.8,1.5555555555555556,0.4,1.0,5.0,3.7777777777777777,2.8,4.444444444444445,2.4,2.5555555555555554,2.8,2.6666666666666665,16.0,11.777777777777779,8.8,11.555555555555555,6.8,4.777777777777778,2.4,3.7777777777777777,6.2,4.888888888888889,4.4,5.333333333333333,3.8,2.6666666666666665,1.4,1.8888888888888888,2.6,1.75,1.2,1.25,26.4,20.0,16.0,19.555555555555557,13.0,14.555555555555555,15.2,14.555555555555555,372.2,309.0,256.6,301.55555555555554,283.8,226.33333333333334,170.0,219.22222222222223,16.4,16.666666666666668,20.8,18.333333333333332,9.6,10.333333333333334,7.2,6.555555555555555,52.0,47.22222222222222,53.4,50.111111111111114,1.5555555555555556,1.0,3.7777777777777777,4.444444444444445,2.5555555555555554,2.6666666666666665,11.777777777777779,11.555555555555555,4.777777777777778,3.7777777777777777,4.888888888888889,5.333333333333333,2.6666666666666665,1.8888888888888888,1.75,1.25,20.0,19.555555555555557,14.555555555555555,14.555555555555555,309.0,301.55555555555554,226.33333333333334,219.22222222222223,16.666666666666668,18.333333333333332,10.333333333333334,6.555555555555555,47.22222222222222,50.111111111111114,9
2026-03-21,m_2gIXlp,12,t_3mLGSt,Newell's Old Boys,LOCAL,1.6,1.4,1.2,1.4,4.2,3.4,3.4,4.7,1.8,2.3,2.6,2.6,13.8,11.1,10.2,11.8,6.2,4.5,3.0,4.1,5.6,4.6,4.4,5.1,3.0,2.4,2.2,2.2,2.0,1.5555555555555556,1.6,1.3333333333333333,20.8,18.8,18.4,20.1,11.0,13.8,16.4,14.3,383.0,311.1,314.0,327.9,308.6,231.3,240.4,248.7,17.6,16.8,19.6,17.9,7.8,10.0,6.6,6.0,48.6,46.2,51.2,49.6,1.4,1.4,3.4,4.7,2.3,2.6,11.1,11.8,4.5,4.1,4.6,5.1,2.4,2.2,1.5555555555555556,1.3333333333333333,18.8,20.1,13.8,14.3,311.1,327.9,231.3,248.7,16.8,17.9,10.0,6.0,46.2,49.6,10
2026-04-05,m_0S9hu2,13,t_3mLGSt,Newell's Old Boys,VISITANTE,1.2,1.4,1.2,1.2,4.6,3.6,4.0,4.1,1.8,2.4,3.4,3.2,13.6,11.7,10.2,11.1,5.4,4.7,3.2,3.8,5.4,4.5,3.6,4.9,2.6,2.4,1.8,1.8,2.25,1.75,1.5,1.125,21.2,20.0,17.6,19.5,10.6,14.1,15.8,14.8,408.2,330.0,324.8,305.1,337.0,250.5,251.0,225.1,15.0,16.7,18.4,18.7,8.4,9.8,5.6,5.9,49.0,47.3,50.6,50.1,1.3636363636363635,1.2727272727272727,3.6363636363636362,4.7272727272727275,2.3636363636363638,3.0,11.545454545454545,11.636363636363637,4.545454545454546,4.0,4.636363636363637,4.909090909090909,2.272727272727273,2.0,1.5555555555555556,1.3333333333333333,19.363636363636363,19.545454545454547,13.727272727272727,14.363636363636363,317.45454545454544,324.3636363636364,239.9090909090909,245.1818181818182,16.545454545454547,17.90909090909091,10.0,5.636363636363637,46.81818181818182,49.54545454545455,11
2026-04-12,m_1WEirs,14,t_3mLGSt,Newell's Old Boys,LOCAL,1.4,1.6,1.4,1.2,4.4,3.5,4.2,3.8,1.6,1.9,3.6,3.3,13.0,12.5,8.6,10.5,5.0,5.0,3.4,3.6,5.4,4.9,2.2,4.5,2.6,2.8,1.8,1.8,1.5,1.6666666666666667,1.25,1.0,21.4,20.5,16.4,18.5,10.2,13.2,16.8,15.1,416.2,356.9,332.2,313.0,340.2,277.5,253.4,231.4,16.0,17.1,18.2,18.2,9.8,10.5,6.8,6.1,49.8,48.9,50.0,50.7,1.5,1.25,3.5,4.583333333333333,2.1666666666666665,3.0,11.75,11.166666666666666,4.583333333333333,3.8333333333333335,4.833333333333333,4.75,2.4166666666666665,1.9166666666666667,1.5,1.2,19.333333333333332,18.666666666666668,13.416666666666666,14.5,333.75,323.1666666666667,255.41666666666666,242.66666666666666,16.666666666666668,17.833333333333332,10.333333333333334,6.083333333333333,47.5,49.5,12
2026-04-17,m_2518A4,15,t_3mLGSt,Newell's Old Boys,VISITANTE,1.0,1.6,1.4,1.0,3.0,3.5,4.6,3.9,1.8,2.0,3.6,3.2,11.8,12.4,9.8,11.0,4.0,5.0,3.6,3.4,5.2,4.8,3.4,4.9,2.25,3.0,2.0,1.7777777777777777,1.3333333333333333,1.75,1.3333333333333333,1.125,18.0,19.9,16.8,18.4,13.4,13.2,13.8,14.6,409.0,368.5,339.2,302.1,335.8,288.5,261.0,220.0,15.2,16.9,18.8,18.2,9.8,10.4,5.8,5.9,49.4,49.1,51.4,51.7,1.3846153846153846,1.1538461538461537,3.3076923076923075,4.461538461538462,2.3076923076923075,2.923076923076923,11.23076923076923,11.307692307692308,4.3076923076923075,3.769230769230769,4.615384615384615,4.923076923076923,2.4166666666666665,1.9166666666666667,1.5,1.2,18.23076923076923,18.846153846153847,14.153846153846153,14.076923076923077,337.53846153846155,320.7692307692308,259.46153846153845,239.76923076923077,16.53846153846154,17.76923076923077,10.23076923076923,6.0,47.53846153846154,50.23076923076923,13
2026-04-26,m_3kUgTn,16,t_3mLGSt,Newell's Old Boys,LOCAL,1.4,1.6,1.6,1.0,2.6,3.8,6.6,4.7,2.0,2.2,3.4,3.1,9.0,12.5,14.2,11.5,3.2,5.0,5.0,3.7,3.6,4.9,5.2,4.8,2.0,3.0,2.5,1.8888888888888888,1.0,2.0,1.3333333333333333,1.25,13.4,19.9,24.6,20.3,13.4,13.2,12.0,13.6,359.0,365.6,385.4,321.0,290.4,287.1,305.4,237.7,17.6,17.0,16.2,18.5,10.2,9.9,5.2,6.2,49.0,50.5,53.4,53.4,1.5,1.2142857142857142,3.357142857142857,5.214285714285714,2.357142857142857,2.9285714285714284,10.785714285714286,12.5,4.214285714285714,4.214285714285714,4.428571428571429,5.285714285714286,2.4615384615384617,2.076923076923077,1.5454545454545454,1.2727272727272727,17.642857142857142,21.357142857142858,14.142857142857142,13.642857142857142,326.85714285714283,331.5,249.21428571428572,250.0,17.0,17.571428571428573,10.285714285714286,6.071428571428571,47.857142857142854,51.285714285714285,14
2026-05-04,m_1P18Zr,9,t_3mLGSt,Newell's Old Boys,VISITANTE,1.6,1.6,0.8,1.0,3.2,3.7,6.0,4.7,2.6,2.2,4.0,3.3,9.2,11.5,13.6,11.9,3.4,4.8,4.4,3.7,3.8,4.7,5.4,4.9,2.0,2.5555555555555554,2.25,2.2222222222222223,1.0,1.625,1.6666666666666667,1.625,14.2,17.5,24.8,21.6,14.2,12.6,11.6,14.0,366.2,374.6,349.6,331.8,290.8,299.7,265.0,252.7,17.4,17.5,16.8,18.2,10.4,9.1,6.4,6.5,52.6,50.6,55.4,53.3,1.4666666666666666,1.2,3.3333333333333335,5.133333333333334,2.4,3.066666666666667,10.466666666666667,12.4,4.133333333333334,4.2,4.333333333333333,5.2,2.2857142857142856,2.2142857142857144,1.4166666666666667,1.4166666666666667,17.266666666666666,21.666666666666668,13.933333333333334,13.4,329.46666666666664,335.1333333333333,251.13333333333333,254.13333333333333,17.0,17.533333333333335,10.133333333333333,6.133333333333334,48.333333333333336,51.53333333333333,15
2026-07-25,m_4P8SSz,1,t_3mLGSt,Newell's Old Boys,LOCAL,1.6,1.4,1.0,1.1,2.8,3.7,6.4,5.2,3.0,2.4,3.0,3.2,7.8,10.7,14.6,12.4,3.4,4.4,4.4,3.8,3.2,4.3,6.4,5.0,2.25,2.4444444444444446,2.5,2.111111111111111,1.0,1.625,1.25,1.375,13.0,17.1,26.4,22.0,14.0,12.3,10.6,13.2,356.2,382.2,393.2,359.0,274.2,305.6,309.6,280.3,18.0,16.5,18.2,18.3,9.4,8.9,7.2,6.4,54.6,51.8,55.8,53.2,1.4375,1.1875,3.375,5.25,2.5625,3.0,10.375,12.5625,4.1875,4.125,4.1875,5.375,2.2666666666666666,2.1333333333333333,1.3846153846153846,1.3076923076923077,17.375,21.6875,13.8125,13.1875,329.5625,345.875,250.625,265.3125,17.0,18.0,9.8125,6.125,49.25,51.5,16
2026-07-31,m_2tup6z,2,t_3mLGSt,Newell's Old Boys,VISITANTE,1.2,1.3,0.8,1.1,4.0,4.2,7.6,5.9,3.2,2.4,2.8,3.2,7.2,10.1,16.8,12.7,3.2,4.1,5.0,4.2,2.6,4.0,7.4,4.8,2.0,2.3333333333333335,3.0,2.3333333333333335,1.25,1.375,2.0,1.625,13.6,17.5,29.6,23.0,14.8,12.5,9.8,13.3,312.0,364.1,448.4,390.3,232.6,286.4,372.2,312.8,17.4,16.7,17.4,17.8,8.8,9.3,6.4,6.6,54.6,52.2,56.4,53.2,1.411764705882353,1.1176470588235294,3.6470588235294117,5.470588235294118,2.4705882352941178,2.9411764705882355,10.411764705882353,12.823529411764707,4.176470588235294,4.176470588235294,4.176470588235294,5.529411764705882,2.3125,2.1875,1.4285714285714286,1.4285714285714286,17.647058823529413,21.88235294117647,13.823529411764707,13.117647058823529,327.3529411764706,360.0,248.7058823529412,280.7647058823529,16.88235294117647,17.705882352941178,9.882352941176471,6.176470588235294,49.588235294117645,51.529411764705884,17
2026-08-02,m_2Vtk92,3,t_3mLGSt,Newell's Old Boys,LOCAL,1.2,1.1,1.0,1.2,4.2,3.6,8.4,6.5,3.0,2.4,2.8,3.2,6.6,9.2,16.6,13.2,3.2,3.6,5.2,4.4,2.4,3.8,7.0,5.2,1.6,1.8888888888888888,2.6,2.3333333333333335,1.0,1.125,1.8,1.625,14.0,16.0,30.6,23.7,11.6,12.5,10.4,12.1,324.8,366.9,470.8,405.0,240.0,287.9,395.0,328.0,20.8,18.0,20.0,19.4,10.0,9.9,7.4,6.6,56.4,52.9,57.8,54.6,1.3333333333333333,1.1111111111111112,3.5555555555555554,5.555555555555555,2.5,2.888888888888889,9.944444444444445,12.777777777777779,4.0,4.166666666666667,4.0,5.5,2.176470588235294,2.1176470588235294,1.3333333333333333,1.4,17.055555555555557,22.11111111111111,13.444444444444445,13.055555555555555,334.0,362.44444444444446,254.05555555555554,282.8888888888889,17.72222222222222,18.38888888888889,10.166666666666666,6.388888888888889,50.0,52.333333333333336,18
2026-08-09,m_208YJA,4,t_3mLGSt,Newell's Old Boys,VISITANTE,1.0,1.2,1.0,1.3,4.8,3.7,6.4,6.5,3.0,2.5,2.6,3.0,8.6,8.8,12.8,13.5,3.4,3.3,3.6,4.3,3.6,3.6,5.4,5.3,2.2,2.111111111111111,1.8,2.111111111111111,1.6,1.375,1.4,1.375,16.8,15.1,22.8,23.7,11.0,12.2,11.2,11.6,367.8,363.4,432.6,409.0,286.4,288.4,361.2,333.3,21.2,19.4,20.4,18.3,9.6,9.9,6.8,6.0,57.0,53.0,53.6,53.5,1.368421052631579,1.1578947368421053,3.736842105263158,5.526315789473684,2.526315789473684,2.8421052631578947,10.210526315789474,12.578947368421053,4.0,4.052631578947368,4.2105263157894735,5.315789473684211,2.388888888888889,2.0,1.5625,1.3125,17.42105263157895,21.736842105263158,13.31578947368421,13.0,337.63157894736844,358.10526315789474,259.0,279.2631578947368,18.105263157894736,18.31578947368421,10.105263157894736,6.2631578947368425,50.26315789473684,51.89473684210526,19
2026-08-15,m_4Y2JeT,5,t_3mLGSt,Newell's Old Boys,LOCAL,1.0,1.3,1.2,1.0,5.6,4.4,6.2,6.1,2.8,2.7,2.2,3.1,9.4,9.3,13.8,13.7,3.6,3.5,4.0,4.2,3.6,3.7,5.6,5.5,2.6,2.3333333333333335,1.6,1.8888888888888888,2.0,1.625,1.2,1.375,17.2,15.7,21.8,23.3,10.8,12.5,12.0,11.8,356.0,361.1,447.8,398.7,277.0,283.9,376.8,320.9,20.8,19.1,23.6,20.2,9.6,10.0,7.8,7.1,57.0,54.8,54.6,55.0,1.35,1.2,3.9,5.4,2.5,2.85,10.2,12.75,4.0,4.15,4.15,5.3,2.3684210526315788,2.0526315789473686,1.588235294117647,1.3529411764705883,17.25,21.7,13.15,13.05,336.1,363.3,257.6,284.8,17.95,19.05,10.0,6.55,50.5,52.3,20
2026-08-23,m_3yRTgE,6,t_3mLGSt,Newell's Old Boys,LOCAL,0.8,1.2,1.4,1.2,5.4,4.1,6.0,6.2,2.2,2.6,2.0,2.5,9.8,8.8,12.6,13.6,3.2,3.3,4.0,4.2,4.4,3.8,4.6,5.5,2.4,2.3333333333333335,1.8,2.111111111111111,2.0,1.5555555555555556,1.4,1.3333333333333333,17.2,15.1,18.6,22.5,11.6,12.8,12.4,11.5,337.6,346.9,435.4,414.3,254.8,264.5,358.8,334.2,21.0,19.5,22.4,20.3,10.4,9.9,8.2,7.7,56.0,55.3,57.6,56.7,1.2857142857142858,1.2380952380952381,3.857142857142857,5.428571428571429,2.4761904761904763,2.761904761904762,10.238095238095237,12.571428571428571,3.9523809523809526,4.095238095238095,4.238095238095238,5.190476190476191,2.3,2.05,1.5555555555555556,1.3333333333333333,17.333333333333332,20.952380952380953,13.285714285714286,13.0,331.4761904761905,367.1904761904762,251.61904761904762,287.57142857142856,17.952380952380953,19.047619047619047,9.952380952380953,6.619047619047619,50.857142857142854,52.95238095238095,21
2026-08-31,m_23XA3J,7,t_3mLGSt,Newell's Old Boys,VISITANTE,1.0,1.1,1.6,1.2,4.4,4.2,4.8,6.2,2.2,2.7,2.2,2.5,10.4,8.8,11.8,14.3,3.6,3.4,4.2,4.6,4.8,3.7,3.8,5.6,2.6,2.3333333333333335,1.6,2.2222222222222223,2.0,1.6666666666666667,1.0,1.4444444444444444,15.6,14.6,16.6,23.1,11.2,13.0,13.0,11.4,353.8,332.9,383.0,415.7,268.8,250.7,302.2,337.2,22.2,19.8,22.8,20.1,10.0,9.4,9.4,7.9,56.2,55.4,58.2,57.3,1.3181818181818181,1.2272727272727273,3.8181818181818183,5.318181818181818,2.409090909090909,2.772727272727273,10.409090909090908,12.590909090909092,4.045454545454546,4.181818181818182,4.318181818181818,5.136363636363637,2.380952380952381,2.0476190476190474,1.5789473684210527,1.3157894736842106,17.181818181818183,20.681818181818183,13.227272727272727,13.090909090909092,333.3636363636364,365.22727272727275,253.27272727272728,285.6363636363636,18.09090909090909,18.863636363636363,9.909090909090908,6.909090909090909,51.09090909090909,53.04545454545455,22
2026-09-06,m_0Ksq5j,8,t_3mLGSt,Newell's Old Boys,VISITANTE,1.0,1.1,1.4,1.2,4.0,4.1,4.6,6.5,1.8,2.4,2.0,2.4,11.8,9.2,14.2,15.4,3.8,3.5,5.0,5.1,5.8,4.1,4.8,5.9,3.0,2.3,2.4,2.5,2.4,1.7,1.8,1.8,16.2,15.1,18.4,24.5,12.8,12.2,12.6,11.5,331.8,328.3,414.8,442.8,247.4,243.7,331.0,363.0,19.2,20.0,21.8,20.9,9.0,9.5,9.0,8.2,56.0,56.2,56.4,57.1,1.2608695652173914,1.173913043478261,3.652173913043478,5.3478260869565215,2.347826086956522,2.6956521739130435,10.347826086956522,13.08695652173913,3.9565217391304346,4.3478260869565215,4.391304347826087,5.3478260869565215,2.3636363636363638,2.1818181818181817,1.6,1.5,16.869565217391305,21.304347826086957,13.304347826086957,12.956521739130435,333.5217391304348,373.82608695652175,252.6086956521739,293.3478260869565,18.043478260869566,19.130434782608695,9.91304347826087,6.956521739130435,51.30434782608695,53.21739130434783,23
2026-09-11,m_3tdQH8,9,t_3mLGSt,Newell's Old Boys,LOCAL,0.8,0.9,1.2,1.1,3.0,3.9,5.6,6.0,2.4,2.7,2.4,2.5,9.8,9.2,14.8,13.8,3.4,3.4,5.0,4.3,4.6,4.1,5.6,5.5,2.0,2.1,2.6,2.2,1.4,1.5,2.0,1.7,12.6,14.7,21.0,21.9,14.8,12.9,14.2,12.7,300.4,334.1,425.4,429.0,210.0,248.2,337.0,349.1,19.6,20.4,22.4,21.4,9.8,9.7,9.6,8.2,55.2,56.1,57.2,55.4,1.25,1.1666666666666667,3.5833333333333335,5.541666666666667,2.5,2.75,10.125,13.041666666666666,3.875,4.25,4.291666666666667,5.375,2.3043478260869565,2.130434782608696,1.5238095238095237,1.4761904761904763,16.416666666666668,21.583333333333332,13.625,13.25,329.875,372.125,248.79166666666666,291.2916666666667,18.416666666666668,19.166666666666668,10.041666666666666,6.958333333333333,51.291666666666664,53.0,24
2026-01-26,m_1BLvBV,1,t_3qkV0m,Sarmiento,VISITANTE,,,,,,,,,,,,,,,,,,,,,,,,,,,,,,,,,,,,,,,,,,,,,,,,,,,,,,,,,,,,,,,,,,,,,,,,,,,,,,,,,,,,,,,,,,,0
2026-01-30,m_2daQ30,2,t_3qkV0m,Sarmiento,LOCAL,1.0,1.0,0.0,0.0,9.0,9.0,2.0,2.0,3.0,3.0,6.0,6.0,24.0,24.0,2.0,2.0,11.0,11.0,1.0,1.0,10.0,10.0,0.0,0.0,2.0,2.0,0.0,0.0,2.0,2.0,0.0,0.0,26.0,26.0,8.0,8.0,8.0,8.0,21.0,21.0,421.0,421.0,183.0,183.0,353.0,353.0,109.0,109.0,17.0,17.0,17.0,17.0,9.0,9.0,4.0,4.0,54.0,54.0,47.0,47.0,1.0,0.0,9.0,2.0,3.0,6.0,24.0,2.0,11.0,1.0,10.0,0.0,2.0,0.0,2.0,0.0,26.0,8.0,8.0,21.0,421.0,183.0,353.0,109.0,17.0,17.0,9.0,4.0,54.0,47.0,1
2026-02-04,m_2PMEYZ,3,t_3qkV0m,Sarmiento,VISITANTE,1.0,1.0,0.0,0.0,9.0,9.0,2.0,2.0,3.5,3.5,4.0,4.0,23.5,23.5,5.5,5.5,10.0,10.0,1.5,1.5,7.0,7.0,3.0,3.0,2.5,2.5,0.5,0.5,2.0,2.0,0.5,0.5,24.0,24.0,10.5,10.5,11.0,11.0,19.5,19.5,402.5,402.5,212.5,212.5,328.0,328.0,135.5,135.5,13.5,13.5,13.5,13.5,11.0,11.0,6.5,6.5,43.5,43.5,41.0,41.0,1.0,0.0,9.0,2.0,3.5,4.0,23.5,5.5,10.0,1.5,7.0,3.0,2.5,0.5,2.0,0.5,24.0,10.5,11.0,19.5,402.5,212.5,328.0,135.5,13.5,13.5,11.0,6.5,43.5,41.0,2
2026-02-08,m_4EpGKB,4,t_3qkV0m,Sarmiento,LOCAL,1.3333333333333333,1.3333333333333333,0.3333333333333333,0.3333333333333333,7.333333333333333,7.333333333333333,1.6666666666666667,1.6666666666666667,2.3333333333333335,2.3333333333333335,3.6666666666666665,3.6666666666666665,22.0,22.0,9.0,9.0,9.333333333333334,9.333333333333334,3.3333333333333335,3.3333333333333335,7.333333333333333,7.333333333333333,4.0,4.0,3.0,3.0,1.0,1.0,2.0,2.0,0.6666666666666666,0.6666666666666666,25.333333333333332,25.333333333333332,13.666666666666666,13.666666666666666,10.666666666666666,10.666666666666666,16.333333333333332,16.333333333333332,361.0,361.0,275.3333333333333,275.3333333333333,282.0,282.0,193.33333333333334,193.33333333333334,14.333333333333334,14.333333333333334,13.666666666666666,13.666666666666666,10.333333333333334,10.333333333333334,5.666666666666667,5.666666666666667,50.0,50.0,43.333333333333336,43.333333333333336,1.3333333333333333,0.3333333333333333,7.333333333333333,1.6666666666666667,2.3333333333333335,3.6666666666666665,22.0,9.0,9.333333333333334,3.3333333333333335,7.333333333333333,4.0,3.0,1.0,2.0,0.6666666666666666,25.333333333333332,13.666666666666666,10.666666666666666,16.333333333333332,361.0,275.3333333333333,282.0,193.33333333333334,14.333333333333334,13.666666666666666,10.333333333333334,5.666666666666667,50.0,43.333333333333336,3
2026-02-14,m_0cdzvY,5,t_3qkV0m,Sarmiento,VISITANTE,1.5,1.5,0.5,0.5,6.25,6.25,2.25,2.25,2.5,2.5,4.25,4.25,19.5,19.5,8.0,8.0,8.5,8.5,3.25,3.25,6.75,6.75,3.25,3.25,3.5,3.5,1.0,1.0,2.5,2.5,0.5,0.5,25.0,25.0,14.25,14.25,12.5,12.5,15.75,15.75,345.75,345.75,281.25,281.25,263.25,263.25,194.5,194.5,14.75,14.75,15.75,15.75,10.75,10.75,6.25,6.25,51.0,51.0,44.25,44.25,1.5,0.5,6.25,2.25,2.5,4.25,19.5,8.0,8.5,3.25,6.75,3.25,3.5,1.0,2.5,0.5,25.0,14.25,12.5,15.75,345.75,281.25,263.25,194.5,14.75,15.75,10.75,6.25,51.0,44.25,4
2026-02-20,m_2kYA49,6,t_3qkV0m,Sarmiento,VISITANTE,1.4,1.4,0.4,0.4,6.2,6.2,2.2,2.2,2.4,2.4,4.8,4.8,17.4,17.4,7.0,7.0,7.6,7.6,2.6,2.6,6.2,6.2,3.0,3.0,3.2,3.2,0.8,0.8,2.2,2.2,0.4,0.4,23.6,23.6,12.4,12.4,12.0,12.0,17.2,17.2,338.6,338.6,278.0,278.0,255.2,255.2,189.8,189.8,13.6,13.6,15.0,15.0,10.6,10.6,6.6,6.6,50.2,50.2,43.2,43.2,1.4,0.4,6.2,2.2,2.4,4.8,17.4,7.0,7.6,2.6,6.2,3.0,3.2,0.8,2.2,0.4,23.6,12.4,12.0,17.2,338.6,278.0,255.2,189.8,13.6,15.0,10.6,6.6,50.2,43.2,5
2026-02-26,m_0cS0mC,7,t_3qkV0m,Sarmiento,LOCAL,1.2,1.1666666666666667,0.6,0.5,5.2,5.833333333333333,2.6,2.5,2.6,2.6666666666666665,4.4,4.666666666666667,15.0,16.5,9.0,7.833333333333333,6.0,6.833333333333333,3.8,3.3333333333333335,5.0,5.833333333333333,4.0,3.3333333333333335,3.0,2.8333333333333335,1.0,0.8333333333333334,2.0,2.0,0.4,0.3333333333333333,23.0,23.5,14.0,13.0,12.0,11.333333333333334,15.8,16.666666666666668,332.2,347.0,296.2,277.3333333333333,247.6,265.1666666666667,207.6,191.16666666666666,13.2,13.833333333333334,15.0,15.333333333333334,10.2,10.0,7.0,6.5,48.4,49.333333333333336,44.2,44.666666666666664,1.1666666666666667,0.5,5.833333333333333,2.5,2.6666666666666665,4.666666666666667,16.5,7.833333333333333,6.833333333333333,3.3333333333333335,5.833333333333333,3.3333333333333335,2.8333333333333335,0.8333333333333334,2.0,0.3333333333333333,23.5,13.0,11.333333333333334,16.666666666666668,347.0,277.3333333333333,265.1666666666667,191.16666666666666,13.833333333333334,15.333333333333334,10.0,6.5,49.333333333333336,44.666666666666664,6
2026-03-03,m_3B5PeK,8,t_3qkV0m,Sarmiento,LOCAL,1.2,1.1428571428571428,1.2,0.8571428571428571,4.8,6.0,2.6,2.4285714285714284,2.6,2.857142857142857,4.8,4.571428571428571,13.2,16.142857142857142,10.4,9.0,5.4,6.714285714285714,5.0,4.0,5.2,5.714285714285714,3.8,3.5714285714285716,3.0,2.857142857142857,1.2,1.0,2.0,2.0,0.4,0.42857142857142855,24.0,24.0,16.0,14.428571428571429,12.0,11.714285714285714,15.6,16.714285714285715,345.6,361.85714285714283,303.0,277.14285714285717,260.0,279.42857142857144,207.6,187.0,13.4,13.428571428571429,19.6,17.857142857142858,10.6,10.714285714285714,7.2,7.0,54.6,51.42857142857143,48.4,46.285714285714285,1.1428571428571428,0.8571428571428571,6.0,2.4285714285714284,2.857142857142857,4.571428571428571,16.142857142857142,9.0,6.714285714285714,4.0,5.714285714285714,3.5714285714285716,2.857142857142857,1.0,2.0,0.42857142857142855,24.0,14.428571428571429,11.714285714285714,16.714285714285715,361.85714285714283,277.14285714285717,279.42857142857144,187.0,13.428571428571429,17.857142857142858,10.714285714285714,7.0,51.42857142857143,46.285714285714285,7
2026-03-11,m_1vnmx3,10,t_3qkV0m,Sarmiento,LOCAL,1.0,1.125,1.0,0.75,5.2,6.0,4.0,3.125,3.4,3.0,4.6,4.25,11.8,15.625,9.2,9.125,4.4,6.25,4.0,3.75,4.4,5.5,4.0,4.0,2.4,2.625,1.0,1.0,1.6,1.75,0.4,0.5,22.2,23.375,16.0,15.125,13.6,12.5,16.0,16.125,359.6,360.125,284.2,280.875,273.0,276.375,187.2,189.5,13.4,13.75,21.8,18.75,10.2,10.25,8.2,7.25,51.6,51.0,46.8,45.5,1.125,0.75,6.0,3.125,3.0,4.25,15.625,9.125,6.25,3.75,5.5,4.0,2.625,1.0,1.75,0.5,23.375,15.125,12.5,16.125,360.125,280.875,276.375,189.5,13.75,18.75,10.25,7.25,51.0,45.5,8
2026-03-15,m_1fJ2Fa,11,t_3qkV0m,Sarmiento,VISITANTE,0.6,1.0,0.8,0.6666666666666666,5.2,5.666666666666667,4.0,3.2222222222222223,3.2,2.888888888888889,4.2,4.222222222222222,11.0,14.777777777777779,10.0,9.11111111111111,3.8,5.888888888888889,4.4,3.888888888888889,4.0,5.222222222222222,4.6,4.0,1.6,2.4444444444444446,0.8,0.8888888888888888,1.0,1.6666666666666667,0.4,0.4444444444444444,18.8,21.555555555555557,15.2,14.777777777777779,11.6,12.0,16.0,15.88888888888889,367.0,357.55555555555554,287.0,284.44444444444446,281.2,273.22222222222223,192.8,193.55555555555554,13.4,14.0,20.6,18.444444444444443,10.2,10.444444444444445,8.6,7.555555555555555,48.2,49.44444444444444,46.4,45.44444444444444,1.0,0.6666666666666666,5.666666666666667,3.2222222222222223,2.888888888888889,4.222222222222222,14.777777777777779,9.11111111111111,5.888888888888889,3.888888888888889,5.222222222222222,4.0,2.4444444444444446,0.8888888888888888,1.6666666666666667,0.4444444444444444,21.555555555555557,14.777777777777779,12.0,15.88888888888889,357.55555555555554,284.44444444444446,273.22222222222223,193.55555555555554,14.0,18.444444444444443,10.444444444444445,7.555555555555555,49.44444444444444,45.44444444444444,9
2026-03-22,m_49lsqf,12,t_3qkV0m,Sarmiento,LOCAL,0.8,1.1,0.8,0.6,6.0,6.1,4.0,3.1,3.0,2.7,3.8,4.3,16.0,16.7,9.8,8.4,5.4,6.5,4.6,3.6,5.4,5.8,4.2,3.6,2.8,3.0,0.8,0.8,2.2,2.2,0.4,0.4,21.0,22.3,16.0,14.2,11.8,11.9,14.4,15.8,443.4,391.0,271.2,274.6,359.4,307.3,179.6,184.7,13.8,13.7,21.4,18.2,8.8,9.7,9.8,8.2,47.6,48.9,46.8,45.0,1.1,0.6,6.1,3.1,2.7,4.3,16.7,8.4,6.5,3.6,5.8,3.6,3.0,0.8,2.2,0.4,22.3,14.2,11.9,15.8,391.0,274.6,307.3,184.7,13.7,18.2,9.7,8.2,48.9,45.0,10
2026-04-02,m_03csNA,13,t_3qkV0m,Sarmiento,VISITANTE,1.2,1.2,0.6,0.6,6.2,5.7,4.6,3.6,2.8,2.7,3.6,4.0,15.6,15.3,9.8,9.4,5.6,5.8,3.6,3.7,5.4,5.2,4.6,4.3,3.0,3.0,0.6,0.8,2.5,2.2222222222222223,0.5,0.4444444444444444,20.8,21.9,18.0,16.0,11.8,11.9,13.2,14.5,421.4,376.8,292.6,294.4,335.4,291.5,199.4,203.5,12.8,13.0,20.6,17.8,8.6,9.4,9.6,8.3,46.0,47.2,45.2,44.7,1.1818181818181819,0.5454545454545454,6.0,3.4545454545454546,2.727272727272727,4.181818181818182,16.09090909090909,8.727272727272727,6.2727272727272725,3.4545454545454546,5.636363636363637,3.909090909090909,2.909090909090909,0.7272727272727273,2.2,0.4,22.272727272727273,15.272727272727273,11.545454545454545,15.090909090909092,380.8181818181818,284.27272727272725,297.09090909090907,194.9090909090909,13.363636363636363,17.727272727272727,9.363636363636363,7.909090909090909,47.81818181818182,44.90909090909091,11
2026-04-13,m_4DcYBn,14,t_3qkV0m,Sarmiento,LOCAL,1.2,1.2,0.4,0.8,5.8,5.3,4.4,3.5,2.0,2.3,3.4,4.1,15.6,14.4,9.2,9.8,5.0,5.2,2.6,3.8,6.0,5.6,5.2,4.5,2.8,2.9,0.8,1.0,2.25,2.111111111111111,0.75,0.5555555555555556,19.4,21.7,17.6,16.8,11.4,11.7,12.6,14.1,415.6,380.6,335.4,319.2,333.4,296.7,249.8,228.7,13.4,13.4,17.8,18.7,7.0,8.8,8.2,7.7,43.2,48.9,42.8,45.6,1.1666666666666667,0.6666666666666666,5.916666666666667,3.25,2.5,4.083333333333333,15.916666666666666,9.083333333333334,6.0,3.4166666666666665,5.833333333333333,4.25,2.8333333333333335,0.9166666666666666,2.090909090909091,0.5454545454545454,22.083333333333332,15.75,11.583333333333334,15.0,384.25,301.4166666666667,301.9166666666667,213.16666666666666,13.416666666666666,17.833333333333332,9.166666666666666,7.5,48.0,44.833333333333336,12
2026-04-19,m_2AINHd,15,t_3qkV0m,Sarmiento,VISITANTE,1.2,1.1,0.8,0.9,5.2,5.2,4.2,4.1,1.8,2.6,3.6,4.1,15.4,13.6,10.6,9.9,5.0,4.7,3.6,3.8,6.6,5.5,4.8,4.4,3.0,2.7,1.2,1.1,2.5,2.0,1.0,0.6666666666666666,18.2,20.2,18.0,17.0,11.2,12.4,12.6,14.3,407.4,383.5,354.6,319.4,325.2,299.1,270.2,228.7,13.2,13.3,15.2,18.5,7.0,8.6,8.2,8.2,43.0,47.3,44.8,45.8,1.1538461538461537,0.7692307692307693,5.6923076923076925,3.5384615384615383,2.5384615384615383,4.0,15.538461538461538,9.692307692307692,5.769230769230769,3.6923076923076925,5.923076923076923,4.3076923076923075,2.769230769230769,1.0769230769230769,2.0,0.6666666666666666,21.384615384615383,16.23076923076923,12.0,14.76923076923077,378.3076923076923,309.2307692307692,295.15384615384613,220.53846153846155,13.538461538461538,17.384615384615383,9.0,7.615384615384615,47.92307692307692,45.23076923076923,13
2026-04-25,m_19Px84,16,t_3qkV0m,Sarmiento,LOCAL,1.4,1.0,1.2,1.0,5.2,5.2,4.2,4.1,1.4,2.3,3.0,3.6,14.8,12.9,13.2,11.6,4.6,4.2,3.8,4.1,6.8,5.4,5.2,4.9,2.8,2.2,2.0,1.4,2.25,1.5555555555555556,1.5,0.8888888888888888,18.4,18.6,21.2,18.2,11.8,11.7,11.8,13.9,397.0,382.0,392.4,339.7,315.8,298.5,309.8,251.3,14.0,13.7,16.6,18.6,7.8,9.0,8.2,8.4,45.6,46.9,47.2,46.8,1.1428571428571428,0.8571428571428571,5.5,3.5714285714285716,2.357142857142857,3.7857142857142856,14.785714285714286,10.571428571428571,5.428571428571429,3.857142857142857,5.785714285714286,4.428571428571429,2.5714285714285716,1.2857142857142858,1.8461538461538463,0.7692307692307693,20.428571428571427,17.071428571428573,11.928571428571429,14.428571428571429,371.64285714285717,323.0,288.42857142857144,235.07142857142858,14.0,17.785714285714285,9.5,7.785714285714286,48.07142857142857,46.07142857142857,14
2026-05-03,m_2RNEop,9,t_3qkV0m,Sarmiento,VISITANTE,1.2,1.0,1.2,1.0,3.8,4.9,5.0,4.5,2.0,2.5,3.0,3.4,10.0,13.0,15.8,12.8,3.0,4.2,4.0,4.3,5.6,5.5,7.2,5.7,1.6,2.2,2.0,1.4,0.75,1.5555555555555556,1.5,0.8888888888888888,15.4,18.2,22.4,19.2,11.8,11.8,11.8,13.1,327.8,385.6,429.6,350.4,239.0,299.2,341.6,260.6,14.4,14.1,15.8,18.6,9.2,9.0,8.2,9.0,47.6,47.6,48.0,47.4,1.1333333333333333,0.8,5.333333333333333,3.7333333333333334,2.466666666666667,3.8666666666666667,14.466666666666667,10.866666666666667,5.333333333333333,3.7333333333333334,5.733333333333333,4.8,2.533333333333333,1.2,1.7857142857142858,0.7142857142857143,20.0,16.933333333333334,11.866666666666667,14.466666666666667,369.93333333333334,326.26666666666665,284.53333333333336,237.0,13.933333333333334,17.4,9.533333333333333,8.2,48.46666666666667,46.0,15
2026-07-23,m_3bFbbT,1,t_3qkV0m,Sarmiento,LOCAL,1.6,1.4,1.2,0.9,3.4,4.8,4.0,4.3,1.6,2.2,2.6,3.1,10.4,13.0,14.6,12.2,3.4,4.5,4.2,3.9,5.8,5.6,6.2,5.4,2.2,2.6,2.4,1.5,1.0,1.6666666666666667,1.6,1.1111111111111112,15.2,18.0,20.4,19.2,11.8,11.8,11.8,12.5,344.8,383.1,419.4,356.0,254.6,295.0,330.4,264.9,17.8,15.3,17.0,18.8,10.4,9.5,9.2,9.4,50.4,48.2,47.2,46.2,1.3125,0.75,5.1875,3.625,2.375,3.6875,14.3125,10.5625,5.375,3.6875,5.6875,4.625,2.6875,1.25,1.8,0.8,20.0625,16.875,11.625,14.0625,369.5625,326.5,283.8125,237.25,14.75,17.5,9.6875,8.3125,48.625,45.625,16
2026-07-28,m_0U4Xso,2,t_3qkV0m,Sarmiento,VISITANTE,1.8,1.5,1.4,0.9,3.8,4.8,4.2,4.3,2.2,2.1,3.2,3.3,10.0,12.8,14.6,11.9,3.4,4.2,4.6,3.6,5.2,5.6,5.2,5.2,2.4,2.6,2.2,1.5,1.0,1.5555555555555556,1.2,1.0,13.4,16.4,21.2,19.4,12.4,11.9,11.8,12.2,331.4,373.5,414.6,375.0,236.2,284.8,325.6,287.7,19.0,16.2,15.8,16.8,11.4,9.2,10.6,9.4,52.6,47.9,51.0,46.9,1.3529411764705883,0.8823529411764706,5.294117647058823,3.5294117647058822,2.411764705882353,3.823529411764706,14.176470588235293,10.705882352941176,5.235294117647059,3.764705882352941,5.647058823529412,4.529411764705882,2.7058823529411766,1.2941176470588236,1.75,0.75,19.529411764705884,17.352941176470587,11.823529411764707,14.058823529411764,368.70588235294116,334.70588235294116,282.5882352941176,246.23529411764707,15.058823529411764,17.235294117647058,9.823529411764707,8.411764705882353,49.35294117647059,46.64705882352941,17
2026-08-08,m_0YDAap,4,t_3qkV0m,Sarmiento,VISITANTE,2.2,1.7,1.4,1.1,4.0,4.6,3.6,3.9,1.6,1.7,2.8,3.2,11.2,13.3,13.8,12.2,4.4,4.7,4.2,3.9,5.4,6.0,5.0,4.9,2.6,2.8,2.4,1.8,1.0,1.6666666666666667,1.2,1.1111111111111112,15.8,17.0,22.0,20.0,11.2,11.2,11.4,12.0,321.4,364.4,418.0,386.3,230.6,277.9,329.8,300.0,21.4,17.3,18.0,16.6,12.2,9.6,11.2,9.7,54.4,48.7,50.4,47.6,1.4444444444444444,0.9444444444444444,5.222222222222222,3.5555555555555554,2.2777777777777777,3.6666666666666665,14.333333333333334,10.833333333333334,5.388888888888889,3.8333333333333335,5.777777777777778,4.5,2.7222222222222223,1.4444444444444444,1.7058823529411764,0.8235294117647058,19.833333333333332,17.833333333333332,11.777777777777779,13.833333333333334,362.5,339.44444444444446,277.22222222222223,250.88888888888889,15.722222222222221,17.555555555555557,9.88888888888889,8.61111111111111,49.72222222222222,46.666666666666664,18
2026-08-16,m_0VVZir,5,t_3qkV0m,Sarmiento,LOCAL,2.2,1.8,1.4,1.3,6.0,5.6,3.6,3.9,1.8,1.6,3.0,3.0,12.6,13.7,11.6,12.4,5.4,5.0,4.0,3.9,5.2,6.0,4.4,4.8,2.8,2.8,2.0,2.0,1.2,1.6666666666666667,1.0,1.2222222222222223,20.6,19.5,19.4,20.3,11.6,11.7,11.6,11.7,330.0,363.5,369.4,380.9,238.6,277.2,278.6,294.2,20.0,17.0,16.4,16.5,10.2,9.0,10.2,9.2,51.2,48.4,47.6,47.4,1.4210526315789473,1.0,5.631578947368421,3.5789473684210527,2.210526315789474,3.5789473684210527,14.210526315789474,10.842105263157896,5.421052631578948,3.8947368421052633,5.631578947368421,4.421052631578948,2.6315789473684212,1.4736842105263157,1.6666666666666667,0.8333333333333334,20.473684210526315,17.68421052631579,11.842105263157896,13.68421052631579,360.6842105263158,335.2105263157895,275.3157894736842,246.52631578947367,15.578947368421053,17.42105263157895,9.68421052631579,8.421052631578947,48.89473684210526,46.473684210526315,19
2026-08-23,m_3xzvfD,6,t_3qkV0m,Sarmiento,LOCAL,2.4,1.8,1.4,1.3,7.2,5.5,3.2,4.1,1.4,1.7,2.8,2.9,14.2,12.1,10.6,13.2,5.6,4.3,3.6,3.8,6.0,5.8,3.6,5.4,2.8,2.2,2.0,2.0,1.25,1.0,1.25,1.375,22.4,18.9,18.0,20.2,12.2,12.0,11.8,11.8,298.8,313.3,382.8,406.2,212.8,225.9,297.0,319.3,20.8,17.6,16.8,16.3,10.2,9.7,8.2,8.2,49.6,48.6,47.4,47.7,1.45,0.95,5.8,3.6,2.2,3.6,14.4,10.8,5.4,3.7,5.8,4.5,2.6,1.4,1.6666666666666667,0.8333333333333334,20.6,17.2,11.95,13.8,352.15,340.4,266.6,252.0,15.65,17.25,9.7,8.2,48.75,46.35,20
2026-08-28,m_1bDP6c,7,t_3qkV0m,Sarmiento,VISITANTE,1.6,1.6,1.8,1.5,7.6,5.5,3.4,3.7,2.0,1.8,3.0,2.8,15.6,13.0,11.6,13.1,5.6,4.5,4.2,4.2,6.8,6.3,4.2,5.2,2.0,2.1,2.0,2.2,1.0,1.0,1.0,1.3333333333333333,23.2,19.2,18.0,19.2,12.4,12.1,13.6,12.7,342.4,343.6,352.4,385.9,261.0,257.8,269.6,300.0,18.0,17.9,16.4,16.7,8.4,9.4,7.4,8.3,48.6,49.5,48.2,47.7,1.380952380952381,1.0,5.761904761904762,3.5714285714285716,2.2857142857142856,3.5238095238095237,14.619047619047619,10.80952380952381,5.428571428571429,3.8095238095238093,5.9523809523809526,4.523809523809524,2.5238095238095237,1.4285714285714286,1.631578947368421,0.8421052631578947,20.80952380952381,17.142857142857142,11.80952380952381,13.952380952380953,363.0952380952381,332.6666666666667,278.3809523809524,244.95238095238096,15.523809523809524,17.238095238095237,9.380952380952381,8.095238095238095,48.61904761904762,46.23809523809524,21
2026-09-04,m_4fJmCv,8,t_3qkV0m,Sarmiento,VISITANTE,2.0,1.9,1.4,1.4,6.6,5.2,3.8,4.0,1.6,1.9,2.2,2.7,15.6,12.8,11.2,12.9,5.8,4.6,4.4,4.5,7.2,6.2,4.4,4.8,1.8,2.1,1.8,2.0,1.0,1.0,1.3333333333333333,1.25,23.6,18.5,15.4,18.3,11.4,11.9,13.0,12.4,338.6,335.0,326.4,370.5,257.6,246.9,242.4,284.0,19.2,19.1,16.6,16.2,9.6,10.5,7.8,9.2,47.4,50.0,45.2,48.1,1.5,1.0,5.590909090909091,3.590909090909091,2.227272727272727,3.4545454545454546,14.5,10.818181818181818,5.363636363636363,3.909090909090909,6.0,4.5,2.5,1.4090909090909092,1.631578947368421,0.8421052631578947,20.454545454545453,16.90909090909091,11.727272727272727,13.818181818181818,361.8636363636364,332.8181818181818,276.90909090909093,245.36363636363637,16.0,17.09090909090909,9.772727272727273,8.272727272727273,48.90909090909091,46.31818181818182,22
2026-09-13,m_0ZigWJ,9,t_3qkV0m,Sarmiento,LOCAL,1.4,1.8,1.4,1.4,8.6,6.3,3.2,3.4,2.0,1.8,2.0,2.4,15.8,13.5,11.0,12.4,4.8,4.6,4.2,4.2,7.2,6.3,4.8,4.9,1.4,2.0,1.6,2.0,1.0,1.0,1.3333333333333333,1.25,23.4,19.6,14.0,18.0,11.0,11.1,12.2,11.8,387.6,354.5,297.2,357.6,302.0,266.3,213.0,271.4,17.6,19.5,16.0,17.0,8.8,10.5,8.0,9.6,47.6,51.0,44.6,47.5,1.434782608695652,1.0434782608695652,5.956521739130435,3.4782608695652173,2.217391304347826,3.3043478260869565,14.652173913043478,10.869565217391305,5.260869565217392,3.9130434782608696,6.086956521739131,4.565217391304348,2.4347826086956523,1.4782608695652173,1.6,0.9,20.608695652173914,17.0,11.608695652173912,13.478260869565217,367.95652173913044,330.2608695652174,282.60869565217394,242.65217391304347,16.130434782608695,17.217391304347824,9.652173913043478,8.478260869565217,49.26086956521739,46.21739130434783,23
2026-01-24,m_1bOPPX,1,t_45vTPl,Atlético Tucumán,VISITANTE,,,,,,,,,,,,,,,,,,,,,,,,,,,,,,,,,,,,,,,,,,,,,,,,,,,,,,,,,,,,,,,,,,,,,,,,,,,,,,,,,,,,,,,,,,,0
2026-01-28,m_2XR10W,2,t_45vTPl,Atlético Tucumán,LOCAL,2.0,2.0,1.0,1.0,1.0,1.0,3.0,3.0,2.0,2.0,3.0,3.0,11.0,11.0,14.0,14.0,5.0,5.0,5.0,5.0,5.0,5.0,6.0,6.0,2.0,2.0,1.0,1.0,1.0,1.0,0.0,0.0,15.0,15.0,19.0,19.0,13.0,13.0,11.0,11.0,216.0,216.0,296.0,296.0,137.0,137.0,200.0,200.0,25.0,25.0,17.0,17.0,11.0,11.0,9.0,9.0,48.0,48.0,46.0,46.0,2.0,1.0,1.0,3.0,2.0,3.0,11.0,14.0,5.0,5.0,5.0,6.0,2.0,1.0,1.0,0.0,15.0,19.0,13.0,11.0,216.0,296.0,137.0,200.0,25.0,17.0,11.0,9.0,48.0,46.0,1
2026-02-01,m_3bjCVs,3,t_45vTPl,Atlético Tucumán,LOCAL,1.0,1.0,0.5,0.5,3.0,3.0,2.5,2.5,2.5,2.5,3.5,3.5,16.0,16.0,8.5,8.5,5.0,5.0,3.5,3.5,8.0,8.0,3.5,3.5,1.5,1.5,0.5,0.5,1.0,1.0,0.0,0.0,21.5,21.5,12.0,12.0,15.0,15.0,12.5,12.5,328.0,328.0,281.0,281.0,242.5,242.5,182.5,182.5,16.0,16.0,15.5,15.5,8.0,8.0,9.5,9.5,47.0,47.0,46.0,46.0,1.0,0.5,3.0,2.5,2.5,3.5,16.0,8.5,5.0,3.5,8.0,3.5,1.5,0.5,1.0,0.0,21.5,12.0,15.0,12.5,328.0,281.0,242.5,182.5,16.0,15.5,8.0,9.5,47.0,46.0,2
2026-02-08,m_4EpGKB,4,t_45vTPl,Atlético Tucumán,VISITANTE,1.0,1.0,0.6666666666666666,0.6666666666666666,3.6666666666666665,3.6666666666666665,3.6666666666666665,3.6666666666666665,3.0,3.0,3.0,3.0,13.666666666666666,13.666666666666666,9.333333333333334,9.333333333333334,3.6666666666666665,3.6666666666666665,3.6666666666666665,3.6666666666666665,7.0,7.0,4.0,4.0,1.3333333333333333,1.3333333333333333,1.3333333333333333,1.3333333333333333,0.6666666666666666,0.6666666666666666,0.6666666666666666,0.6666666666666666,22.666666666666668,22.666666666666668,14.666666666666666,14.666666666666666,15.0,15.0,11.333333333333334,11.333333333333334,329.0,329.0,282.6666666666667,282.6666666666667,237.33333333333334,237.33333333333334,184.33333333333334,184.33333333333334,16.666666666666668,16.666666666666668,18.0,18.0,8.333333333333334,8.333333333333334,8.333333333333334,8.333333333333334,44.0,44.0,43.666666666666664,43.666666666666664,1.0,0.6666666666666666,3.6666666666666665,3.6666666666666665,3.0,3.0,13.666666666666666,9.333333333333334,3.6666666666666665,3.6666666666666665,7.0,4.0,1.3333333333333333,1.3333333333333333,0.6666666666666666,0.6666666666666666,22.666666666666668,14.666666666666666,15.0,11.333333333333334,329.0,282.6666666666667,237.33333333333334,184.33333333333334,16.666666666666668,18.0,8.333333333333334,8.333333333333334,44.0,43.666666666666664,3
2026-02-15,m_37CuJS,5,t_45vTPl,Atlético Tucumán,LOCAL,1.0,1.0,1.0,1.0,3.75,3.75,3.5,3.5,3.75,3.75,3.0,3.0,11.5,11.5,10.0,10.0,3.5,3.5,4.25,4.25,5.5,5.5,4.25,4.25,1.25,1.25,2.25,2.25,0.5,0.5,1.5,1.5,21.0,21.0,17.0,17.0,14.75,14.75,13.0,13.0,321.5,321.5,287.0,287.0,227.5,227.5,190.0,190.0,18.0,18.0,17.5,17.5,8.25,8.25,9.25,9.25,44.75,44.75,46.25,46.25,1.0,1.0,3.75,3.5,3.75,3.0,11.5,10.0,3.5,4.25,5.5,4.25,1.25,2.25,0.5,1.5,21.0,17.0,14.75,13.0,321.5,287.0,227.5,190.0,18.0,17.5,8.25,9.25,44.75,46.25,4
2026-02-20,m_2MNUQn,6,t_45vTPl,Atlético Tucumán,VISITANTE,1.6,1.6,0.8,0.8,4.4,4.4,3.2,3.2,3.2,3.2,3.0,3.0,12.8,12.8,9.0,9.0,4.2,4.2,3.4,3.4,6.0,6.0,4.0,4.0,2.4,2.4,1.8,1.8,1.0,1.0,1.2,1.2,20.4,20.4,15.6,15.6,14.4,14.4,12.6,12.6,310.4,310.4,285.4,285.4,217.2,217.2,186.4,186.4,16.4,16.4,16.2,16.2,10.6,10.6,10.6,10.6,45.6,45.6,43.8,43.8,1.6,0.8,4.4,3.2,3.2,3.0,12.8,9.0,4.2,3.4,6.0,4.0,2.4,1.8,1.0,1.2,20.4,15.6,14.4,12.6,310.4,285.4,217.2,186.4,16.4,16.2,10.6,10.6,45.6,43.8,5
2026-02-25,m_4GDLN6,7,t_45vTPl,Atlético Tucumán,VISITANTE,1.6,1.6666666666666667,0.8,0.8333333333333334,5.0,4.333333333333333,3.0,3.0,2.8,2.6666666666666665,3.8,3.6666666666666665,13.6,13.166666666666666,7.6,8.666666666666666,3.8,4.0,2.6,3.0,6.2,6.0,3.6,4.0,2.6,2.5,2.0,1.8333333333333333,1.0,1.0,1.4,1.1666666666666667,22.4,21.166666666666668,14.2,15.0,13.6,13.5,13.2,12.833333333333334,347.0,325.1666666666667,270.2,274.5,248.2,229.66666666666666,172.4,177.0,16.2,17.666666666666668,15.4,15.666666666666666,10.6,10.666666666666666,10.8,10.5,46.0,46.333333333333336,43.2,43.666666666666664,1.6666666666666667,0.8333333333333334,4.333333333333333,3.0,2.6666666666666665,3.6666666666666665,13.166666666666666,8.666666666666666,4.0,3.0,6.0,4.0,2.5,1.8333333333333333,1.0,1.1666666666666667,21.166666666666668,15.0,13.5,12.833333333333334,325.1666666666667,274.5,229.66666666666666,177.0,17.666666666666668,15.666666666666666,10.666666666666666,10.5,46.333333333333336,43.666666666666664,6
2026-03-04,m_1DDmUV,8,t_45vTPl,Atlético Tucumán,LOCAL,1.8,1.5714285714285714,1.4,1.1428571428571428,5.0,4.428571428571429,2.6,2.5714285714285716,2.4,2.4285714285714284,3.6,3.5714285714285716,11.6,12.857142857142858,9.2,9.0,3.2,3.7142857142857144,3.0,3.142857142857143,5.2,6.0,4.2,4.0,2.6,2.2857142857142856,2.6,2.0,0.8,0.8571428571428571,1.6,1.1428571428571428,18.8,19.571428571428573,17.8,16.142857142857142,13.0,13.571428571428571,12.8,12.714285714285714,334.0,332.2857142857143,293.6,290.0,236.6,238.28571428571428,197.4,193.14285714285714,20.6,19.285714285714285,16.2,16.0,12.0,10.857142857142858,10.2,10.0,46.0,46.285714285714285,44.8,45.142857142857146,1.5714285714285714,1.1428571428571428,4.428571428571429,2.5714285714285716,2.4285714285714284,3.5714285714285716,12.857142857142858,9.0,3.7142857142857144,3.142857142857143,6.0,4.0,2.2857142857142856,2.0,0.8571428571428571,1.1428571428571428,19.571428571428573,16.142857142857142,13.571428571428571,12.714285714285714,332.2857142857143,290.0,238.28571428571428,193.14285714285714,19.285714285714285,16.0,10.857142857142858,10.0,46.285714285714285,45.142857142857146,7
2026-03-12,m_3yk8on,10,t_45vTPl,Atlético Tucumán,LOCAL,2.2,1.75,1.2,1.0,5.2,4.625,2.8,3.125,2.4,2.625,3.4,3.25,12.0,12.625,9.8,9.625,3.8,3.75,3.0,3.25,4.8,5.625,4.4,4.25,3.0,2.375,2.4,2.0,0.8,0.75,1.6,1.25,17.8,19.625,19.2,17.5,13.0,13.75,12.8,12.25,335.4,333.0,292.8,289.0,243.6,241.25,196.8,192.125,20.0,18.75,15.4,16.375,12.6,11.0,10.2,9.5,47.0,45.875,44.6,44.25,1.75,1.0,4.625,3.125,2.625,3.25,12.625,9.625,3.75,3.25,5.625,4.25,2.375,2.0,0.75,1.25,19.625,17.5,13.75,12.25,333.0,289.0,241.25,192.125,18.75,16.375,11.0,9.5,45.875,44.25,8
2026-03-16,m_0yVlJb,11,t_45vTPl,Atlético Tucumán,VISITANTE,2.2,1.6666666666666667,1.0,1.0,6.6,5.333333333333333,3.2,3.3333333333333335,1.8,2.6666666666666665,3.0,3.0,14.4,13.11111111111111,8.8,9.333333333333334,4.2,3.888888888888889,2.0,3.0,6.6,6.111111111111111,3.8,4.0,3.4,2.4444444444444446,1.6,1.8888888888888888,1.2,0.8888888888888888,0.8,1.1111111111111112,19.4,20.11111111111111,16.2,16.555555555555557,12.2,13.333333333333334,12.8,12.88888888888889,358.6,342.1111111111111,281.8,284.1111111111111,262.2,246.77777777777777,182.8,186.0,17.4,17.666666666666668,15.6,16.444444444444443,12.0,10.333333333333334,11.2,10.333333333333334,46.0,45.44444444444444,42.8,44.333333333333336,1.6666666666666667,1.0,5.333333333333333,3.3333333333333335,2.6666666666666665,3.0,13.11111111111111,9.333333333333334,3.888888888888889,3.0,6.111111111111111,4.0,2.4444444444444446,1.8888888888888888,0.8888888888888888,1.1111111111111112,20.11111111111111,16.555555555555557,13.333333333333334,12.88888888888889,342.1111111111111,284.1111111111111,246.77777777777777,186.0,17.666666666666668,16.444444444444443,10.333333333333334,10.333333333333334,45.44444444444444,44.333333333333336,9
2026-03-21,m_1c7isO,12,t_45vTPl,Atlético Tucumán,LOCAL,1.6,1.6,1.4,1.1,5.8,5.1,3.0,3.1,2.6,2.9,2.6,2.8,13.4,13.1,9.6,9.3,3.4,3.8,2.6,3.0,6.6,6.3,4.2,4.1,2.5,2.4444444444444446,2.0,1.8888888888888888,0.75,0.8888888888888888,1.0,1.1111111111111112,18.4,19.4,15.8,15.7,12.4,13.4,12.2,12.4,389.0,349.7,295.8,290.6,295.4,256.3,199.6,193.0,17.8,17.1,15.2,15.7,10.4,10.5,9.2,9.9,45.0,45.3,43.8,43.8,1.6,1.1,5.1,3.1,2.9,2.8,13.1,9.3,3.8,3.0,6.3,4.1,2.4444444444444446,1.8888888888888888,0.8888888888888888,1.1111111111111112,19.4,15.7,13.4,12.4,349.7,290.6,256.3,193.0,17.1,15.7,10.5,9.9,45.3,43.8,10
2026-04-05,m_0QgN6d,13,t_45vTPl,Atlético Tucumán,VISITANTE,1.4,1.5,1.2,1.0,6.2,5.6,3.4,3.2,3.0,2.9,2.4,3.1,13.6,13.6,10.2,8.9,3.2,3.5,2.6,2.6,7.2,6.7,4.2,3.9,2.0,2.3333333333333335,1.5,1.7777777777777777,0.6666666666666666,0.875,1.0,1.25,16.6,19.5,18.0,16.1,13.0,13.3,12.2,12.7,363.2,355.1,346.6,308.4,273.0,260.6,250.2,211.3,17.2,16.7,15.8,15.6,9.8,10.2,9.0,9.9,45.2,45.6,43.2,43.2,1.5454545454545454,1.0,5.181818181818182,3.1818181818181817,2.8181818181818183,3.090909090909091,13.363636363636363,9.363636363636363,3.6363636363636362,2.8181818181818183,6.545454545454546,4.090909090909091,2.3,1.7,0.8888888888888888,1.1111111111111112,19.09090909090909,16.363636363636363,13.272727272727273,12.545454545454545,342.45454545454544,307.27272727272725,249.36363636363637,210.27272727272728,17.454545454545453,15.727272727272727,10.272727272727273,9.818181818181818,45.81818181818182,43.45454545454545,11
2026-04-12,m_19b0Rn,14,t_45vTPl,Atlético Tucumán,LOCAL,1.4,1.6,1.0,1.2,6.4,5.7,4.4,3.5,3.0,2.7,2.4,3.0,14.8,13.2,11.6,10.4,3.6,3.4,3.4,3.2,7.6,6.4,5.2,4.7,2.75,2.6666666666666665,2.0,2.3333333333333335,1.6666666666666667,1.125,2.0,1.75,17.8,18.3,19.0,18.4,12.8,12.9,12.2,12.5,331.6,332.8,362.0,327.8,245.8,241.2,269.0,233.2,14.4,17.5,15.2,15.7,8.8,10.4,9.0,9.6,43.2,44.6,40.4,42.6,1.5,1.0833333333333333,5.25,3.3333333333333335,2.6666666666666665,3.0833333333333335,13.666666666666666,10.083333333333334,3.6666666666666665,3.25,6.666666666666667,4.5,2.4545454545454546,2.0,1.1,1.4,18.833333333333332,17.333333333333332,13.25,12.5,332.0,320.0,241.41666666666666,224.75,17.25,15.666666666666666,10.0,9.583333333333334,45.0,43.166666666666664,12
2026-04-19,m_0UgeFv,15,t_45vTPl,Atlético Tucumán,VISITANTE,0.8,1.5,1.0,1.1,6.2,5.7,3.6,3.2,2.4,2.4,2.4,2.9,14.0,13.0,11.2,10.5,3.0,3.4,3.4,3.2,7.8,6.3,5.0,4.7,2.25,2.6666666666666665,1.75,2.111111111111111,2.0,1.25,1.6666666666666667,1.625,16.6,17.2,17.2,18.2,12.4,12.7,12.4,12.6,332.2,333.8,378.8,335.8,240.6,242.1,283.8,240.3,15.4,17.7,16.2,15.8,8.2,10.4,9.0,9.6,45.2,46.1,42.8,43.7,1.3846153846153846,1.0,5.230769230769231,3.3076923076923075,2.5384615384615383,2.923076923076923,13.153846153846153,10.23076923076923,3.4615384615384617,3.3076923076923075,6.461538461538462,4.538461538461538,2.3333333333333335,1.9166666666666667,1.0909090909090908,1.3636363636363635,18.46153846153846,17.384615384615383,13.23076923076923,12.307692307692308,332.6923076923077,323.53846153846155,241.0,227.3846153846154,17.46153846153846,16.307692307692307,9.923076923076923,9.307692307692308,45.61538461538461,43.69230769230769,13
2026-04-26,m_2uyJMX,16,t_45vTPl,Atlético Tucumán,LOCAL,0.6,1.4,1.0,1.0,4.4,5.5,4.0,3.6,2.8,2.3,2.6,2.8,11.4,12.9,12.6,10.7,2.0,3.1,4.4,3.2,6.4,6.5,5.6,4.7,1.75,2.6666666666666665,1.75,1.6666666666666667,1.6666666666666667,1.375,1.6666666666666667,1.125,14.2,16.8,19.8,18.0,12.8,12.5,9.8,11.3,300.6,329.6,436.4,359.1,216.8,239.5,349.0,265.9,18.0,17.7,15.2,15.4,10.4,11.2,7.8,9.5,48.0,47.0,45.8,44.3,1.2857142857142858,1.0,5.0,3.5714285714285716,2.7142857142857144,2.857142857142857,12.5,10.5,3.2142857142857144,3.5,6.214285714285714,4.571428571428571,2.230769230769231,1.8461538461538463,1.0833333333333333,1.25,18.0,17.714285714285715,13.142857142857142,11.785714285714286,327.2857142857143,338.5,236.07142857142858,244.21428571428572,17.785714285714285,16.0,10.357142857142858,9.428571428571429,46.357142857142854,44.857142857142854,14
2026-05-03,m_29QdK5,9,t_45vTPl,Atlético Tucumán,VISITANTE,0.6,1.1,0.8,1.1,4.2,5.0,4.4,3.7,2.6,2.6,2.4,2.5,10.8,12.1,14.0,11.8,1.8,2.6,5.2,3.9,5.8,6.2,5.6,4.9,1.8,2.111111111111111,2.2,2.111111111111111,1.5,1.125,2.0,1.5,14.0,16.2,22.4,19.1,12.4,12.4,12.0,12.1,286.4,337.7,444.2,370.0,195.8,245.6,356.4,278.0,19.8,18.8,18.0,16.6,9.8,10.1,10.0,9.6,51.0,48.0,52.0,47.9,1.2666666666666666,1.0,4.8,3.533333333333333,2.8,2.6666666666666665,12.333333333333334,10.866666666666667,3.1333333333333333,3.7333333333333334,6.133333333333334,4.6,2.2142857142857144,2.0,1.0769230769230769,1.3846153846153846,17.6,17.933333333333334,13.066666666666666,12.266666666666667,328.6,341.8,236.13333333333333,247.46666666666667,18.0,16.466666666666665,10.266666666666667,9.933333333333334,47.2,46.53333333333333,15
2026-07-26,m_38l4Ru,1,t_45vTPl,Atlético Tucumán,LOCAL,0.6,1.0,0.8,1.0,3.2,4.7,4.8,4.1,2.6,2.8,1.6,2.0,8.6,11.1,15.8,13.0,2.0,2.6,6.0,4.3,4.2,5.7,6.4,5.3,2.0,2.0,3.4,2.5555555555555554,1.4,1.125,2.8,2.125,13.0,14.8,24.4,21.2,13.2,13.1,10.4,11.3,276.4,319.8,490.0,418.3,184.6,228.8,401.6,325.9,22.6,19.9,19.2,17.5,10.4,10.1,9.8,9.4,52.4,48.8,55.4,49.3,1.25,0.9375,4.5625,3.6875,2.75,2.625,11.875,11.375,3.125,3.8125,5.8125,4.8125,2.2,2.2666666666666666,1.0714285714285714,1.7142857142857142,17.1875,18.875,13.25,11.875,321.8125,364.375,229.125,270.0625,19.0625,16.8125,10.3125,9.8125,47.875,47.1875,16
2026-07-31,m_4Qe3bh,2,t_45vTPl,Atlético Tucumán,VISITANTE,0.4,0.9,0.4,0.7,2.8,4.6,5.0,4.7,2.6,2.8,1.4,1.9,6.2,10.5,14.0,12.8,1.4,2.5,5.0,4.2,3.0,5.3,5.4,5.3,1.5,2.125,3.0,2.5,1.0,1.2857142857142858,2.5,2.2857142857142856,11.2,14.5,24.6,21.8,13.2,13.0,11.0,11.6,279.4,305.5,469.8,415.9,185.4,215.6,381.0,325.0,23.8,19.1,18.6,16.9,11.8,10.3,10.2,9.6,52.8,48.0,55.0,47.7,1.1764705882352942,0.8823529411764706,4.529411764705882,3.823529411764706,2.6470588235294117,2.588235294117647,11.470588235294118,11.235294117647058,3.0,3.764705882352941,5.588235294117647,4.764705882352941,2.2,2.2666666666666666,1.0714285714285714,1.7142857142857142,16.58823529411765,19.470588235294116,13.235294117647058,12.058823529411764,316.52941176470586,364.05882352941177,224.94117647058823,270.70588235294116,19.176470588235293,16.529411764705884,10.529411764705882,9.764705882352942,47.294117647058826,46.64705882352941,17
2026-08-04,m_0KKvFY,3,t_45vTPl,Atlético Tucumán,VISITANTE,0.4,0.6,0.8,0.9,2.6,4.4,5.0,4.3,2.6,2.5,1.4,1.9,6.8,10.4,13.2,12.2,1.4,2.2,4.8,4.1,3.2,5.5,5.0,5.0,1.25,1.75,3.25,2.5,0.75,1.2857142857142858,2.5,2.142857142857143,10.4,13.5,23.0,20.1,12.6,12.5,11.6,12.0,314.6,323.4,471.4,425.1,222.4,231.5,386.0,334.9,23.2,19.3,17.0,16.6,11.2,9.7,10.8,9.9,54.0,49.6,56.2,49.5,1.1111111111111112,0.9444444444444444,4.5,3.7777777777777777,2.5555555555555554,2.5,11.38888888888889,11.055555555555555,2.888888888888889,3.7222222222222223,5.555555555555555,4.666666666666667,2.0625,2.25,1.0,1.6666666666666667,16.22222222222222,18.944444444444443,13.055555555555555,12.11111111111111,327.6666666666667,364.6111111111111,235.83333333333334,271.44444444444446,19.055555555555557,16.5,10.277777777777779,9.722222222222221,47.94444444444444,47.166666666666664,18
2026-08-08,m_0YDAap,4,t_45vTPl,Atlético Tucumán,LOCAL,0.4,0.5,0.6,0.8,3.4,3.9,4.4,4.2,2.2,2.5,1.4,2.0,9.2,10.3,13.6,13.1,2.0,2.0,3.8,4.1,4.2,5.3,6.4,6.0,1.0,1.375,3.25,2.5,0.5,1.0,2.75,2.2857142857142856,12.6,13.4,22.0,20.9,12.6,12.7,11.4,10.6,321.4,311.0,474.8,455.6,232.2,224.5,387.4,368.2,21.2,19.6,21.4,18.3,10.2,10.3,11.6,9.7,55.4,51.7,55.8,50.8,1.0526315789473684,0.8947368421052632,4.578947368421052,3.789473684210526,2.5789473684210527,2.473684210526316,11.631578947368421,11.31578947368421,2.8947368421052633,3.5789473684210527,5.684210526315789,5.052631578947368,1.9411764705882353,2.176470588235294,0.9375,1.625,16.57894736842105,18.842105263157894,13.0,11.68421052631579,325.7368421052632,374.36842105263156,235.05263157894737,281.89473684210526,18.68421052631579,17.42105263157895,10.31578947368421,10.0,48.73684210526316,47.73684210526316,19
2026-08-17,m_17RFeg,5,t_45vTPl,Atlético Tucumán,VISITANTE,0.6,0.6,0.6,0.7,3.8,4.0,6.4,5.4,1.8,2.2,1.6,2.0,9.4,10.1,12.8,13.4,2.6,2.2,3.6,4.4,3.8,4.8,6.0,5.8,1.0,1.4444444444444444,2.5,2.3333333333333335,0.5,1.0,2.25,2.125,13.2,13.6,24.2,23.3,12.4,12.4,10.2,11.1,303.8,295.1,462.8,453.5,218.4,207.1,377.0,366.7,20.0,19.9,19.4,18.7,9.4,9.6,9.4,9.7,52.2,51.6,48.6,50.3,1.1,0.9,4.55,4.25,2.55,2.4,11.6,11.35,3.0,3.7,5.55,4.95,1.9444444444444444,2.111111111111111,0.9411764705882353,1.588235294117647,16.5,19.5,12.9,11.75,322.4,372.05,231.7,279.85,18.5,17.2,10.05,9.8,48.45,47.05,20
2026-08-22,m_4Vv4zW,6,t_45vTPl,Atlético Tucumán,LOCAL,0.4,0.5,0.8,0.8,4.4,3.8,6.4,5.6,1.6,2.1,2.0,1.8,10.8,9.7,10.8,13.3,2.2,2.1,3.2,4.6,4.8,4.5,5.4,5.9,0.5,1.3333333333333333,1.25,2.4444444444444446,0.3333333333333333,1.0,1.0,2.125,13.4,13.2,21.4,22.9,11.6,12.4,12.0,11.2,329.0,302.7,392.6,441.3,244.2,214.4,308.0,354.8,19.6,21.1,20.0,19.6,10.6,10.5,9.8,9.8,50.8,51.6,49.4,52.4,1.0476190476190477,0.9047619047619048,4.523809523809524,4.333333333333333,2.4761904761904763,2.4761904761904763,11.619047619047619,11.238095238095237,2.9047619047619047,3.6666666666666665,5.571428571428571,4.9523809523809526,1.8421052631578947,2.0526315789473686,0.9411764705882353,1.588235294117647,16.285714285714285,19.476190476190474,12.857142857142858,11.904761904761905,323.5238095238095,371.0952380952381,232.71428571428572,279.0952380952381,19.19047619047619,17.571428571428573,10.380952380952381,9.80952380952381,48.57142857142857,47.714285714285715,21
2026-08-30,m_02m9E0,7,t_45vTPl,Atlético Tucumán,LOCAL,0.4,0.4,0.8,0.6,5.4,4.1,5.6,5.3,2.0,2.3,2.0,1.7,12.2,9.2,10.6,12.3,2.6,2.0,3.2,4.1,5.2,4.1,5.2,5.3,0.6,1.0,1.2,2.0,0.5,0.75,1.0,1.75,15.0,13.1,18.4,21.5,10.6,11.9,9.6,10.3,361.2,320.3,416.8,443.3,271.4,228.4,327.0,354.0,20.0,21.9,23.0,20.8,11.0,11.4,9.6,9.9,56.0,54.4,52.8,53.9,1.0,0.8636363636363636,4.7272727272727275,4.2272727272727275,2.5,2.4545454545454546,11.636363636363637,11.090909090909092,2.909090909090909,3.6363636363636362,5.5,4.863636363636363,1.8,2.0,0.9444444444444444,1.5555555555555556,16.227272727272727,19.227272727272727,12.636363636363637,11.5,326.6818181818182,376.04545454545456,235.5,283.5,19.363636363636363,18.0,10.636363636363637,9.727272727272727,49.27272727272727,48.04545454545455,22
2026-09-07,m_3Sp87a,8,t_45vTPl,Atlético Tucumán,VISITANTE,0.4,0.4,0.4,0.6,5.2,3.9,6.4,5.7,2.4,2.5,2.0,1.7,12.2,9.5,12.2,12.7,3.0,2.2,3.0,3.9,5.0,4.1,6.0,5.5,1.0,1.1111111111111112,1.2,2.111111111111111,1.0,0.875,1.25,1.875,18.2,14.3,20.2,21.6,10.2,11.4,9.4,10.5,366.6,340.6,403.4,437.4,277.6,250.0,314.6,350.3,20.4,21.8,24.4,20.7,10.4,10.8,10.0,10.4,54.2,54.1,54.0,55.1,0.9565217391304348,0.8260869565217391,4.6521739130434785,4.3478260869565215,2.5217391304347827,2.391304347826087,11.565217391304348,11.304347826086957,2.9130434782608696,3.5652173913043477,5.434782608695652,4.956521739130435,1.8095238095238095,2.0,1.0,1.5789473684210527,16.652173913043477,19.217391304347824,12.434782608695652,11.521739130434783,336.1304347826087,373.04347826086956,244.91304347826087,280.82608695652175,19.347826086956523,18.217391304347824,10.304347826086957,9.782608695652174,49.30434782608695,48.65217391304348,23
2026-09-12,m_3TfyzU,9,t_45vTPl,Atlético Tucumán,LOCAL,0.8,0.6,0.6,0.6,4.6,4.0,6.2,5.3,2.0,2.1,2.0,1.7,11.4,10.3,12.8,13.2,3.6,2.8,3.6,3.7,4.0,4.1,5.4,5.9,1.4,1.2222222222222223,1.2,2.111111111111111,1.25,0.875,1.0,1.875,16.6,14.6,23.4,22.7,10.2,11.4,10.2,10.8,355.4,338.4,431.0,452.9,258.4,245.3,338.8,363.1,21.6,21.4,20.6,21.0,10.6,10.4,9.0,10.3,51.2,53.3,52.6,54.2,1.0,0.8333333333333334,4.583333333333333,4.291666666666667,2.4583333333333335,2.375,11.583333333333334,11.625,3.0416666666666665,3.5833333333333335,5.333333333333333,5.125,1.8181818181818181,1.9545454545454546,1.0,1.5,16.583333333333332,19.791666666666668,12.416666666666666,11.375,331.9166666666667,386.1666666666667,239.91666666666666,293.75,19.291666666666668,18.083333333333332,10.375,9.791666666666666,49.25,48.75,24
2026-09-21,m_0bU15M,Clausura - Round 10,t_45vTPl,Atlético Tucumán,VISITANTE,0.8,0.7,0.6,0.6,4.8,4.3,3.8,5.1,2.0,1.9,2.2,1.9,12.8,11.1,11.4,12.1,3.6,3.1,2.6,3.1,4.8,4.3,5.4,5.7,1.2,1.1111111111111112,1.4,1.8888888888888888,1.25,0.875,1.0,1.625,22.2,17.7,18.4,21.3,9.4,10.9,9.0,9.6,452.6,378.2,413.6,438.2,356.6,287.5,319.4,348.2,22.4,21.2,22.0,20.7,11.2,10.3,10.8,10.1,53.8,53.0,56.8,52.7,1.04,0.84,4.6,4.16,2.44,2.36,11.84,11.36,3.12,3.48,5.4,5.04,1.7826086956521738,1.9565217391304348,1.0,1.4761904761904763,17.64,19.28,12.2,11.2,348.44,380.36,256.68,287.76,19.28,18.16,10.28,10.0,49.52,49.0,25
2026-10-03,m_2ZYJzm,Clausura - Round 11,t_45vTPl,Atlético Tucumán,LOCAL,0.8,0.6,0.6,0.7,5.2,4.8,3.2,4.8,1.8,1.7,1.6,1.8,13.0,11.9,12.2,11.5,3.6,2.9,2.6,2.9,5.4,5.1,5.8,5.6,1.4,1.0,2.0,1.6666666666666667,1.2,0.875,1.6,1.375,23.0,18.2,18.6,20.0,9.2,10.4,8.0,10.0,439.0,384.0,422.6,407.6,338.6,291.4,325.8,316.9,21.2,20.4,21.6,20.8,9.6,10.1,10.6,10.2,54.6,52.7,55.8,52.6,1.0,0.8461538461538461,4.653846153846154,4.115384615384615,2.3461538461538463,2.3076923076923075,11.884615384615385,11.423076923076923,3.0384615384615383,3.4615384615384617,5.538461538461538,5.115384615384615,1.75,2.0416666666666665,1.0,1.5909090909090908,17.576923076923077,19.307692307692307,12.153846153846153,11.153846153846153,345.7307692307692,381.0,253.07692307692307,288.0769230769231,19.576923076923077,18.346153846153847,10.23076923076923,9.961538461538462,49.73076923076923,49.26923076923077,26
